player_id,market_value_in_eur
4338,0
539442,0
58579,0
361914,0
355641,0
388042,0
31115,0
644401,0
469958,0
364633,0
172116,0
156779,0
332137,0
308133,0
195781,0
417818,0
126412,0
249161,0
216464,0
153033,0
522791,0
374578,0
355611,0
743517,0
696630,0
202834,0
49640,0
454574,0
370522,0
671682,0
15952,0
564126,0
85902,0
917778,0
524081,0
735788,0
536476,0
236785,0
945021,0
86614,0
282483,0
307277,0
225339,0
571467,0
447216,0
644408,0
361575,0
201696,0
461629,0
345748,0
256488,0
207771,0
1046648,0
386154,0
385635,0
692713,0
3947,0
358727,0
39996,0
598979,0
453845,0
303406,0
431912,0
469669,0
597512,0
285036,0
941589,0
77395,0
285957,0
688881,0
332046,0
213846,0
610335,0
842764,0
808348,0
1054931,0
104397,0
335473,0
357073,0
13938,0
191407,0
629020,0
135111,0
38960,0
395086,0
457092,0
918836,0
612748,0
1004741,0
240157,0
47048,0
36423,0
426011,0
412938,0
653415,0
9604,0
74040,0
605923,0
334998,0
434682,0
380350,0
53231,0
505324,0
256689,0
76274,0
273004,0
1572,0
20306,0
42989,0
190719,0
911400,0
810096,0
45513,0
369278,0
117793,0
504073,0
76090,0
658531,0
417228,0
699501,0
98356,0
379979,0
47217,0
975138,0
73319,0
252636,0
97541,0
607201,0
4311,0
23403,0
176182,0
647831,0
18894,0
213605,0
81650,0
124502,0
287631,0
69906,0
575209,0
94570,0
307301,0
319165,0
536533,0
450714,0
202831,0
690222,0
143039,0
679050,0
99691,0
435214,0
661208,0
273547,0
671145,0
121032,0
17386,0
231906,0
1070645,0
245029,0
16760,0
405620,0
44832,0
717413,0
285634,0
293998,0
1241219,0
390688,0
587179,0
536472,0
704711,0
244764,0
1072028,0
320220,0
475407,0
160380,0
200782,0
633228,0
695229,0
291981,0
47609,0
1189254,0
566823,0
34978,0
241251,0
183780,0
589737,0
441216,0
471004,0
6968,0
424021,0
412948,0
26065,0
419061,0
206421,0
597290,0
504855,0
445434,0
335209,0
601454,0
314463,0
457184,0
362291,0
69445,0
301571,0
402058,0
1145504,0
34809,0
28728,0
176406,0
332554,0
15888,0
848083,0
254254,0
422287,0
349389,0
715384,0
331508,0
312712,0
55366,0
258520,0
22490,0
358650,0
238986,0
908952,0
490307,0
409116,0
238988,0
275385,0
30699,0
224852,0
365544,0
5461,0
406614,0
123275,0
182962,0
672539,0
3914,0
412158,0
533902,0
289651,0
238720,0
477934,0
171072,0
189453,0
876715,0
54818,0
208516,0
338031,0
789091,0
737772,0
137154,0
77809,0
666547,0
345590,0
416802,0
26303,0
289225,0
349567,0
157508,0
731876,0
255916,0
307052,0
399383,0
746711,0
466910,0
223283,0
52895,0
214770,0
46179,0
88371,0
283223,0
3762,0
622625,0
986286,0
24984,0
72457,0
286373,0
440887,0
221992,0
119183,0
686597,0
676117,0
7102,0
135553,0
267732,0
59368,0
258911,0
281040,0
904917,0
588866,0
1198005,0
406556,0
232612,0
842479,0
49147,0
25389,0
34396,0
465003,0
73566,0
402463,0
122258,0
503865,0
255729,0
380433,0
383705,0
390548,0
305686,0
18537,0
549028,0
24081,0
1175838,0
320107,0
607225,0
339543,0
918365,0
396123,0
481680,0
342139,0
905961,0
539436,0
489463,0
634117,0
401920,0
196524,0
807386,0
193323,0
183152,0
399162,0
555154,0
869063,0
349300,0
804550,0
93405,0
69005,0
532732,0
426523,0
232668,0
37977,0
164500,0
22831,0
341501,0
85113,0
671734,0
611906,0
481173,0
193515,0
119104,0
641036,0
687560,0
685938,0
268713,0
547039,0
1024942,0
398398,0
395849,0
295360,0
1018801,0
524929,0
169416,0
38414,0
322718,0
383568,0
69801,0
167165,0
426179,0
37124,0
823584,0
3575,0
671665,0
926183,0
22594,0
152629,0
59440,0
601143,0
267473,0
186878,0
881250,0
439456,0
629531,0
86930,0
146164,0
409153,0
807688,0
292780,0
685819,0
666545,0
873981,0
58576,0
245228,0
18934,0
713632,0
355496,0
589374,0
215596,0
129038,0
77845,0
515744,0
47389,0
415679,0
593834,0
28868,0
159906,0
313944,0
338792,0
345473,0
21227,0
401913,0
85316,0
308371,0
112669,0
37731,0
315124,0
120991,0
289287,0
26485,0
599421,0
342016,0
215134,0
677820,0
751666,0
383046,0
123,0
552912,0
290770,0
5315,0
46156,0
521964,0
107582,0
503855,0
502289,0
211474,0
264576,0
357424,0
94305,0
57180,0
176311,0
590039,0
699980,0
23364,0
16922,0
393753,0
623325,0
64431,0
967523,0
15597,0
303248,0
72834,0
627205,0
809617,0
616369,0
37635,0
412041,0
679754,0
340394,0
96382,0
54177,0
72490,0
50587,0
450239,0
425808,0
76467,0
22724,0
240352,0
323954,0
140507,0
34785,0
278404,0
729266,0
715470,0
159079,0
95234,0
15049,0
483046,0
501775,0
1048392,0
411,0
85973,0
47785,0
411454,0
148231,0
623718,0
15650,0
133480,0
261963,0
302215,0
52956,0
3160,0
382500,0
14977,0
126421,0
67920,0
592498,0
10503,0
39825,0
864306,0
79967,0
38340,0
428104,0
920283,0
615036,0
151636,0
33931,0
751093,0
117586,0
282028,0
470802,0
60790,0
339332,0
596884,0
38346,0
64126,0
37517,0
480966,0
147151,0
480705,0
337716,0
236956,0
62144,0
101615,0
665541,0
358025,0
579206,0
66114,0
10250,0
229625,0
196948,0
767255,0
12589,0
39928,0
170516,0
157175,0
562049,0
481091,0
959399,0
905011,0
141654,0
87282,0
89318,0
114658,0
571607,0
395295,0
566832,0
971774,0
685131,0
486767,0
512175,0
340256,0
69576,0
427107,0
261494,0
1153105,0
388058,0
703820,0
57144,0
478365,0
213983,0
282726,0
805055,0
511534,0
90660,0
927369,0
448844,0
35562,0
119191,0
639712,0
167317,0
248349,0
610163,0
1001817,0
284346,0
205878,0
557,0
122695,0
25825,0
278496,0
503327,0
69581,0
69132,0
652636,0
415525,0
718123,0
620074,0
633442,0
23825,0
395706,0
85922,0
304762,0
383657,0
254036,0
196826,0
251680,0
55346,0
29023,0
672243,0
22139,0
36786,0
18502,0
49121,0
45865,0
131740,0
80073,0
344015,0
366143,0
343120,0
688714,0
430475,0
37058,0
170961,0
212325,0
443363,0
723614,0
391192,0
272699,0
100750,0
124888,0
314295,0
5285,0
433991,0
342712,0
337448,0
207048,0
122317,0
471691,0
747197,0
4267,0
43716,0
249619,0
112394,0
28463,0
186581,0
324796,0
46106,0
59248,0
537602,0
438913,0
935198,0
471055,0
717198,0
490888,0
258424,0
268167,0
33952,0
136514,0
60206,0
708410,0
126249,0
73222,0
495627,0
668184,0
198015,0
315859,0
260595,0
51454,0
16831,0
235360,0
71570,0
289802,0
129521,0
293731,0
40858,0
82610,0
73321,0
247672,0
535949,0
162632,0
187957,0
924466,0
267025,0
911424,0
970633,0
223917,0
415205,0
549069,0
171307,0
61751,0
480958,0
596122,0
381243,0
104277,0
53555,0
332204,0
383654,0
655461,0
192496,0
8206,0
340990,0
416487,0
876865,0
200855,0
724069,0
486477,0
740253,0
429983,0
35546,0
909254,0
264718,0
503485,0
336724,0
28850,0
266781,0
68004,0
141834,0
7978,0
610083,0
871193,0
460651,0
22149,0
293777,0
745173,0
578926,0
236414,0
25889,0
127987,0
911853,0
364405,0
183966,0
259748,0
25866,0
338628,0
216499,0
324377,0
808907,0
357958,0
293315,0
491960,0
541371,0
156799,0
59561,0
79089,0
164145,0
610429,0
58799,0
435019,0
409335,0
160471,0
312346,0
403690,0
139925,0
125314,0
282658,0
339560,0
51035,0
72772,0
122736,0
60594,0
821136,0
94167,0
297651,0
242716,0
33046,0
284730,0
44628,0
433177,0
113888,0
623040,0
137438,0
460059,0
72578,0
246335,0
1175501,0
652990,0
687743,0
870143,0
250042,0
338101,0
467486,0
370863,0
385255,0
606067,0
216214,0
776890,0
114493,0
278938,0
522831,0
391405,0
331505,0
607854,0
985349,0
70890,0
614258,0
56808,0
365565,0
227532,0
82743,0
114491,0
814525,0
59621,0
16993,0
45256,0
1004834,0
438001,0
47587,0
610431,0
311044,0
430910,0
484215,0
61857,0
510635,0
121577,0
537844,0
353212,0
416395,0
699306,0
526361,0
144545,0
12802,0
225693,0
40326,0
461567,0
316884,0
501609,0
468198,0
743599,0
463618,0
148585,0
896234,0
397950,0
257740,0
1067904,0
79501,0
328687,0
458581,0
815028,0
1067058,0
634427,0
52266,0
701979,0
6764,0
9975,0
537369,0
67082,0
255897,0
160986,0
223522,0
540056,0
847022,0
317179,0
97727,0
424784,0
271284,0
295008,0
708072,0
35075,0
225546,0
580030,0
32617,0
15275,0
399758,0
340151,0
262117,0
572051,0
78950,0
161046,0
203853,0
619461,0
678479,0
357453,0
9850,0
9688,0
86204,0
903693,0
1003546,0
667974,0
66638,0
35448,0
396324,0
324957,0
85935,0
522248,0
105502,0
110369,0
139943,0
126281,0
707229,0
358001,0
745446,0
62611,0
536480,0
213672,0
53437,0
50362,0
5399,0
314969,0
490852,0
52676,0
93081,0
25617,0
27729,0
3580,0
635645,0
291111,0
144143,0
640109,0
207487,0
324475,0
21780,0
371245,0
428603,0
581675,0
520815,0
125281,0
43886,0
202984,0
548729,0
821539,0
180358,0
436833,0
293324,0
281831,0
207074,0
282722,0
89718,0
621391,0
393621,0
291140,0
341110,0
263951,0
817789,0
981532,0
432694,0
1306851,0
98557,0
897424,0
229708,0
628079,0
7989,0
66008,0
96896,0
127349,0
127098,0
30834,0
564968,0
272587,0
71103,0
92044,0
358506,0
238185,0
170359,0
169006,0
192169,0
418219,0
332798,0
242673,0
288559,0
223032,0
460218,0
12610,0
18223,0
39983,0
236772,0
421046,0
524687,0
68440,0
314645,0
926602,0
10139,0
65060,0
186233,0
389989,0
23538,0
234163,0
462840,0
355603,0
319817,0
371936,0
203966,0
678546,0
596178,0
33848,0
89731,0
548347,0
918055,0
1031044,0
241804,0
192540,0
596446,0
384299,0
1120351,0
1056907,0
537595,0
397102,0
240196,0
887961,0
1428,0
696022,0
289432,0
4251,0
14542,0
79520,0
370704,0
567532,0
699592,0
57609,0
426509,0
127075,0
660867,0
443542,0
874538,0
280589,0
93315,0
144723,0
353634,0
379960,0
565913,0
168955,0
182557,0
796307,0
44709,0
77714,0
78716,0
520947,0
105470,0
155861,0
9644,0
136513,0
432111,0
618806,0
13493,0
287528,0
261060,0
123957,0
366834,0
112091,0
392538,0
402874,0
426158,0
246968,0
936842,0
104514,0
19715,0
117149,0
60312,0
171557,0
649022,0
202035,0
7093,0
455337,0
95364,0
399434,0
604359,0
312533,0
34593,0
1050248,0
59636,0
43411,0
255913,0
627097,0
362344,0
264848,0
533732,0
648779,0
36847,0
47375,0
709347,0
314362,0
208690,0
234044,0
34409,0
452326,0
137612,0
709966,0
85238,0
138512,0
91349,0
286005,0
46894,0
3235,0
487210,0
101913,0
200747,0
14262,0
50487,0
485582,0
340914,0
187532,0
423194,0
167491,0
196792,0
661427,0
748382,0
488298,0
248393,0
543529,0
268590,0
243827,0
24843,0
57935,0
644796,0
606907,0
131238,0
70209,0
36724,0
164534,0
111494,0
333361,0
323910,0
67856,0
329517,0
751989,0
447257,0
931841,0
51318,0
933017,0
338680,0
568617,0
875608,0
374081,0
82110,0
269866,0
675555,0
248763,0
153022,0
240355,0
6717,0
334238,0
425456,0
237316,0
486043,0
274694,0
335455,0
1054909,0
576314,0
93853,0
350644,0
66407,0
576729,0
129693,0
139352,0
316934,0
99993,0
1104114,0
193464,0
60838,0
18001,0
165405,0
28828,0
29835,0
436912,0
23284,0
24010,0
21972,0
82751,0
197170,0
877417,0
357119,0
112648,0
670717,0
77126,0
30333,0
548937,0
246267,0
238468,0
78818,0
40436,0
287633,0
897051,0
207006,0
101031,0
178313,0
22185,0
476624,0
170511,0
1003547,0
702443,0
54137,0
559130,0
419293,0
277167,0
420196,0
144694,0
243819,0
183166,0
666744,0
238585,0
289061,0
6457,0
31552,0
351751,0
363610,0
270051,0
274351,0
323874,0
573132,0
622521,0
471897,0
357162,0
663890,0
849390,0
616886,0
520060,0
221955,0
571827,0
284739,0
18091,0
573366,0
356195,0
229031,0
1035982,0
432085,0
802560,0
227367,0
474590,0
581890,0
862972,0
374040,0
149237,0
51824,0
41426,0
398809,0
89604,0
275273,0
24379,0
1031256,0
240226,0
451297,0
406625,0
700079,0
342013,0
422355,0
672803,0
34556,0
671738,0
257293,0
466367,0
393637,0
190786,0
392966,0
85873,0
872380,0
411295,0
378224,0
343870,0
147886,0
632088,0
22851,0
21459,0
96766,0
1100642,0
746838,0
290532,0
486456,0
685658,0
317806,0
1128702,0
34186,0
164561,0
505969,0
120966,0
681615,0
535955,0
702424,0
335441,0
9743,0
585013,0
15803,0
194641,0
466802,0
272617,0
129588,0
88257,0
569387,0
114728,0
187364,0
651206,0
201656,0
63606,0
461484,0
691825,0
66052,0
817665,0
207917,0
297198,0
738867,0
955358,0
105817,0
424330,0
67546,0
959241,0
140757,0
905997,0
127198,0
199316,0
417278,0
52337,0
450173,0
559801,0
68868,0
193885,0
119037,0
948548,0
340480,0
226151,0
150144,0
450724,0
90602,0
531824,0
477476,0
997472,0
188277,0
22972,0
174488,0
227110,0
863811,0
290761,0
393371,0
560956,0
147045,0
292808,0
256178,0
578920,0
334082,0
51661,0
64016,0
133668,0
80672,0
59375,0
256678,0
92046,0
649019,0
84845,0
1029207,0
356396,0
21515,0
57876,0
271891,0
400645,0
268178,0
308621,0
502821,0
52322,0
21700,0
208542,0
231471,0
545432,0
636092,0
288506,0
964036,0
129725,0
1198645,0
364133,0
3404,0
62945,0
138476,0
572878,0
635846,0
726018,0
131305,0
1139,0
499319,0
72567,0
182882,0
71725,0
175448,0
669793,0
273173,0
183510,0
408895,0
655912,0
84817,0
20941,0
469781,0
371861,0
271384,0
834487,0
340970,0
517284,0
110668,0
37227,0
73960,0
287931,0
226141,0
221630,0
983248,0
1083164,0
923129,0
146854,0
254358,0
241325,0
265573,0
9508,0
342267,0
805302,0
68443,0
249157,0
159024,0
205227,0
216804,0
110271,0
728597,0
56780,0
265077,0
562005,0
40412,0
278531,0
113198,0
939290,0
466801,0
423604,0
705810,0
280139,0
536512,0
45531,0
14950,0
21345,0
14879,0
54175,0
241902,0
33921,0
165339,0
185245,0
33829,0
964264,0
58829,0
83409,0
197791,0
236997,0
99235,0
7795,0
332142,0
396398,0
43907,0
538972,0
284740,0
294502,0
255440,0
392964,0
176439,0
931102,0
213595,0
394198,0
228791,0
487839,0
725352,0
25002,0
799900,0
669956,0
568158,0
122205,0
292528,0
159706,0
441987,0
282180,0
842815,0
244706,0
488873,0
227085,0
298635,0
543501,0
4531,0
174248,0
111184,0
564489,0
182916,0
48542,0
73417,0
1158515,0
171147,0
27992,0
81999,0
215096,0
61846,0
193469,0
195057,0
95261,0
164473,0
511550,0
159026,0
347100,0
497221,0
164108,0
42920,0
29392,0
241052,0
167800,0
982572,0
90222,0
521795,0
386571,0
7867,0
165873,0
939374,0
87052,0
557459,0
58088,0
548254,0
243225,0
106618,0
148358,0
744729,0
382528,0
365107,0
410897,0
630032,0
334441,0
250683,0
240074,0
242632,0
285847,0
18646,0
20843,0
184129,0
10121,0
636703,0
158795,0
264567,0
238486,0
512994,0
105506,0
25542,0
594069,0
412517,0
24237,0
392810,0
40975,0
26199,0
393240,0
538281,0
662810,0
726525,0
258923,0
593482,0
484454,0
569373,0
400485,0
41541,0
459821,0
463526,0
515058,0
564594,0
662145,0
199099,0
662752,0
544784,0
567497,0
240415,0
59253,0
614261,0
355336,0
340982,0
96472,0
478940,0
874950,0
41102,0
378482,0
440953,0
1094229,0
15595,0
242615,0
229826,0
19712,0
215091,0
292333,0
935046,0
817709,0
657124,0
240365,0
74996,0
533566,0
703685,0
45327,0
43858,0
418560,0
236400,0
383400,0
17220,0
823486,0
422947,0
359380,0
423909,0
465868,0
128898,0
873211,0
746908,0
1054402,0
229176,0
265153,0
525704,0
636229,0
264046,0
596098,0
684116,0
4058,0
792331,0
124701,0
554903,0
1088110,0
592360,0
416380,0
36637,0
190358,0
90970,0
489971,0
449385,0
90273,0
204073,0
125918,0
85000,0
111455,0
126956,0
17374,0
250358,0
620163,0
580277,0
682032,0
418651,0
813152,0
257813,0
55042,0
37397,0
431539,0
44778,0
503976,0
707063,0
1240467,0
255508,0
372015,0
9501,0
413220,0
707447,0
89480,0
315209,0
1030153,0
598379,0
3539,0
64363,0
160954,0
615731,0
456492,0
396441,0
122637,0
205646,0
81386,0
747016,0
57633,0
593774,0
23553,0
546213,0
720930,0
297765,0
341228,0
342393,0
14856,0
458586,0
217024,0
538633,0
383008,0
36785,0
835510,0
340447,0
416704,0
349443,0
15804,0
745191,0
329373,0
464068,0
361033,0
326336,0
648027,0
653877,0
73482,0
51311,0
585334,0
1074482,0
56372,0
148376,0
81192,0
619736,0
424121,0
369692,0
654253,0
85308,0
343491,0
466298,0
51529,0
90294,0
6301,0
37773,0
730893,0
84765,0
140957,0
156713,0
342967,0
1240255,0
25229,0
484987,0
91716,0
863829,0
371149,0
742297,0
242537,0
102679,0
44972,0
539183,0
658664,0
59059,0
806501,0
1098098,0
65542,0
596217,0
388026,0
158865,0
445256,0
192765,0
844637,0
78530,0
973826,0
315253,0
125291,0
65464,0
484992,0
702851,0
189053,0
290249,0
908236,0
1143810,0
532464,0
873252,0
183288,0
210158,0
44227,0
503765,0
579055,0
183436,0
51547,0
45685,0
34838,0
23141,0
538968,0
12895,0
15838,0
29391,0
869930,0
242528,0
243606,0
599978,0
303412,0
776303,0
958598,0
645180,0
662932,0
347019,0
145838,0
34285,0
27862,0
21726,0
129096,0
1233680,0
700119,0
76085,0
5947,0
666212,0
637469,0
379315,0
565016,0
699442,0
983989,0
451353,0
876660,0
526365,0
200653,0
9506,0
361537,0
79642,0
149540,0
339866,0
395522,0
110577,0
503997,0
36180,0
75489,0
129595,0
13249,0
111283,0
34787,0
105653,0
639281,0
287579,0
45639,0
13583,0
203532,0
186664,0
883498,0
244253,0
242199,0
505652,0
708784,0
365769,0
432671,0
13952,0
553229,0
15067,0
221321,0
732119,0
955357,0
55213,0
361256,0
320748,0
584247,0
267497,0
178933,0
296227,0
946276,0
154169,0
453864,0
606743,0
26574,0
240799,0
15075,0
92469,0
92845,0
666974,0
470596,0
51713,0
56853,0
314384,0
867107,0
623315,0
34097,0
948363,0
200525,0
291451,0
583046,0
575693,0
4746,0
122649,0
319231,0
163553,0
176072,0
694974,0
168041,0
541270,0
700106,0
345468,0
619911,0
12746,0
694509,0
147462,0
7825,0
160839,0
618472,0
230233,0
449151,0
514280,0
449722,0
606716,0
113747,0
31867,0
144779,0
486053,0
646707,0
1027071,0
630989,0
164837,0
1035767,0
122088,0
30263,0
213975,0
438306,0
336058,0
829392,0
56794,0
330699,0
1045245,0
292837,0
1048496,0
24401,0
306462,0
314253,0
354742,0
382529,0
176409,0
19061,0
668592,0
31776,0
682568,0
1201294,0
405689,0
164925,0
234643,0
158697,0
837283,0
743232,0
881299,0
315095,0
603416,0
175824,0
14881,0
80709,0
252345,0
59209,0
936571,0
967319,0
111508,0
696346,0
876263,0
656130,0
46073,0
92747,0
1193194,0
289583,0
196961,0
933897,0
28997,0
403204,0
581619,0
599589,0
238058,0
1108049,0
485959,0
48298,0
91915,0
265136,0
253206,0
324152,0
20394,0
195871,0
293298,0
229797,0
315568,0
1143808,0
59344,0
524860,0
787618,0
627183,0
156990,0
422764,0
62374,0
45305,0
616430,0
571604,0
50057,0
874734,0
86826,0
274828,0
46340,0
318219,0
354354,0
364234,0
257791,0
958649,0
976129,0
741229,0
81796,0
396284,0
164105,0
544794,0
187147,0
125769,0
603621,0
574670,0
181767,0
638971,0
905184,0
104752,0
499857,0
222905,0
353366,0
1005651,0
54935,0
22487,0
328264,0
900070,0
891869,0
936183,0
129604,0
264402,0
579205,0
106928,0
335646,0
596067,0
258004,0
605532,0
312181,0
631222,0
188077,0
674798,0
57376,0
347618,0
914319,0
819036,0
546176,0
60923,0
274571,0
251074,0
186260,0
980576,0
99637,0
248219,0
541020,0
189236,0
514120,0
389624,0
67416,0
7821,0
72165,0
391364,0
186368,0
62966,0
75441,0
30747,0
183170,0
1020704,0
203914,0
289507,0
402733,0
106405,0
58418,0
103310,0
476498,0
407356,0
918157,0
864112,0
95182,0
128909,0
70131,0
684253,0
383014,0
164693,0
68976,0
181773,0
358421,0
410443,0
270678,0
58813,0
151567,0
553772,0
107612,0
663254,0
165381,0
817698,0
31208,0
3881,0
91340,0
95272,0
203854,0
91885,0
355469,0
572891,0
429975,0
313399,0
419096,0
490423,0
58821,0
166608,0
726019,0
334371,0
957653,0
161869,0
466805,0
650809,0
548694,0
567118,0
150846,0
52513,0
82105,0
314947,0
700266,0
617673,0
31883,0
331207,0
564919,0
392276,0
195308,0
1028795,0
65072,0
256971,0
20007,0
13038,0
280239,0
342212,0
230744,0
16633,0
540678,0
731491,0
291383,0
188470,0
170238,0
77752,0
678606,0
93768,0
375955,0
651842,0
618087,0
894050,0
903223,0
698560,0
175596,0
127679,0
57021,0
131890,0
6986,0
345911,0
215592,0
35747,0
450108,0
56490,0
266209,0
101067,0
988532,0
20861,0
28862,0
77920,0
108830,0
179844,0
39710,0
20913,0
281704,0
303414,0
449351,0
55538,0
45623,0
134712,0
222014,0
503762,0
652270,0
700464,0
238998,0
533176,0
171730,0
36827,0
476079,0
746180,0
111438,0
192500,0
487836,0
124651,0
12654,0
190393,0
829819,0
139435,0
375881,0
57207,0
930983,0
172471,0
93056,0
335547,0
282428,0
435796,0
251452,0
859536,0
285868,0
817797,0
57510,0
690246,0
235732,0
42952,0
481640,0
627439,0
23097,0
857148,0
874764,0
997827,0
153440,0
88074,0
30338,0
20362,0
18829,0
354136,0
13957,0
26066,0
745075,0
206197,0
264014,0
407347,0
314959,0
69611,0
291065,0
94543,0
491391,0
346546,0
18947,0
471621,0
615302,0
420210,0
652461,0
402604,0
3525,0
1244432,0
121388,0
77147,0
467247,0
49655,0
52960,0
130963,0
138331,0
487835,0
536081,0
503323,0
203418,0
901082,0
514193,0
616283,0
867137,0
654872,0
569576,0
380554,0
2857,0
102186,0
275946,0
949111,0
1111147,0
346903,0
225744,0
289640,0
821113,0
292199,0
58939,0
29962,0
241700,0
81173,0
167556,0
197221,0
241162,0
41990,0
76158,0
262688,0
876710,0
311178,0
574934,0
408574,0
4763,0
405892,0
482179,0
199747,0
390695,0
234729,0
44760,0
198816,0
349944,0
951211,0
382571,0
863208,0
462329,0
240692,0
477930,0
238836,0
954167,0
810909,0
111667,0
47659,0
606277,0
164292,0
341300,0
163222,0
69653,0
1086619,0
100553,0
332612,0
330236,0
969525,0
424759,0
28307,0
1250868,0
583199,0
126552,0
1160121,0
3924,0
85543,0
49251,0
612130,0
400541,0
108537,0
435338,0
258898,0
652426,0
303265,0
607228,0
224164,0
207955,0
36262,0
42704,0
272960,0
296903,0
343537,0
748445,0
988712,0
395537,0
511169,0
561027,0
36075,0
898099,0
222838,0
948275,0
60632,0
346849,0
1391239,0
48512,0
23674,0
1062741,0
91465,0
522850,0
884820,0
130841,0
459873,0
640245,0
20980,0
828890,0
336268,0
170952,0
311739,0
364144,0
815346,0
28801,0
298587,0
653091,0
388545,0
796897,0
402363,0
310721,0
84150,0
532460,0
668950,0
213980,0
183793,0
249566,0
161255,0
135209,0
711628,0
221133,0
186383,0
145484,0
716810,0
514285,0
913669,0
47172,0
131275,0
166581,0
55000,0
44759,0
372713,0
45534,0
253738,0
223047,0
33709,0
22479,0
338424,0
264485,0
285858,0
250013,0
195679,0
9602,0
56798,0
42636,0
17328,0
369093,0
887638,0
312531,0
805149,0
506202,0
1213427,0
502449,0
203345,0
249271,0
203522,0
261780,0
624037,0
387198,0
662140,0
22741,0
900909,0
374220,0
9667,0
520839,0
934863,0
242681,0
718760,0
260677,0
432752,0
197580,0
601816,0
919173,0
539739,0
318521,0
256902,0
257805,0
95963,0
587107,0
414908,0
85949,0
533523,0
678441,0
531274,0
342253,0
398031,0
324282,0
34211,0
240244,0
709654,0
32522,0
530131,0
268697,0
66608,0
226965,0
874737,0
446302,0
336012,0
504825,0
59337,0
406604,0
96898,0
195778,0
553863,0
167889,0
104505,0
13616,0
43012,0
72164,0
215840,0
811791,0
277111,0
387105,0
610665,0
682562,0
631221,0
162038,0
626960,0
122116,0
549354,0
654414,0
462984,0
259988,0
814269,0
280387,0
355816,0
19356,0
387191,0
477932,0
623251,0
564453,0
558713,0
3176,0
40116,0
232600,0
337527,0
13501,0
12773,0
52117,0
775242,0
332705,0
61546,0
1367128,0
288340,0
770407,0
875117,0
227805,0
1019170,0
290615,0
13560,0
684315,0
398324,0
291520,0
60543,0
213973,0
590690,0
104249,0
565093,0
193680,0
742719,0
564545,0
144695,0
348522,0
166237,0
159288,0
131095,0
57816,0
471368,0
338297,0
73734,0
51960,0
69004,0
668277,0
391004,0
212232,0
429014,0
243293,0
288854,0
69646,0
613975,0
15715,0
590410,0
721511,0
507170,0
5281,0
1310513,0
148368,0
430487,0
214534,0
146795,0
170957,0
662703,0
57854,0
405676,0
743553,0
935049,0
432048,0
234802,0
833483,0
52811,0
343153,0
21690,0
93844,0
592473,0
67202,0
355104,0
112666,0
470739,0
113025,0
61869,0
895326,0
67832,0
622454,0
351540,0
324366,0
260100,0
136605,0
207302,0
136308,0
17880,0
274484,0
867426,0
358165,0
215902,0
13543,0
671801,0
534435,0
1035758,0
487688,0
169687,0
209574,0
376684,0
237665,0
432895,0
1059634,0
234787,0
532169,0
35939,0
992509,0
251587,0
385416,0
588114,0
524965,0
842597,0
73067,0
22635,0
546185,0
520073,0
399997,0
124384,0
804715,0
352840,0
490308,0
79607,0
284454,0
164771,0
57850,0
952174,0
123397,0
618801,0
967049,0
990670,0
340446,0
13460,0
124028,0
16617,0
198722,0
211317,0
82324,0
36658,0
889717,0
14342,0
288268,0
322770,0
398675,0
441477,0
381960,0
105379,0
898356,0
635336,0
90959,0
955360,0
253783,0
55237,0
127247,0
912111,0
315310,0
62064,0
527720,0
725356,0
20586,0
162101,0
497143,0
649023,0
315185,0
73986,0
326300,0
58001,0
193259,0
280635,0
615316,0
60444,0
227236,0
669306,0
104516,0
105565,0
211085,0
3170,0
56523,0
369081,0
584087,0
237623,0
507700,0
736034,0
473917,0
87546,0
911390,0
937917,0
157848,0
184299,0
776737,0
215336,0
435497,0
1028566,0
40456,0
39306,0
26591,0
25933,0
283067,0
240551,0
157501,0
257678,0
72857,0
394872,0
256207,0
712857,0
182894,0
336168,0
286168,0
929347,0
246197,0
59491,0
64104,0
43760,0
53847,0
241389,0
54470,0
977877,0
627750,0
291200,0
506965,0
347209,0
95142,0
534677,0
187047,0
605396,0
705063,0
176413,0
45007,0
240194,0
342255,0
45465,0
646353,0
566666,0
1066827,0
694498,0
27494,0
758845,0
357397,0
163216,0
77003,0
1041543,0
180823,0
858825,0
497176,0
654919,0
7923,0
14044,0
27453,0
363330,0
234850,0
723005,0
205006,0
554402,0
292749,0
152176,0
140461,0
252058,0
390942,0
367423,0
339814,0
775399,0
262636,0
724350,0
290534,0
97738,0
131978,0
287578,0
790918,0
566271,0
426680,0
50651,0
378866,0
653348,0
564700,0
167791,0
952943,0
876866,0
423614,0
1018201,0
384593,0
172674,0
15363,0
514514,0
244152,0
46286,0
93572,0
340427,0
399151,0
52089,0
94922,0
75420,0
27980,0
614603,0
181579,0
21333,0
834764,0
607113,0
627294,0
397486,0
339695,0
1072234,0
89516,0
16791,0
55854,0
321239,0
394903,0
396640,0
175972,0
128324,0
231354,0
37157,0
58093,0
295443,0
251829,0
936825,0
81512,0
409344,0
391497,0
248903,0
674692,0
12873,0
273951,0
386447,0
21447,0
347595,0
85208,0
25506,0
585950,0
678194,0
325992,0
295331,0
321169,0
703474,0
5889,0
27491,0
466452,0
393321,0
251885,0
589459,0
99106,0
408472,0
366446,0
16498,0
1017950,0
476836,0
365032,0
271371,0
76984,0
989621,0
283655,0
627924,0
332973,0
612869,0
392926,0
29213,0
296919,0
174229,0
484994,0
660000,0
415801,0
25414,0
804708,0
3266,0
738770,0
747598,0
539732,0
705337,0
13886,0
391005,0
866579,0
258482,0
198629,0
629587,0
147072,0
336125,0
683571,0
372801,0
13078,0
392156,0
186279,0
350073,0
85537,0
787300,0
258511,0
233750,0
554098,0
212923,0
3251,0
61779,0
3698,0
91527,0
157979,0
583913,0
262597,0
293746,0
475604,0
340879,0
340429,0
5881,0
705813,0
399553,0
34349,0
247555,0
253290,0
22627,0
443263,0
984959,0
260662,0
337090,0
195546,0
207590,0
44825,0
59322,0
284248,0
616489,0
463611,0
72939,0
112668,0
478573,0
869931,0
854325,0
148824,0
181136,0
409841,0
464378,0
673977,0
176553,0
58806,0
26741,0
83466,0
293502,0
396167,0
44294,0
384575,0
548348,0
668013,0
457237,0
255831,0
458405,0
460114,0
216815,0
187598,0
229768,0
829039,0
4408,0
37795,0
238950,0
418424,0
35413,0
34937,0
202886,0
66110,0
747045,0
934420,0
483453,0
884810,0
398971,0
13283,0
364635,0
39378,0
321528,0
433182,0
216598,0
514914,0
318523,0
12249,0
107958,0
783429,0
70789,0
289196,0
814453,0
124172,0
520064,0
567505,0
890272,0
994229,0
562030,0
226262,0
322915,0
855607,0
76281,0
143891,0
617872,0
340728,0
404684,0
668041,0
40428,0
262749,0
74812,0
58972,0
797679,0
448632,0
686825,0
114143,0
337699,0
360661,0
344649,0
1203143,0
398275,0
309487,0
1190578,0
7607,0
336303,0
175841,0
188157,0
345749,0
585264,0
51226,0
194549,0
164020,0
396681,0
283735,0
866177,0
342877,0
59641,0
288228,0
588744,0
711517,0
441994,0
432254,0
775394,0
56510,0
467250,0
287836,0
340700,0
64246,0
169905,0
290746,0
39083,0
340178,0
338811,0
600936,0
961053,0
622992,0
199383,0
105299,0
265132,0
527966,0
29258,0
775981,0
229798,0
268957,0
678402,0
834742,0
106643,0
281989,0
517300,0
105496,0
560694,0
204198,0
542690,0
344607,0
817607,0
575367,0
34991,0
574569,0
170979,0
176485,0
440653,0
55932,0
395512,0
672314,0
495489,0
77259,0
264423,0
293607,0
236981,0
543164,0
2138,0
28283,0
354741,0
293272,0
59372,0
696027,0
933908,0
5592,0
176463,0
32941,0
704335,0
21924,0
639148,0
4698,0
13919,0
606531,0
87469,0
5513,0
51321,0
143851,0
85270,0
293726,0
295393,0
289814,0
105362,0
7253,0
701322,0
588260,0
292281,0
282199,0
45666,0
107525,0
462837,0
270571,0
798043,0
121990,0
42466,0
295429,0
265504,0
128042,0
549566,0
9493,0
99254,0
267030,0
645880,0
253878,0
194620,0
319623,0
332041,0
85201,0
115989,0
720799,0
930189,0
295663,0
94757,0
898715,0
217728,0
829174,0
24429,0
37301,0
600481,0
706963,0
466794,0
227579,0
62705,0
56643,0
415918,0
407841,0
53077,0
30690,0
177952,0
110723,0
874109,0
829257,0
193257,0
75287,0
855890,0
539232,0
381962,0
108866,0
605444,0
646746,0
371256,0
256000,0
380423,0
280528,0
57866,0
191395,0
742803,0
14971,0
264748,0
127181,0
5576,0
208116,0
46185,0
566861,0
214771,0
490297,0
675102,0
878160,0
337387,0
8539,0
1068053,0
5404,0
79573,0
908621,0
345772,0
485732,0
237947,0
142281,0
354316,0
265879,0
627196,0
388188,0
690608,0
530673,0
20903,0
95707,0
24032,0
53071,0
326915,0
832057,0
21416,0
175323,0
22749,0
174852,0
596103,0
22995,0
84835,0
663985,0
139503,0
1025424,0
301949,0
228604,0
241231,0
573981,0
624151,0
398726,0
434676,0
830767,0
23817,0
128295,0
241160,0
121223,0
1127980,0
81778,0
396115,0
143622,0
635993,0
816580,0
111195,0
935457,0
76560,0
454331,0
68803,0
801005,0
110708,0
453096,0
262687,0
272694,0
481690,0
667991,0
391001,0
96853,0
5451,0
56331,0
85324,0
648195,0
638365,0
243096,0
395421,0
43847,0
306222,0
44993,0
52396,0
394127,0
154319,0
505548,0
719442,0
131790,0
3807,0
477799,0
120985,0
473170,0
88374,0
276380,0
594550,0
353275,0
44423,0
58816,0
257406,0
4793,0
198736,0
190900,0
247247,0
193957,0
59084,0
1105073,0
220441,0
168175,0
217016,0
203895,0
223977,0
184243,0
281755,0
789145,0
273945,0
198513,0
257321,0
1006409,0
918268,0
94137,0
580281,0
254903,0
40888,0
51892,0
425872,0
86848,0
58467,0
462380,0
661171,0
111051,0
278578,0
523913,0
3547,0
700424,0
516747,0
315236,0
820474,0
406776,0
276474,0
39010,0
216270,0
814811,0
596235,0
102984,0
59713,0
127197,0
159143,0
1423,0
331087,0
44361,0
108739,0
93393,0
63824,0
45168,0
250450,0
297230,0
91845,0
55692,0
286288,0
1306131,0
477924,0
160413,0
76386,0
44412,0
25550,0
819566,0
206912,0
183318,0
538481,0
635346,0
601451,0
685855,0
437566,0
332866,0
147518,0
588649,0
353129,0
58035,0
919918,0
128955,0
751988,0
14934,0
286000,0
258827,0
614082,0
111200,0
455014,0
729432,0
541282,0
131094,0
531712,0
503740,0
832969,0
615355,0
104590,0
580809,0
819798,0
433835,0
184397,0
418751,0
173589,0
62984,0
587906,0
370042,0
3466,0
322351,0
1067687,0
222148,0
72189,0
199976,0
743523,0
333355,0
352659,0
141658,0
335221,0
744074,0
94770,0
58933,0
49008,0
186639,0
982864,0
584062,0
586855,0
519993,0
409513,0
805714,0
623327,0
160670,0
839487,0
213841,0
442816,0
14523,0
297011,0
533399,0
581781,0
131323,0
660735,0
81897,0
308801,0
158049,0
238045,0
602156,0
179985,0
616898,0
98596,0
340453,0
294730,0
157626,0
438311,0
852727,0
241457,0
249565,0
344893,0
98888,0
375756,0
430482,0
1047586,0
540067,0
237291,0
122946,0
129893,0
1014338,0
705815,0
24810,0
72476,0
201625,0
42050,0
479643,0
780548,0
805889,0
475410,0
433976,0
49899,0
121279,0
1111912,0
193128,0
110797,0
163565,0
184262,0
120785,0
607227,0
372472,0
271490,0
533662,0
132414,0
267356,0
155202,0
592398,0
554175,0
34289,0
208819,0
180337,0
334042,0
8733,0
719652,0
43989,0
284763,0
197131,0
248755,0
25823,0
39094,0
438682,0
251664,0
113938,0
88683,0
61588,0
234029,0
633992,0
121254,0
9659,0
820374,0
84992,0
314371,0
340329,0
240063,0
187601,0
35529,0
44068,0
254708,0
104127,0
843931,0
282725,0
55508,0
328455,0
261738,0
286596,0
917015,0
128352,0
182468,0
22435,0
186393,0
36632,0
296879,0
323704,0
559806,0
288153,0
149265,0
399455,0
438310,0
369085,0
543380,0
25461,0
150711,0
911232,0
1267429,0
656701,0
205497,0
51046,0
713644,0
346918,0
296781,0
1069461,0
467616,0
129581,0
97335,0
160118,0
335996,0
430152,0
341396,0
453575,0
965929,0
514897,0
951298,0
464332,0
418557,0
39333,0
57016,0
895458,0
837284,0
316406,0
114735,0
70484,0
39799,0
3165,0
517967,0
243591,0
68902,0
170650,0
427100,0
514887,0
257456,0
174094,0
818929,0
17693,0
36661,0
40074,0
340309,0
609651,0
101954,0
629567,0
146096,0
581780,0
25727,0
1154991,0
59423,0
193950,0
573133,0
16576,0
56821,0
565420,0
708086,0
810205,0
46478,0
339445,0
366147,0
130369,0
429790,0
231873,0
460035,0
93651,0
579299,0
199749,0
132319,0
202659,0
197078,0
400489,0
443710,0
347253,0
220686,0
162942,0
48989,0
85277,0
32113,0
45921,0
162812,0
25942,0
50201,0
77708,0
187024,0
282465,0
225431,0
53871,0
775902,0
1159022,0
561613,0
396273,0
96788,0
149231,0
257814,0
134098,0
787151,0
46413,0
104962,0
81190,0
340205,0
316111,0
549039,0
104642,0
357967,0
226219,0
7161,0
260686,0
255984,0
36830,0
246579,0
357826,0
377434,0
743591,0
44058,0
182079,0
411211,0
257988,0
74943,0
44970,0
16902,0
249873,0
702561,0
211878,0
30584,0
146488,0
216240,0
20124,0
815888,0
542858,0
189839,0
274536,0
60889,0
552425,0
193898,0
89584,0
657385,0
13796,0
462833,0
385817,0
357047,0
364567,0
592336,0
189410,0
668596,0
129593,0
822457,0
524779,0
661322,0
168161,0
55421,0
181687,0
137610,0
834258,0
487465,0
55851,0
393604,0
401529,0
88648,0
386109,0
39033,0
22338,0
3753,0
470265,0
30700,0
1119447,0
814524,0
719681,0
191754,0
344595,0
147128,0
61998,0
53841,0
886,0
249636,0
1143806,0
265471,0
13426,0
295613,0
211796,0
349717,0
444833,0
67648,0
441213,0
138584,0
222642,0
268176,0
221561,0
706947,0
592491,0
74418,0
41063,0
113036,0
56216,0
221267,0
1004090,0
445926,0
576990,0
787776,0
7264,0
208596,0
238661,0
1025981,0
104725,0
794758,0
47737,0
95089,0
385593,0
393846,0
631472,0
257729,0
640692,0
4829,0
928726,0
347625,0
336307,0
22546,0
237092,0
394328,0
170604,0
113130,0
34758,0
369315,0
31090,0
707915,0
258272,0
40205,0
67823,0
948937,0
28815,0
285738,0
373714,0
429916,0
104495,0
140808,0
129078,0
104203,0
257461,0
206888,0
538773,0
523363,0
567495,0
260315,0
539435,0
291997,0
677187,0
203410,0
395653,0
191391,0
433824,0
309980,0
243679,0
851804,0
72518,0
136749,0
42631,0
82926,0
515073,0
390809,0
361101,0
166607,0
926849,0
251299,0
713252,0
1116038,0
586746,0
415970,0
289683,0
36212,0
25036,0
340264,0
56528,0
134277,0
448880,0
815539,0
592375,0
677311,0
179408,0
205054,0
497719,0
51504,0
818495,0
374924,0
346472,0
183233,0
109974,0
421773,0
293569,0
85291,0
25827,0
462285,0
258886,0
333684,0
379249,0
455234,0
207571,0
17422,0
59755,0
440491,0
443899,0
295622,0
142033,0
1144700,0
25690,0
728695,0
463600,0
53301,0
201455,0
669380,0
20587,0
61012,0
111433,0
16635,0
1048097,0
29260,0
54383,0
406973,0
1069960,0
527304,0
995045,0
72237,0
297189,0
628366,0
5544,0
257448,0
191556,0
83945,0
717415,0
226290,0
708169,0
172181,0
419325,0
223572,0
426192,0
795274,0
520469,0
333098,0
928832,0
269878,0
324512,0
650568,0
651269,0
110727,0
743390,0
548716,0
37430,0
308256,0
13572,0
457729,0
37337,0
345587,0
105776,0
168830,0
434110,0
574587,0
98249,0
55975,0
91549,0
680447,0
531273,0
131821,0
471148,0
206542,0
54846,0
476100,0
517705,0
358021,0
167817,0
48898,0
5868,0
180181,0
264406,0
556166,0
235234,0
362108,0
37413,0
646735,0
47594,0
268427,0
89597,0
543409,0
597587,0
289216,0
915849,0
626102,0
1184137,0
485584,0
295630,0
76131,0
252088,0
474838,0
45005,0
896546,0
811779,0
51225,0
526448,0
207827,0
480453,0
442248,0
129702,0
601321,0
242417,0
318224,0
719682,0
958647,0
237599,0
306143,0
988248,0
48974,0
983571,0
487829,0
3666,0
365758,0
203123,0
291927,0
38266,0
57943,0
78514,0
462250,0
537847,0
520857,0
981058,0
567445,0
1294048,0
964037,0
118302,0
36757,0
59349,0
997909,0
30306,0
123300,0
629777,0
128287,0
152776,0
237666,0
224078,0
4233,0
584092,0
107010,0
174733,0
605395,0
886260,0
290696,0
34160,0
102572,0
99047,0
989819,0
648812,0
17749,0
608739,0
90552,0
399844,0
709482,0
593378,0
196791,0
249256,0
351755,0
216179,0
206717,0
404839,0
281319,0
670688,0
373187,0
146227,0
931018,0
88750,0
379977,0
32860,0
917014,0
929876,0
358738,0
95431,0
254003,0
80462,0
382895,0
46252,0
393512,0
875581,0
336367,0
980242,0
292402,0
459945,0
33537,0
136746,0
351071,0
238230,0
252986,0
25633,0
667552,0
200194,0
425283,0
152963,0
607034,0
874066,0
504856,0
176618,0
530222,0
262682,0
583906,0
191399,0
342138,0
860255,0
49772,0
170424,0
950529,0
198047,0
204155,0
774067,0
462855,0
414680,0
621195,0
695646,0
70689,0
456184,0
620362,0
199337,0
58697,0
131257,0
117432,0
28037,0
298240,0
85312,0
467720,0
80205,0
655901,0
49734,0
200616,0
550443,0
60795,0
640395,0
724039,0
655139,0
525287,0
195622,0
74294,0
392331,0
147369,0
44982,0
282382,0
190168,0
396106,0
369319,0
415551,0
1028397,0
199902,0
450196,0
300129,0
19305,0
320825,0
127437,0
448782,0
146918,0
12029,0
287315,0
190513,0
232859,0
64248,0
7028,0
1055055,0
279869,0
319176,0
905228,0
540990,0
255703,0
84870,0
282820,0
156764,0
58568,0
311713,0
670988,0
282823,0
656172,0
610436,0
57895,0
107373,0
149724,0
436419,0
67570,0
191179,0
522788,0
44688,0
92472,0
354715,0
1059347,0
409515,0
251888,0
248936,0
462698,0
35537,0
390814,0
490384,0
447507,0
221075,0
548656,0
56436,0
47199,0
225158,0
863190,0
271506,0
326030,0
333014,0
182956,0
448783,0
18673,0
58267,0
342719,0
727136,0
69634,0
672202,0
704712,0
87162,0
403575,0
357161,0
129870,0
31610,0
343950,0
31821,0
153582,0
46056,0
209513,0
64371,0
944570,0
276586,0
494180,0
431132,0
255525,0
655173,0
649033,0
214459,0
149716,0
204152,0
241007,0
20854,0
98821,0
616893,0
227685,0
708635,0
31653,0
637271,0
430120,0
1003534,0
57727,0
501767,0
51736,0
51676,0
3913,0
195680,0
430034,0
236471,0
291241,0
22550,0
93689,0
78725,0
261504,0
422929,0
159720,0
281683,0
28336,0
40995,0
734424,0
138649,0
73731,0
110861,0
127144,0
93832,0
129200,0
76699,0
424709,0
138292,0
9956,0
262713,0
365261,0
184145,0
359796,0
585951,0
364206,0
399543,0
562058,0
272624,0
153754,0
373302,0
813458,0
495918,0
141704,0
13490,0
15676,0
536503,0
383571,0
220315,0
479640,0
455068,0
961054,0
273551,0
1037489,0
74306,0
245537,0
1009766,0
681497,0
163223,0
453597,0
5444,0
85825,0
140310,0
336974,0
323200,0
354495,0
182424,0
203773,0
659782,0
255451,0
538253,0
203405,0
66415,0
328770,0
844358,0
91801,0
591914,0
16600,0
55892,0
520454,0
652979,0
37388,0
121387,0
264646,0
929878,0
373985,0
783094,0
186790,0
206808,0
1043590,0
113052,0
137203,0
589128,0
307315,0
45082,0
5586,0
15647,0
273570,0
664809,0
56100,0
521611,0
257987,0
396746,0
631904,0
453306,0
319287,0
181763,0
654360,0
507344,0
376589,0
518261,0
458387,0
452896,0
291408,0
205179,0
522058,0
58944,0
362791,0
221958,0
331460,0
273869,0
358505,0
849865,0
347542,0
503685,0
442802,0
72934,0
646677,0
442942,0
404846,0
357658,0
125614,0
236986,0
182680,0
1110406,0
199793,0
611845,0
463845,0
5942,0
35512,0
322912,0
108709,0
116917,0
590841,0
646209,0
2950,0
520994,0
369283,0
857964,0
948253,0
502454,0
99137,0
261546,0
61936,0
236590,0
153454,0
103621,0
724134,0
130353,0
450427,0
696852,0
420330,0
13103,0
187976,0
670858,0
247400,0
263911,0
26200,0
26802,0
103110,0
952941,0
526164,0
642947,0
51474,0
385379,0
130360,0
331836,0
1072017,0
73738,0
165402,0
205503,0
289060,0
700076,0
58346,0
139395,0
227965,0
255641,0
57818,0
35416,0
716411,0
225591,0
288376,0
838947,0
501737,0
503212,0
204072,0
387143,0
889462,0
1175889,0
133829,0
333820,0
89215,0
289182,0
153108,0
926491,0
65331,0
58436,0
875638,0
17735,0
109314,0
483348,0
528454,0
433805,0
106196,0
649996,0
766723,0
192638,0
293002,0
118278,0
53436,0
381356,0
164451,0
356546,0
55879,0
38799,0
260846,0
71579,0
84979,0
39151,0
32779,0
122694,0
187211,0
47085,0
206053,0
746427,0
621150,0
340337,0
129930,0
687626,0
251107,0
830083,0
79294,0
531305,0
665113,0
34672,0
52524,0
132,0
49867,0
402925,0
164705,0
1086375,0
396823,0
561653,0
81421,0
301717,0
15185,0
78418,0
179478,0
203394,0
906891,0
731466,0
670987,0
187077,0
926003,0
537513,0
651551,0
97503,0
173802,0
104700,0
35805,0
125505,0
1178475,0
461258,0
364574,0
725577,0
490971,0
186557,0
388555,0
163219,0
52042,0
277009,0
371003,0
648541,0
7629,0
497808,0
37481,0
1145455,0
42934,0
68826,0
28348,0
43252,0
526469,0
399506,0
101277,0
37951,0
416168,0
210846,0
29091,0
60885,0
113797,0
495602,0
250543,0
904926,0
371307,0
598765,0
275512,0
183646,0
13315,0
353839,0
18929,0
168171,0
582698,0
279975,0
237226,0
355501,0
43261,0
131075,0
833340,0
69683,0
723008,0
379877,0
326589,0
110858,0
6404,0
929943,0
425031,0
921655,0
38383,0
3151,0
196722,0
995507,0
59383,0
170576,0
401935,0
2453,0
366931,0
208071,0
606447,0
49552,0
47024,0
449592,0
485392,0
12906,0
962145,0
425713,0
201427,0
675708,0
804776,0
720518,0
75209,0
962560,0
804661,0
699461,0
1014243,0
406736,0
38270,0
997903,0
567493,0
97159,0
223725,0
58008,0
272687,0
258374,0
107965,0
371142,0
1380311,0
297772,0
64635,0
31069,0
744149,0
490495,0
29412,0
708388,0
1156870,0
102043,0
192347,0
341298,0
58252,0
561452,0
1143805,0
709500,0
142310,0
528178,0
562060,0
188501,0
55972,0
295780,0
212432,0
204023,0
214631,0
661776,0
889155,0
365476,0
56809,0
537296,0
1112218,0
45596,0
268527,0
337873,0
240303,0
928612,0
1027993,0
449111,0
951697,0
202290,0
44996,0
668313,0
347271,0
290405,0
340459,0
284188,0
104267,0
862297,0
149614,0
98539,0
30546,0
1047557,0
690736,0
208584,0
869954,0
7881,0
9828,0
407367,0
475949,0
982575,0
17225,0
66333,0
912329,0
40028,0
321204,0
68405,0
341277,0
778540,0
452578,0
12804,0
934991,0
584493,0
365394,0
22176,0
729433,0
903666,0
452218,0
133372,0
1035199,0
268162,0
931185,0
172802,0
634023,0
86172,0
143223,0
388542,0
481689,0
199001,0
142419,0
1121109,0
510310,0
482105,0
169927,0
382686,0
287663,0
392761,0
37944,0
213555,0
537382,0
283239,0
170903,0
252005,0
182409,0
14558,0
423612,0
126540,0
386574,0
395083,0
58970,0
341549,0
638647,0
18918,0
624266,0
624132,0
655009,0
113707,0
265088,0
58016,0
216452,0
41609,0
1008564,0
140559,0
562255,0
374984,0
22318,0
158057,0
287254,0
14132,0
36200,0
331184,0
24856,0
3668,0
461600,0
263065,0
38780,0
1038055,0
147049,0
214579,0
770895,0
745846,0
17123,0
542596,0
18833,0
208172,0
96498,0
275682,0
812170,0
130819,0
731738,0
706797,0
140554,0
1017885,0
328733,0
435130,0
707804,0
394694,0
162946,0
334557,0
75223,0
885236,0
4188,0
707164,0
163600,0
78390,0
445616,0
46553,0
540271,0
14944,0
138055,0
185937,0
123520,0
717606,0
281773,0
387112,0
613725,0
193904,0
450218,0
268383,0
861248,0
231792,0
169696,0
425749,0
892053,0
124173,0
62065,0
637669,0
324223,0
126359,0
129358,0
326028,0
22102,0
12115,0
288245,0
144559,0
196793,0
21861,0
74590,0
349719,0
7631,0
93976,0
61715,0
671542,0
21370,0
37549,0
238536,0
808475,0
652638,0
890290,0
19636,0
93918,0
97093,0
898851,0
363654,0
815384,0
856274,0
183385,0
606967,0
342252,0
265209,0
16628,0
831591,0
293523,0
596240,0
530915,0
395519,0
171820,0
22555,0
392571,0
594227,0
2219,0
58810,0
394301,0
820661,0
136647,0
84260,0
182681,0
543771,0
51346,0
462738,0
98545,0
96457,0
25041,0
343273,0
1189253,0
79612,0
275352,0
718088,0
662208,0
268174,0
655463,0
211316,0
848755,0
345575,0
228042,0
535958,0
39637,0
168188,0
530258,0
124080,0
82693,0
60445,0
96630,0
24011,0
357898,0
284990,0
177350,0
752691,0
506009,0
523968,0
263217,0
747951,0
31123,0
989824,0
688019,0
344830,0
33210,0
210767,0
358870,0
555500,0
122559,0
675278,0
333227,0
639365,0
213847,0
334839,0
921995,0
418173,0
172168,0
227482,0
114398,0
48294,0
77655,0
272359,0
242758,0
375777,0
212931,0
5457,0
31007,0
44966,0
337092,0
469688,0
484989,0
480972,0
364261,0
525320,0
238981,0
550495,0
381833,0
308632,0
96813,0
94293,0
315287,0
79510,0
546343,0
623214,0
205976,0
1250976,0
568154,0
108710,0
446093,0
633655,0
393451,0
1072902,0
45912,0
241420,0
984846,0
399990,0
620107,0
129390,0
802557,0
231025,0
15743,0
174835,0
346018,0
266441,0
967948,0
216548,0
277112,0
342172,0
376106,0
164478,0
549815,0
654947,0
547533,0
189549,0
119544,0
1287735,0
166666,0
261357,0
933646,0
197919,0
415807,0
233789,0
820148,0
284754,0
324521,0
89542,0
124902,0
56026,0
174086,0
421765,0
24316,0
667563,0
293169,0
224691,0
857154,0
973703,0
117590,0
185465,0
107218,0
50143,0
623772,0
638649,0
53455,0
49069,0
199553,0
328965,0
935047,0
496996,0
158488,0
317034,0
392860,0
42796,0
54921,0
208244,0
373373,0
85349,0
448981,0
167811,0
93104,0
962555,0
283566,0
359210,0
567444,0
277782,0
38415,0
629572,0
790411,0
132098,0
509927,0
265087,0
68211,0
610417,0
57091,0
678778,0
247906,0
739076,0
598975,0
473871,0
550550,0
160376,0
352041,0
182108,0
563419,0
379168,0
59823,0
766583,0
95990,0
21829,0
23292,0
553056,0
222813,0
345105,0
414015,0
68711,0
655893,0
265586,0
352918,0
271611,0
107667,0
84751,0
796726,0
118292,0
236952,0
376227,0
58301,0
657742,0
748341,0
1108203,0
423197,0
337809,0
209240,0
133089,0
222571,0
74687,0
196787,0
59800,0
93751,0
96798,0
64385,0
21488,0
501249,0
156965,0
20778,0
6150,0
506941,0
496870,0
80,0
419996,0
424071,0
392881,0
26099,0
412933,0
58405,0
34768,0
449086,0
40429,0
859182,0
104837,0
713787,0
295845,0
555137,0
85484,0
61865,0
318413,0
393801,0
568696,0
700753,0
41125,0
451310,0
520651,0
415271,0
705991,0
237473,0
320273,0
243702,0
369952,0
693095,0
755174,0
300538,0
491293,0
566574,0
906774,0
131327,0
747454,0
72471,0
130964,0
278985,0
610850,0
282672,0
590302,0
77153,0
45613,0
292734,0
335070,0
457930,0
984674,0
369678,0
657431,0
273152,0
572818,0
522121,0
214238,0
32845,0
386047,0
242235,0
443124,0
80144,0
869465,0
37574,0
284382,0
377393,0
351729,0
600008,0
155158,0
335744,0
923499,0
197711,0
104606,0
235770,0
988275,0
9646,0
251912,0
55322,0
232496,0
672381,0
745483,0
1309326,0
25211,0
571478,0
341227,0
94295,0
272549,0
46105,0
583970,0
70869,0
13640,0
392762,0
634034,0
265267,0
459763,0
114400,0
661428,0
318077,0
461903,0
401065,0
30365,0
127992,0
168374,0
112942,0
56760,0
85842,0
576028,0
281990,0
30418,0
24200,0
279255,0
188838,0
60525,0
348301,0
7589,0
419936,0
1054542,0
514892,0
830081,0
605144,0
402962,0
27861,0
75118,0
293247,0
184961,0
213976,0
215580,0
240723,0
131552,0
225078,0
261095,0
176860,0
652332,0
357190,0
152044,0
468539,0
336077,0
47310,0
568702,0
929543,0
334538,0
572919,0
773795,0
187624,0
940135,0
703778,0
522993,0
411495,0
214007,0
431809,0
814491,0
530851,0
41583,0
1042580,0
394980,0
401938,0
13405,0
491693,0
834470,0
139393,0
126731,0
539203,0
266761,0
4360,0
357983,0
242724,0
367255,0
27378,0
213671,0
696506,0
672449,0
56036,0
333640,0
294091,0
75544,0
102423,0
51559,0
326564,0
592988,0
725703,0
388359,0
126557,0
895331,0
255436,0
591796,0
18006,0
128833,0
471901,0
117482,0
158938,0
250779,0
504966,0
91949,0
320046,0
551085,0
12807,0
650993,0
80188,0
616467,0
189691,0
845654,0
11268,0
115860,0
67069,0
1160184,0
57515,0
783396,0
143794,0
590773,0
193883,0
241135,0
82471,0
836546,0
1130318,0
98536,0
686839,0
668267,0
684699,0
524610,0
611816,0
354352,0
646477,0
600497,0
30304,0
46104,0
73180,0
291417,0
554530,0
5938,0
148955,0
675341,0
16843,0
72047,0
357785,0
57229,0
314875,0
77001,0
372478,0
540642,0
128320,0
581329,0
1061629,0
157385,0
93658,0
4063,0
391409,0
144771,0
189441,0
685657,0
398252,0
359692,0
187491,0
842384,0
815093,0
451403,0
570788,0
242648,0
118287,0
195171,0
39893,0
553075,0
363227,0
173491,0
153238,0
900320,0
1060339,0
692208,0
88705,0
268606,0
979625,0
253210,0
390478,0
917911,0
79989,0
540580,0
33430,0
873548,0
78082,0
27510,0
361514,0
578459,0
292719,0
503733,0
740159,0
789419,0
335440,0
499759,0
613129,0
719673,0
451576,0
364406,0
501530,0
525131,0
58884,0
207525,0
646829,0
636601,0
61087,0
34412,0
140540,0
56803,0
66791,0
94329,0
567470,0
170521,0
550580,0
339699,0
90836,0
645682,0
72643,0
400535,0
193980,0
15747,0
85626,0
272159,0
258917,0
395777,0
810791,0
400537,0
39020,0
52769,0
428745,0
20841,0
281492,0
420849,0
46552,0
15955,0
805886,0
623048,0
731525,0
671334,0
28511,0
706896,0
164939,0
187781,0
243843,0
95164,0
86876,0
11680,0
47768,0
410237,0
186858,0
935508,0
59352,0
85295,0
1056096,0
151494,0
77559,0
355367,0
35959,0
335457,0
19548,0
1157420,0
53309,0
34870,0
380459,0
28705,0
258049,0
172202,0
39475,0
488052,0
147457,0
63270,0
290017,0
81349,0
39152,0
191820,0
78917,0
358177,0
670144,0
60949,0
363740,0
282577,0
295744,0
283602,0
593824,0
260827,0
418571,0
214251,0
12663,0
44717,0
203539,0
15808,0
1209526,0
68410,0
200117,0
47931,0
4669,0
526790,0
392210,0
670710,0
402887,0
175664,0
99349,0
193724,0
269510,0
90489,0
265589,0
43938,0
555166,0
7593,0
263557,0
71835,0
351567,0
917428,0
815556,0
332305,0
291744,0
67421,0
538960,0
461512,0
564795,0
582343,0
87463,0
97208,0
146468,0
337529,0
621586,0
22141,0
50511,0
348040,0
288498,0
582078,0
401535,0
197857,0
691918,0
494283,0
223972,0
28027,0
606530,0
5543,0
177690,0
210057,0
302810,0
58954,0
195840,0
60979,0
1074053,0
594721,0
54793,0
212233,0
115763,0
99345,0
138446,0
542586,0
679280,0
30739,0
31348,0
273949,0
14708,0
248930,0
36934,0
261071,0
349856,0
413262,0
75554,0
111621,0
24001,0
749552,0
470422,0
321099,0
68947,0
12508,0
180844,0
403568,0
337385,0
33647,0
41663,0
979410,0
164265,0
123742,0
159065,0
511021,0
52830,0
238905,0
406607,0
223870,0
535834,0
755,0
242497,0
149244,0
793774,0
287792,0
82657,0
396145,0
204395,0
895074,0
504084,0
277179,0
258618,0
449120,0
55396,0
957838,0
409511,0
18533,0
496037,0
621277,0
153427,0
746554,0
263963,0
252233,0
187015,0
524315,0
709985,0
431475,0
271816,0
786829,0
92640,0
59633,0
2899,0
375380,0
124700,0
39907,0
26407,0
631099,0
51430,0
187847,0
38662,0
43274,0
637514,0
73009,0
283060,0
328784,0
527347,0
412741,0
145025,0
465836,0
639142,0
8885,0
371628,0
21480,0
9798,0
13309,0
306330,0
309397,0
208379,0
623570,0
596158,0
213035,0
13048,0
368891,0
467563,0
24112,0
255928,0
88909,0
367980,0
18975,0
314974,0
727132,0
514304,0
39918,0
396536,0
462770,0
55734,0
175247,0
68406,0
401029,0
358200,0
728516,0
611347,0
139607,0
215122,0
1183575,0
238809,0
295323,0
89005,0
455241,0
247213,0
33870,0
321146,0
320828,0
858191,0
67322,0
406734,0
163200,0
290549,0
565899,0
393806,0
490386,0
439072,0
454321,0
176990,0
239934,0
185787,0
189044,0
242637,0
290391,0
58971,0
186926,0
1114155,0
935456,0
342046,0
484888,0
106569,0
92701,0
332220,0
373916,0
210143,0
57328,0
294568,0
52432,0
359375,0
452192,0
685661,0
7153,0
45178,0
422930,0
126711,0
708084,0
104395,0
139304,0
483974,0
136039,0
223890,0
656206,0
76569,0
75314,0
349066,0
336757,0
225242,0
404912,0
124083,0
191409,0
38041,0
536477,0
203378,0
412949,0
624690,0
74587,0
284035,0
620722,0
738477,0
412952,0
46083,0
88016,0
546627,0
281252,0
16971,0
182893,0
396109,0
581660,0
729680,0
692209,0
968903,0
272732,0
391049,0
119269,0
340921,0
96193,0
37078,0
435648,0
46154,0
355048,0
243042,0
332686,0
94005,0
337243,0
359205,0
387355,0
375662,0
309414,0
250464,0
463613,0
27303,0
38004,0
616764,0
553062,0
1047598,0
34756,0
955213,0
3172,0
64439,0
402970,0
357191,0
796047,0
593318,0
168787,0
138846,0
678088,0
163531,0
561702,0
351792,0
511119,0
168942,0
293759,0
400713,0
314381,0
718758,0
740517,0
3190,0
6980,0
5303,0
61560,0
111347,0
503743,0
19249,0
156722,0
136536,0
271438,0
739443,0
198866,0
929334,0
1254156,0
93309,0
25651,0
298197,0
585202,0
413494,0
429249,0
23951,0
396443,0
690665,0
277272,0
713649,0
305425,0
213865,0
285602,0
1047576,0
194975,0
62565,0
163295,0
48678,0
581405,0
289228,0
14282,0
538072,0
556173,0
582949,0
332061,0
457486,0
260681,0
85660,0
121030,0
187300,0
401825,0
61586,0
373683,0
620091,0
29544,0
378260,0
1050249,0
371370,0
127108,0
99559,0
78733,0
324351,0
235964,0
3202,0
1019174,0
345591,0
681827,0
107518,0
725201,0
57410,0
13972,0
166647,0
249121,0
70724,0
275935,0
649457,0
335002,0
733430,0
58497,0
146015,0
132010,0
963878,0
289844,0
327126,0
687881,0
316398,0
745252,0
124761,0
492556,0
463665,0
492486,0
296780,0
228424,0
462820,0
536030,0
181223,0
91571,0
287726,0
525701,0
1153785,0
71559,0
184684,0
150212,0
586232,0
638235,0
696324,0
623773,0
461670,0
396005,0
412829,0
54375,0
418513,0
390664,0
673122,0
883433,0
353998,0
51532,0
876863,0
146151,0
418559,0
36356,0
165334,0
536835,0
198086,0
24057,0
357180,0
172665,0
87211,0
721532,0
659848,0
358008,0
424042,0
784717,0
612496,0
52269,0
119169,0
221025,0
70835,0
256954,0
466809,0
460683,0
802540,0
1060543,0
57924,0
62713,0
576022,0
562948,0
349106,0
322766,0
694077,0
31025,0
342151,0
191614,0
203961,0
175722,0
347617,0
935996,0
189032,0
303182,0
617867,0
1064116,0
282058,0
42554,0
697728,0
42667,0
134603,0
98512,0
306164,0
197135,0
282560,0
459128,0
468244,0
70295,0
527968,0
4429,0
111039,0
255493,0
4415,0
18644,0
6131,0
21756,0
655151,0
54775,0
813106,0
232577,0
149721,0
314398,0
875332,0
657919,0
353892,0
195762,0
295026,0
407098,0
64793,0
145692,0
270410,0
280813,0
148252,0
892130,0
263183,0
184171,0
170085,0
845717,0
857792,0
657994,0
243641,0
736777,0
463616,0
388913,0
320871,0
564529,0
123543,0
955253,0
398402,0
470608,0
56703,0
701006,0
8806,0
587228,0
346572,0
567587,0
344151,0
1294052,0
1196093,0
321161,0
807165,0
646782,0
363177,0
711394,0
213287,0
344152,0
956102,0
371503,0
14119,0
238647,0
191949,0
637788,0
391421,0
297006,0
925413,0
216443,0
334477,0
986300,0
292817,0
26267,0
39524,0
237444,0
55253,0
167061,0
51655,0
187246,0
374987,0
18418,0
158022,0
342216,0
87864,0
604813,0
688246,0
356236,0
1057222,0
290533,0
27644,0
211318,0
55763,0
187295,0
216597,0
162577,0
129868,0
403845,0
434207,0
184604,0
34560,0
185166,0
406637,0
374036,0
342995,0
523240,0
5418,0
167042,0
591916,0
58402,0
11530,0
126888,0
163187,0
104704,0
644158,0
410833,0
381252,0
656796,0
238632,0
143967,0
183992,0
380273,0
255888,0
52570,0
800176,0
231172,0
520013,0
867711,0
503635,0
324348,0
553663,0
65301,0
277268,0
86804,0
200190,0
184204,0
1035983,0
515056,0
351955,0
67074,0
806168,0
268732,0
369962,0
106634,0
948915,0
339584,0
415529,0
523907,0
16397,0
75296,0
258034,0
53286,0
913387,0
242747,0
139190,0
403290,0
85365,0
641153,0
205544,0
13213,0
1111051,0
348523,0
405398,0
72799,0
348229,0
331498,0
255294,0
515015,0
111018,0
217921,0
718581,0
48601,0
163690,0
347038,0
120192,0
38397,0
339335,0
450168,0
705094,0
195499,0
90800,0
33796,0
605306,0
364827,0
283585,0
388220,0
240617,0
671652,0
73013,0
211722,0
509936,0
193116,0
670103,0
42044,0
417242,0
381967,0
28990,0
504107,0
485395,0
98125,0
854488,0
58009,0
668235,0
187603,0
926603,0
581915,0
3534,0
54576,0
111556,0
130616,0
110082,0
358143,0
8284,0
503858,0
446657,0
584377,0
56006,0
344599,0
889683,0
372711,0
218306,0
509301,0
28163,0
666136,0
1072238,0
561217,0
204143,0
323589,0
783017,0
234807,0
55627,0
90583,0
5858,0
118294,0
74223,0
22499,0
503679,0
846310,0
419447,0
593956,0
299973,0
402982,0
537759,0
188010,0
15368,0
599634,0
232271,0
161204,0
398886,0
39743,0
91763,0
564448,0
881610,0
163568,0
296188,0
909737,0
83757,0
623606,0
1119912,0
638666,0
216896,0
288924,0
225459,0
122721,0
937113,0
9618,0
359693,0
27178,0
515396,0
114499,0
197929,0
125123,0
187697,0
11765,0
704825,0
166470,0
240039,0
671668,0
1260415,0
1083,0
971137,0
1083024,0
44792,0
24913,0
7519,0
689637,0
739477,0
243704,0
39452,0
109039,0
196770,0
735354,0
52585,0
139394,0
337805,0
1067349,0
55255,0
1073997,0
1944,0
307805,0
140160,0
909138,0
35383,0
192541,0
1033919,0
392958,0
49499,0
630990,0
155893,0
261244,0
333878,0
528423,0
182437,0
47995,0
396077,0
243028,0
216827,0
5928,0
599678,0
459467,0
156553,0
960786,0
181833,0
59187,0
277236,0
186604,0
633454,0
214056,0
323403,0
364525,0
183968,0
167342,0
392048,0
63706,0
57255,0
29178,0
1074890,0
825450,0
379084,0
66117,0
328914,0
694039,0
651753,0
29322,0
158863,0
221295,0
355651,0
315845,0
72201,0
57071,0
167032,0
197693,0
203344,0
180189,0
16589,0
98133,0
700074,0
891971,0
72835,0
439497,0
85127,0
455758,0
139067,0
694507,0
813730,0
88598,0
852980,0
21891,0
413245,0
36821,0
79517,0
157548,0
217652,0
527139,0
257580,0
419025,0
25398,0
186922,0
117671,0
41361,0
12836,0
427605,0
478317,0
268228,0
21060,0
328354,0
63384,0
867929,0
211107,0
401884,0
699263,0
226958,0
62085,0
119574,0
88388,0
87512,0
165900,0
916497,0
930106,0
298613,0
35069,0
724785,0
27138,0
201139,0
158703,0
1157581,0
255322,0
520492,0
131209,0
691841,0
25740,0
540662,0
503316,0
201628,0
172630,0
745181,0
3755,0
157536,0
412660,0
279254,0
151659,0
182682,0
29387,0
158106,0
568006,0
192089,0
1019169,0
112640,0
272621,0
508153,0
30846,0
542684,0
580434,0
390127,0
322781,0
961945,0
364857,0
488784,0
290336,0
190506,0
654374,0
603891,0
61030,0
36529,0
647534,0
14274,0
232012,0
76387,0
1047602,0
85585,0
503162,0
1041600,0
6157,0
295342,0
370691,0
517669,0
412095,0
50768,0
988249,0
18543,0
139449,0
957736,0
179308,0
55683,0
343337,0
258669,0
99973,0
515050,0
300168,0
480883,0
70946,0
344474,0
283141,0
696617,0
73658,0
723621,0
345536,0
410070,0
683812,0
427691,0
340736,0
358508,0
337066,0
874121,0
268273,0
137206,0
193006,0
288233,0
4691,0
338032,0
67078,0
461882,0
1772,0
158799,0
602299,0
8746,0
605222,0
674054,0
127307,0
578539,0
213952,0
928573,0
43085,0
661241,0
55957,0
502062,0
27448,0
337689,0
119717,0
935358,0
124863,0
646708,0
27304,0
719635,0
525472,0
397030,0
120235,0
539612,0
111828,0
48307,0
491587,0
598608,0
554250,0
162817,0
557942,0
315869,0
210348,0
218140,0
76273,0
545550,0
370834,0
131553,0
3269,0
623095,0
921992,0
157507,0
240035,0
244266,0
455059,0
740529,0
28436,0
931516,0
61335,0
369384,0
315208,0
128262,0
170471,0
52101,0
453824,0
524131,0
340353,0
1065123,0
578292,0
70280,0
60539,0
844588,0
197860,0
31909,0
876658,0
125172,0
352721,0
353047,0
806167,0
351421,0
1072255,0
601495,0
250907,0
1077256,0
806284,0
570768,0
908022,0
222608,0
240262,0
387234,0
63496,0
802545,0
12028,0
154199,0
25668,0
924857,0
70305,0
469760,0
764891,0
584562,0
256121,0
369673,0
10289,0
410213,0
873542,0
42694,0
136646,0
394906,0
293964,0
540516,0
287635,0
251322,0
696326,0
260795,0
184686,0
815787,0
956459,0
29855,0
9794,0
99116,0
296674,0
478346,0
85475,0
72687,0
342141,0
276596,0
457773,0
277533,0
258364,0
194547,0
286908,0
266332,0
130365,0
291986,0
181177,0
411465,0
387745,0
596148,0
606307,0
333913,0
808454,0
140747,0
610863,0
207742,0
158810,0
291222,0
614811,0
1586,0
73396,0
434282,0
294321,0
625014,0
837432,0
108372,0
3630,0
613449,0
860721,0
814454,0
232086,0
485962,0
808114,0
68645,0
145416,0
55976,0
743231,0
483717,0
305423,0
584139,0
43265,0
31062,0
882224,0
335192,0
610706,0
61358,0
185028,0
210854,0
20852,0
507235,0
167727,0
56371,0
75647,0
234764,0
16058,0
148690,0
205758,0
457129,0
395595,0
295766,0
661140,0
14882,0
146020,0
1074059,0
21415,0
986310,0
36107,0
166575,0
351546,0
166277,0
1006916,0
255904,0
187594,0
374279,0
255788,0
646743,0
662415,0
139199,0
212234,0
724966,0
157391,0
298589,0
815780,0
428563,0
39827,0
192035,0
738474,0
290573,0
122153,0
887054,0
869932,0
181921,0
387667,0
347594,0
204139,0
298659,0
110866,0
31599,0
876717,0
909894,0
692573,0
821622,0
31316,0
385588,0
331560,0
33314,0
276135,0
104376,0
175787,0
707621,0
250845,0
165331,0
382759,0
461607,0
57368,0
234006,0
599675,0
351095,0
546529,0
226100,0
297029,0
118636,0
260777,0
197744,0
367465,0
66410,0
295638,0
251883,0
315063,0
807648,0
230784,0
251492,0
14521,0
575594,0
374212,0
667981,0
29977,0
391780,0
637273,0
684061,0
394849,0
70784,0
211314,0
603864,0
594561,0
126344,0
196435,0
27805,0
876034,0
197910,0
291235,0
481834,0
637117,0
207597,0
306198,0
17025,0
238521,0
81988,0
49656,0
1264305,0
15163,0
58319,0
404383,0
138285,0
1102235,0
264063,0
89637,0
542835,0
388294,0
392487,0
259275,0
14221,0
671915,0
620322,0
293784,0
130172,0
852517,0
72193,0
25719,0
604008,0
319541,0
1029294,0
56797,0
238980,0
34169,0
399776,0
400719,0
372201,0
581294,0
715628,0
242603,0
516716,0
529646,0
13099,0
920939,0
198780,0
291247,0
630023,0
343494,0
388636,0
182587,0
56785,0
38091,0
494933,0
606872,0
278323,0
7087,0
742861,0
286259,0
229007,0
555837,0
889137,0
402193,0
342065,0
691529,0
102272,0
50674,0
477449,0
315970,0
495124,0
63490,0
198473,0
373358,0
206386,0
286837,0
631404,0
644768,0
412367,0
131589,0
190263,0
573290,0
96043,0
315252,0
22501,0
623023,0
700366,0
335062,0
9091,0
24709,0
170736,0
903456,0
55751,0
460245,0
626913,0
799095,0
913085,0
291592,0
181498,0
204180,0
193126,0
610427,0
89618,0
1076024,0
873445,0
36914,0
485592,0
900166,0
618402,0
396908,0
16137,0
354259,0
53523,0
373899,0
485657,0
256977,0
457522,0
746999,0
169029,0
59979,0
293063,0
168741,0
166260,0
582070,0
371089,0
45237,0
926993,0
830108,0
279614,0
536823,0
695121,0
27486,0
542570,0
362572,0
13113,0
506248,0
264412,0
511401,0
535551,0
40059,0
460939,0
244125,0
349936,0
49035,0
319131,0
321079,0
119533,0
272679,0
55345,0
546186,0
38497,0
796895,0
688245,0
504148,0
93687,0
88754,0
1223408,0
39003,0
239941,0
170953,0
376675,0
371686,0
61962,0
429309,0
8706,0
665390,0
146752,0
16597,0
80036,0
445517,0
232644,0
457072,0
192279,0
221316,0
353796,0
373433,0
337356,0
848483,0
336828,0
45861,0
1496,0
671737,0
164919,0
241229,0
454576,0
645686,0
430190,0
524677,0
110697,0
801463,0
293395,0
154858,0
343773,0
539441,0
339089,0
453810,0
231192,0
842904,0
594997,0
429901,0
294791,0
5936,0
160431,0
369554,0
815529,0
457931,0
170655,0
952730,0
6917,0
228433,0
273053,0
361075,0
324799,0
710679,0
615650,0
419255,0
464619,0
282660,0
361508,0
5639,0
502676,0
93759,0
386126,0
67220,0
232500,0
13061,0
627443,0
205677,0
15125,0
521234,0
543382,0
692107,0
137764,0
510388,0
386726,0
241486,0
45567,0
696693,0
486813,0
7955,0
717196,0
1116,0
108725,0
331672,0
198582,0
16135,0
6233,0
15071,0
870435,0
122582,0
355759,0
892025,0
161368,0
724033,0
177818,0
921734,0
124182,0
361121,0
345458,0
225178,0
666975,0
315291,0
537852,0
131758,0
230668,0
672802,0
123539,0
9335,0
401043,0
920138,0
249274,0
286276,0
1034853,0
1027072,0
333347,0
390225,0
494237,0
1013774,0
244133,0
49292,0
116648,0
28719,0
375718,0
288311,0
470788,0
21354,0
67539,0
90681,0
542380,0
44057,0
292717,0
362746,0
24634,0
100693,0
14954,0
133542,0
330871,0
90354,0
785353,0
65266,0
585700,0
104331,0
4673,0
85605,0
265207,0
141655,0
184894,0
192656,0
838670,0
508642,0
221968,0
203409,0
668234,0
58228,0
54170,0
235247,0
1083965,0
313968,0
5993,0
810649,0
528447,0
612065,0
49521,0
84711,0
96254,0
937919,0
520056,0
805054,0
89088,0
147487,0
983434,0
411379,0
842517,0
17206,0
232854,0
282422,0
488849,0
282721,0
395076,0
859035,0
180091,0
400534,0
19819,0
290551,0
91991,0
21151,0
344321,0
423571,0
289434,0
122704,0
593837,0
88713,0
42086,0
221916,0
72935,0
339816,0
583699,0
9645,0
1025974,0
479641,0
332069,0
105892,0
355335,0
27900,0
605194,0
354898,0
746397,0
869067,0
45455,0
440878,0
240274,0
71442,0
293771,0
265127,0
552059,0
1182001,0
763798,0
66319,0
52199,0
395597,0
131015,0
126666,0
47431,0
540536,0
581000,0
180090,0
400538,0
378710,0
7110,0
979760,0
735701,0
710051,0
123258,0
822331,0
525971,0
377665,0
150732,0
315129,0
62515,0
190333,0
22860,0
99946,0
319299,0
806524,0
962110,0
1293796,0
810789,0
668495,0
90725,0
156109,0
287662,0
210153,0
636119,0
156775,0
61823,0
7937,0
1018927,0
70879,0
77663,0
287640,0
297635,0
51667,0
181417,0
56095,0
59000,0
390131,0
36149,0
2926,0
530737,0
81543,0
196427,0
22628,0
584769,0
39897,0
27368,0
288005,0
699265,0
61954,0
303415,0
102045,0
207043,0
48560,0
929575,0
384461,0
300447,0
184399,0
204070,0
1106860,0
345654,0
126285,0
138335,0
6020,0
460660,0
409093,0
190911,0
251930,0
656449,0
195488,0
118324,0
507162,0
525209,0
198084,0
64667,0
34543,0
271498,0
735353,0
25742,0
404845,0
511128,0
344600,0
62319,0
579761,0
107219,0
855043,0
314183,0
178139,0
65235,0
73700,0
113084,0
221986,0
380118,0
168338,0
34784,0
796037,0
619353,0
497245,0
432092,0
542697,0
1268378,0
443995,0
262063,0
80697,0
698151,0
111227,0
256695,0
393325,0
258689,0
255838,0
608735,0
193928,0
461581,0
521844,0
164817,0
199927,0
187587,0
74229,0
271432,0
205655,0
136610,0
737982,0
868622,0
59985,0
337981,0
340791,0
711579,0
134270,0
818880,0
487417,0
7311,0
90604,0
431724,0
257831,0
581891,0
527270,0
12912,0
557147,0
56836,0
182689,0
615648,0
340961,0
926988,0
49450,0
232964,0
493332,0
1093482,0
62337,0
532676,0
60890,0
232670,0
913539,0
139019,0
718115,0
549027,0
718460,0
422760,0
748940,0
655986,0
58238,0
129495,0
199268,0
644682,0
320864,0
28318,0
204396,0
148485,0
256349,0
767643,0
61253,0
293956,0
545331,0
646997,0
744072,0
786436,0
559328,0
126673,0
896120,0
622461,0
514240,0
513330,0
349794,0
18912,0
746358,0
125698,0
681740,0
749559,0
198648,0
491704,0
22809,0
424326,0
524966,0
265454,0
203841,0
166591,0
84491,0
875249,0
23996,0
282558,0
450211,0
94192,0
18324,0
1019173,0
110036,0
903611,0
1061625,0
37957,0
10118,0
178400,0
723006,0
45486,0
794618,0
83895,0
60912,0
109110,0
94932,0
24180,0
145707,0
218353,0
837329,0
370701,0
800246,0
258519,0
848124,0
1263950,0
816192,0
187090,0
70567,0
526111,0
130347,0
522336,0
755173,0
289643,0
107574,0
503619,0
410831,0
404705,0
938373,0
57482,0
393652,0
813007,0
332745,0
192043,0
22811,0
93105,0
60865,0
323957,0
21398,0
67071,0
552418,0
411537,0
58993,0
20905,0
604073,0
121253,0
504386,0
42733,0
358507,0
672597,0
175921,0
410561,0
110338,0
417414,0
741257,0
498517,0
861981,0
391498,0
193858,0
214322,0
345739,0
398159,0
279152,0
511120,0
291171,0
19719,0
179895,0
1159925,0
73798,0
144341,0
1031409,0
684299,0
19407,0
843915,0
1005575,0
596150,0
240342,0
347900,0
935480,0
284595,0
144542,0
42941,0
597733,0
1042940,0
896424,0
373191,0
496094,0
420215,0
930997,0
583585,0
858238,0
491764,0
496661,0
103539,0
490223,0
37011,0
138679,0
909482,0
404841,0
93764,0
220432,0
97343,0
593279,0
38954,0
447117,0
188131,0
170120,0
401530,0
47713,0
1083190,0
113235,0
819636,0
321948,0
407265,0
59022,0
655136,0
72120,0
119553,0
235931,0
42611,0
14365,0
752040,0
392085,0
136304,0
1075574,0
534423,0
357997,0
187673,0
356120,0
587002,0
12988,0
112737,0
57574,0
765728,0
198210,0
14735,0
57748,0
738720,0
622029,0
441515,0
197128,0
294576,0
268214,0
110357,0
525602,0
95014,0
105478,0
158052,0
1146989,0
24054,0
379464,0
268093,0
294987,0
17348,0
171768,0
367464,0
52920,0
457731,0
39335,0
554422,0
128813,0
201497,0
218299,0
368898,0
490421,0
339829,0
802524,0
988860,0
827583,0
340258,0
407021,0
424017,0
235540,0
202838,0
157160,0
25635,0
124891,0
727077,0
82442,0
73491,0
685742,0
139634,0
700265,0
817492,0
130666,0
632495,0
203150,0
19619,0
342817,0
163647,0
484390,0
13121,0
89643,0
380445,0
597153,0
44349,0
237662,0
376175,0
103559,0
743587,0
126709,0
347382,0
395527,0
247263,0
22382,0
178926,0
376605,0
592400,0
373669,0
568177,0
519175,0
117847,0
654591,0
96148,0
158718,0
45121,0
59060,0
374326,0
310759,0
63204,0
321705,0
7682,0
392773,0
651002,0
1173335,0
79643,0
6861,0
111819,0
432175,0
843595,0
103004,0
203324,0
364370,0
655899,0
290935,0
286384,0
175179,0
337748,0
244175,0
30668,0
79377,0
286406,0
54964,0
339559,0
60710,0
552223,0
23888,0
50774,0
383325,0
449377,0
44997,0
1180835,0
59783,0
71034,0
75076,0
265581,0
649317,0
208281,0
517861,0
107397,0
140128,0
1532,0
113872,0
257751,0
109550,0
570508,0
119557,0
55519,0
168346,0
43206,0
522391,0
170672,0
64615,0
163683,0
726131,0
541563,0
3354,0
75141,0
353658,0
419845,0
336835,0
355369,0
935109,0
431417,0
172192,0
448628,0
204141,0
121532,0
1069459,0
492627,0
748720,0
19946,0
550549,0
346314,0
32567,0
371436,0
238214,0
323147,0
144451,0
206843,0
909262,0
161327,0
82461,0
84511,0
111995,0
199761,0
324344,0
718029,0
282169,0
38440,0
106656,0
258199,0
834737,0
539632,0
696598,0
121335,0
126252,0
361126,0
51882,0
202753,0
216172,0
172128,0
235742,0
250573,0
284856,0
396286,0
807318,0
134602,0
140497,0
533537,0
550323,0
72792,0
111277,0
1057523,0
120565,0
208446,0
526784,0
746891,0
218431,0
88595,0
511668,0
293385,0
287943,0
131101,0
361270,0
390103,0
189283,0
520662,0
107529,0
543727,0
30741,0
37934,0
176298,0
28775,0
463603,0
395659,0
903513,0
297693,0
79132,0
124550,0
511246,0
800925,0
902116,0
544792,0
255501,0
875531,0
244263,0
188650,0
291124,0
401706,0
616537,0
61573,0
1047103,0
667263,0
91970,0
246241,0
304319,0
766810,0
257252,0
43848,0
34534,0
349622,0
362835,0
601555,0
553285,0
170239,0
345760,0
1047261,0
187962,0
31095,0
3120,0
127213,0
59323,0
97808,0
29975,0
164013,0
189516,0
383109,0
683840,0
709006,0
542769,0
357628,0
113527,0
581677,0
428050,0
313359,0
959171,0
167741,0
163581,0
336667,0
6087,0
379093,0
482769,0
207891,0
511522,0
242281,0
627939,0
227078,0
625882,0
298658,0
183383,0
139208,0
34237,0
492313,0
452054,0
453362,0
28031,0
93795,0
313167,0
131694,0
311333,0
869966,0
23523,0
713071,0
160241,0
146167,0
426734,0
179624,0
7784,0
271353,0
217036,0
130108,0
391905,0
369153,0
926653,0
827710,0
613393,0
235412,0
451306,0
193289,0
101785,0
171412,0
223068,0
566936,0
155396,0
502893,0
954211,0
255942,0
480265,0
336701,0
176139,0
362575,0
450936,0
281873,0
85213,0
632829,0
261503,0
362809,0
99922,0
124441,0
350311,0
338425,0
875333,0
56354,0
292558,0
180767,0
230946,0
207518,0
57285,0
565846,0
581330,0
531062,0
257455,0
200202,0
263941,0
3531,0
504882,0
39665,0
346560,0
126924,0
176249,0
49327,0
58361,0
211727,0
375320,0
746078,0
457736,0
271505,0
185566,0
12765,0
396341,0
183499,0
667999,0
292733,0
351602,0
34159,0
12880,0
277069,0
735417,0
352464,0
21955,0
926995,0
203655,0
993407,0
3548,0
131180,0
255334,0
256696,0
501049,0
276505,0
878150,0
343175,0
46111,0
86106,0
14279,0
336679,0
747017,0
640428,0
17127,0
106644,0
73517,0
145992,0
162952,0
302497,0
743413,0
375401,0
362571,0
24956,0
56513,0
58659,0
369154,0
108354,0
944417,0
420179,0
285796,0
170478,0
1000675,0
3535,0
57842,0
187530,0
849428,0
363223,0
79423,0
90471,0
470831,0
68306,0
120629,0
57354,0
182367,0
239584,0
492489,0
229812,0
39027,0
595201,0
472242,0
319727,0
95429,0
191853,0
391474,0
151505,0
198974,0
270648,0
329814,0
295073,0
386446,0
4276,0
658674,0
694236,0
63899,0
148666,0
262895,0
473201,0
338793,0
127826,0
125102,0
48259,0
182201,0
253125,0
412823,0
696589,0
8187,0
466812,0
184930,0
98315,0
440658,0
55114,0
637536,0
9422,0
193101,0
388269,0
344806,0
158594,0
199301,0
272634,0
392777,0
926766,0
193158,0
515669,0
433183,0
3428,0
45653,0
201671,0
845321,0
172153,0
547818,0
111038,0
498235,0
187383,0
242827,0
73335,0
418215,0
416462,0
204045,0
447066,0
261988,0
173192,0
59027,0
652632,0
500972,0
923759,0
335954,0
192992,0
112991,0
514256,0
624051,0
396400,0
261154,0
288193,0
182403,0
416489,0
308669,0
79209,0
114130,0
627464,0
85309,0
293339,0
104916,0
226097,0
25049,0
237829,0
343504,0
456968,0
570743,0
269674,0
85301,0
840149,0
61258,0
620088,0
874131,0
434861,0
1108145,0
297194,0
99227,0
438835,0
165004,0
66360,0
342168,0
348538,0
203510,0
1025411,0
45671,0
203496,0
592924,0
53922,0
542884,0
637540,0
842425,0
240086,0
162079,0
114932,0
256423,0
73522,0
158360,0
27394,0
187286,0
926763,0
55605,0
72829,0
343622,0
181477,0
5782,0
59508,0
161251,0
33953,0
486078,0
249664,0
138655,0
29262,0
132210,0
344323,0
164015,0
457341,0
362977,0
386555,0
222977,0
1050566,0
1003295,0
85353,0
39522,0
217718,0
45617,0
808971,0
55911,0
102470,0
49032,0
198116,0
129627,0
295400,0
842899,0
17057,0
282927,0
481679,0
57226,0
33671,0
46971,0
159037,0
352702,0
987480,0
86811,0
586925,0
353959,0
396525,0
127988,0
39564,0
354587,0
587106,0
594991,0
1185888,0
42575,0
124983,0
46007,0
341051,0
12691,0
3530,0
82367,0
314468,0
1006449,0
906315,0
10183,0
539252,0
173131,0
178469,0
583218,0
288252,0
1280281,0
70220,0
364831,0
102258,0
57514,0
927970,0
398025,0
934645,0
24912,0
620076,0
271441,0
378174,0
702869,0
289167,0
883005,0
276337,0
255653,0
48867,0
70285,0
58440,0
12530,0
212937,0
105842,0
441287,0
262474,0
29241,0
632872,0
34529,0
540654,0
289117,0
811332,0
130824,0
287964,0
542462,0
93670,0
37899,0
836576,0
880245,0
905408,0
23966,0
841121,0
1000136,0
40555,0
493593,0
20444,0
552955,0
253153,0
127187,0
6448,0
700789,0
1011214,0
663578,0
287051,0
327881,0
5890,0
703470,0
537944,0
170245,0
191834,0
322917,0
139440,0
172127,0
182870,0
649016,0
825449,0
646948,0
322089,0
938300,0
889438,0
157167,0
382550,0
393804,0
140189,0
29220,0
291276,0
672953,0
515060,0
62735,0
100482,0
654393,0
398721,0
460644,0
155960,0
488296,0
537475,0
724421,0
53556,0
279480,0
707279,0
88680,0
434602,0
81396,0
265396,0
537218,0
311680,0
322616,0
255731,0
109855,0
80894,0
416393,0
43235,0
353584,0
43264,0
146889,0
62125,0
25316,0
171206,0
838236,0
291400,0
198194,0
384598,0
81649,0
572879,0
187496,0
160346,0
265079,0
243879,0
628042,0
291266,0
355483,0
244945,0
351837,0
511815,0
155054,0
216668,0
469952,0
535963,0
400554,0
429243,0
239783,0
45494,0
235024,0
256866,0
846302,0
514290,0
358767,0
159153,0
426849,0
290275,0
109038,0
42460,0
331575,0
534477,0
814522,0
537730,0
182912,0
35871,0
110879,0
148081,0
1111776,0
21876,0
633430,0
19439,0
22320,0
275949,0
76297,0
124461,0
290561,0
322990,0
435776,0
818237,0
236791,0
456936,0
967502,0
855015,0
256013,0
94450,0
172015,0
448466,0
131574,0
268258,0
60951,0
68977,0
75568,0
691781,0
520405,0
654173,0
1016015,0
451991,0
45758,0
818955,0
255461,0
124352,0
133838,0
680768,0
76701,0
119346,0
401636,0
863831,0
57051,0
701057,0
530289,0
334964,0
566798,0
83700,0
602036,0
336105,0
449721,0
697149,0
41511,0
15799,0
234794,0
530223,0
514918,0
612749,0
655898,0
34579,0
159894,0
422460,0
111196,0
93698,0
393858,0
894579,0
80351,0
53696,0
222972,0
49993,0
37501,0
856087,0
5658,0
85866,0
23389,0
249062,0
963150,0
158055,0
345581,0
335027,0
478510,0
148364,0
286071,0
7492,0
68033,0
8207,0
479999,0
111426,0
485965,0
863759,0
16117,0
505925,0
430488,0
214532,0
201734,0
182906,0
385412,0
464983,0
136091,0
681829,0
606450,0
615930,0
242018,0
63252,0
333516,0
668183,0
87299,0
57941,0
54310,0
342843,0
462829,0
23579,0
1020686,0
630995,0
144788,0
164967,0
104545,0
428257,0
327755,0
13507,0
10029,0
412615,0
30473,0
448092,0
160938,0
427568,0
52477,0
53533,0
126770,0
386786,0
654982,0
251295,0
333655,0
461505,0
180061,0
928467,0
17140,0
699632,0
42267,0
91415,0
258919,0
369552,0
90465,0
957544,0
126321,0
398850,0
800021,0
1064499,0
658106,0
82112,0
98339,0
691,0
709445,0
279634,0
111837,0
256973,0
84781,0
16136,0
188312,0
831948,0
795056,0
593856,0
16743,0
210088,0
548993,0
112052,0
7723,0
194019,0
372670,0
14551,0
424204,0
620188,0
387153,0
182887,0
3332,0
318394,0
35435,0
328943,0
184672,0
52317,0
796300,0
991268,0
47893,0
815546,0
204560,0
453865,0
3159,0
196139,0
983843,0
247376,0
168989,0
182573,0
617267,0
26263,0
343157,0
615300,0
238029,0
18955,0
255672,0
20081,0
333450,0
86792,0
570722,0
344892,0
974995,0
319539,0
94943,0
104990,0
402029,0
22167,0
938076,0
353096,0
583760,0
396894,0
111275,0
33873,0
60971,0
18310,0
416490,0
267147,0
43380,0
501250,0
315138,0
52200,0
470391,0
862085,0
68205,0
203330,0
258506,0
44172,0
392139,0
37941,0
177776,0
546212,0
556870,0
32029,0
623090,0
21522,0
204294,0
218352,0
419119,0
381260,0
9500,0
167895,0
1094044,0
212574,0
134983,0
7353,0
495033,0
632256,0
80840,0
775048,0
591957,0
179757,0
24946,0
195359,0
343749,0
385794,0
9849,0
54291,0
428725,0
136501,0
265092,0
412046,0
707572,0
917120,0
666268,0
241483,0
200167,0
606719,0
654950,0
256564,0
822959,0
668212,0
260442,0
99916,0
30476,0
9694,0
51663,0
1061378,0
53808,0
371318,0
354146,0
339556,0
314970,0
596153,0
57140,0
44247,0
168943,0
15885,0
402106,0
471156,0
5686,0
167721,0
486057,0
129983,0
89733,0
292722,0
264851,0
46220,0
66472,0
121188,0
590629,0
1159786,0
151142,0
572271,0
375180,0
382567,0
381724,0
287647,0
587776,0
63223,0
33648,0
132209,0
605466,0
346291,0
331204,0
18944,0
268029,0
4573,0
200195,0
624942,0
5521,0
302611,0
581784,0
12112,0
333275,0
452607,0
46162,0
95639,0
292366,0
566911,0
287188,0
16660,0
18940,0
399382,0
153776,0
603863,0
45593,0
96676,0
752455,0
340065,0
133835,0
383565,0
567151,0
139881,0
144688,0
190553,0
984697,0
338665,0
301238,0
726120,0
500091,0
29604,0
463737,0
635772,0
285065,0
33442,0
479601,0
340307,0
59948,0
10598,0
25618,0
33794,0
835410,0
231724,0
73854,0
6645,0
34324,0
635162,0
203899,0
248934,0
663239,0
349962,0
316137,0
222632,0
780506,0
7023,0
375025,0
96790,0
594993,0
252779,0
267614,0
197482,0
392576,0
228949,0
935245,0
1018938,0
337135,0
149182,0
22169,0
4634,0
324192,0
532539,0
514297,0
159123,0
948933,0
127031,0
573775,0
107444,0
279215,0
296438,0
145115,0
795762,0
174344,0
93690,0
106783,0
36689,0
237466,0
671572,0
302473,0
283421,0
67371,0
363253,0
470738,0
56786,0
815651,0
982393,0
207943,0
324503,0
208166,0
68436,0
16746,0
92842,0
191056,0
191255,0
345750,0
33894,0
65977,0
349903,0
831,0
122676,0
30379,0
473169,0
88067,0
736251,0
64411,0
422932,0
93716,0
260139,0
335461,0
45864,0
540725,0
21703,0
171159,0
818286,0
239149,0
182936,0
276566,0
1025582,0
166683,0
381362,0
17675,0
292809,0
129744,0
129092,0
646991,0
29401,0
9638,0
457674,0
276853,0
560483,0
178641,0
1113558,0
289472,0
356618,0
318457,0
428119,0
694901,0
936821,0
312732,0
166753,0
381430,0
787303,0
150076,0
191320,0
433685,0
802997,0
622862,0
564544,0
32207,0
231807,0
510971,0
540677,0
37526,0
669511,0
240374,0
380415,0
687630,0
71226,0
359247,0
34395,0
212229,0
133734,0
502722,0
340265,0
304144,0
168199,0
173584,0
618502,0
583255,0
205522,0
519825,0
56829,0
928276,0
83253,0
86079,0
126278,0
550957,0
46897,0
3296,0
77947,0
345586,0
780630,0
503867,0
879619,0
483975,0
603541,0
42948,0
282575,0
666924,0
37340,0
95950,0
417827,0
338393,0
196238,0
376441,0
112552,0
185764,0
56837,0
308778,0
95336,0
60096,0
18831,0
968231,0
1123377,0
212381,0
444848,0
45306,0
320861,0
18860,0
27941,0
855215,0
361264,0
119032,0
321135,0
149717,0
37633,0
565435,0
270242,0
337810,0
148907,0
709970,0
4391,0
371147,0
676411,0
217900,0
526577,0
4873,0
929359,0
1105528,0
100722,0
6722,0
647376,0
1200313,0
907302,0
447785,0
187191,0
447827,0
21334,0
197494,0
533913,0
811794,0
337674,0
101808,0
59973,0
1030144,0
667438,0
128196,0
317057,0
406694,0
19702,0
449019,0
532792,0
580801,0
376485,0
328940,0
464682,0
878419,0
534084,0
73735,0
504507,0
131658,0
398163,0
73662,0
405726,0
223073,0
118582,0
210916,0
126746,0
41653,0
1082850,0
888694,0
61803,0
347481,0
931415,0
745452,0
264302,0
315128,0
534379,0
390126,0
482573,0
343318,0
386755,0
6832,0
85289,0
68315,0
9339,0
290212,0
575319,0
741236,0
549006,0
362326,0
931359,0
314965,0
190811,0
547889,0
4070,0
9616,0
26579,0
58633,0
160438,0
290088,0
479709,0
68718,0
21666,0
826245,0
70592,0
199958,0
378972,0
180017,0
695310,0
742201,0
460629,0
7109,0
193998,0
459535,0
789584,0
268185,0
298410,0
68418,0
293383,0
44327,0
129582,0
149650,0
667056,0
922488,0
622477,0
287681,0
145996,0
164055,0
185342,0
1163778,0
181204,0
240190,0
294876,0
524937,0
23974,0
181337,0
297373,0
5430,0
79192,0
857694,0
184922,0
271670,0
612830,0
293180,0
553913,0
531835,0
68183,0
1111777,0
724537,0
264403,0
401979,0
175593,0
34026,0
1032786,0
1015850,0
69751,0
1047860,0
578737,0
137192,0
63737,0
645423,0
413948,0
392163,0
982863,0
1050221,0
530807,0
35583,0
1012534,0
537182,0
621997,0
301037,0
545576,0
343959,0
925401,0
1031046,0
84695,0
83943,0
616667,0
329385,0
317740,0
1197994,0
346566,0
212849,0
182963,0
226450,0
412958,0
19083,0
131109,0
63226,0
396682,0
231650,0
338670,0
186186,0
636695,0
206950,0
142021,0
362184,0
614700,0
51660,0
25113,0
385400,0
746973,0
233086,0
170968,0
127224,0
85288,0
15486,0
60804,0
798925,0
842894,0
509028,0
66022,0
228253,0
148558,0
340445,0
453121,0
70754,0
33869,0
515051,0
839486,0
705808,0
330030,0
211397,0
119028,0
287986,0
484873,0
331089,0
387036,0
944551,0
121357,0
913645,0
527279,0
9586,0
302478,0
824104,0
120262,0
651569,0
60904,0
429921,0
187288,0
837287,0
75901,0
475959,0
742453,0
546944,0
321065,0
955349,0
667754,0
538964,0
243631,0
288432,0
26582,0
372720,0
260166,0
10471,0
655668,0
517862,0
22785,0
7841,0
974996,0
292621,0
276255,0
165893,0
78590,0
884821,0
702856,0
65467,0
517821,0
223628,0
13090,0
317412,0
110622,0
5072,0
133794,0
428954,0
420515,0
244260,0
250844,0
261061,0
47065,0
709982,0
19286,0
148004,0
59407,0
92936,0
360514,0
273383,0
209569,0
981197,0
126699,0
198074,0
95603,0
284875,0
3306,0
55044,0
816585,0
171410,0
177964,0
787238,0
490496,0
876756,0
189475,0
16756,0
991800,0
617710,0
60085,0
987700,0
268112,0
583607,0
182695,0
454121,0
918827,0
338066,0
73668,0
5308,0
531277,0
528652,0
7337,0
31245,0
43243,0
231907,0
127766,0
170994,0
353970,0
402625,0
422763,0
106041,0
182323,0
243871,0
464599,0
695289,0
373278,0
61856,0
129973,0
30802,0
454238,0
1029376,0
934386,0
202925,0
481116,0
669219,0
535706,0
938681,0
141761,0
34171,0
125685,0
595650,0
918330,0
124170,0
668265,0
84902,0
201284,0
139606,0
1075718,0
583990,0
159088,0
217145,0
36227,0
444849,0
103428,0
334446,0
35579,0
300159,0
425902,0
108315,0
230611,0
70245,0
275159,0
946855,0
7346,0
38870,0
8491,0
377021,0
4277,0
667919,0
837974,0
9239,0
15432,0
350343,0
34706,0
563812,0
298595,0
46473,0
708067,0
284545,0
281909,0
348549,0
606248,0
254290,0
527026,0
13483,0
891379,0
217593,0
55769,0
114060,0
1095,0
78966,0
652920,0
514287,0
48703,0
393323,0
235371,0
711377,0
19342,0
729814,0
743381,0
611911,0
234625,0
1165884,0
340177,0
314353,0
120296,0
290087,0
241347,0
41208,0
282520,0
630984,0
740615,0
913303,0
572265,0
225873,0
162029,0
574949,0
685760,0
520400,0
333545,0
7520,0
16693,0
703822,0
85588,0
674411,0
935342,0
531373,0
707295,0
60317,0
1101914,0
77569,0
246066,0
185427,0
808866,0
938043,0
116390,0
1059771,0
45371,0
169633,0
43290,0
601029,0
671591,0
231401,0
45314,0
363065,0
387241,0
264595,0
176412,0
255496,0
42109,0
296422,0
633530,0
144334,0
597446,0
58392,0
486926,0
605110,0
106619,0
51665,0
392550,0
7133,0
794159,0
78547,0
39247,0
271486,0
182718,0
95735,0
549318,0
38000,0
557613,0
483993,0
9698,0
294100,0
86759,0
263062,0
31169,0
37525,0
358003,0
108650,0
174694,0
61694,0
67355,0
224677,0
883349,0
519514,0
30757,0
533007,0
386553,0
707230,0
121410,0
701011,0
659219,0
921521,0
911985,0
711640,0
1162593,0
293955,0
1153473,0
364233,0
235923,0
117509,0
608889,0
397497,0
133731,0
187212,0
230014,0
682794,0
619045,0
170459,0
341438,0
295065,0
314266,0
333241,0
649287,0
52897,0
1053246,0
514895,0
324352,0
3179,0
479589,0
283231,0
237669,0
623521,0
706584,0
886502,0
165820,0
8730,0
913660,0
59606,0
41414,0
381206,0
258884,0
404584,0
14574,0
495488,0
214327,0
463753,0
341535,0
509802,0
357178,0
69429,0
253839,0
504508,0
391470,0
158791,0
610297,0
284872,0
153365,0
51285,0
735411,0
84921,0
83946,0
623525,0
210178,0
435765,0
324050,0
293210,0
457235,0
110720,0
432141,0
503638,0
301584,0
23287,0
66521,0
58534,0
349873,0
938146,0
481552,0
332274,0
7152,0
743230,0
136169,0
49644,0
831306,0
517469,0
470597,0
740514,0
66959,0
37917,0
377641,0
287431,0
130674,0
724034,0
337290,0
69006,0
51152,0
383456,0
273432,0
152641,0
58178,0
143850,0
111419,0
14511,0
410225,0
789583,0
45631,0
442424,0
187507,0
432783,0
159809,0
72286,0
509510,0
4323,0
687617,0
110726,0
72877,0
163086,0
470594,0
121137,0
174196,0
203323,0
273812,0
340376,0
14948,0
516750,0
59142,0
72768,0
85864,0
18547,0
269766,0
99517,0
147559,0
537762,0
372134,0
795280,0
314237,0
833315,0
910905,0
44779,0
284608,0
435807,0
646745,0
204144,0
514235,0
293761,0
702149,0
43061,0
316293,0
116088,0
456533,0
605167,0
837005,0
244294,0
255995,0
44977,0
237658,0
249446,0
479647,0
6400,0
939068,0
535741,0
345083,0
255238,0
185770,0
240958,0
424881,0
292496,0
396549,0
90451,0
226404,0
569031,0
279960,0
287178,0
89726,0
605893,0
289791,0
159896,0
744957,0
315256,0
33042,0
418652,0
543387,0
18958,0
338070,0
47734,0
127048,0
288496,0
145922,0
232127,0
340383,0
137841,0
269371,0
745596,0
85119,0
114931,0
1293294,0
261155,0
3366,0
21369,0
1041552,0
25035,0
566613,0
34987,0
163582,0
562742,0
488755,0
522030,0
901019,0
45611,0
227639,0
1049151,0
487843,0
186862,0
280795,0
824357,0
61813,0
634419,0
164928,0
177280,0
15018,0
1000626,0
103819,0
398849,0
88688,0
207931,0
648579,0
207014,0
3226,0
79972,0
239951,0
673100,0
5668,0
566965,0
481675,0
46504,0
187291,0
4361,0
170606,0
402112,0
26460,0
531829,0
875631,0
390667,0
375661,0
170366,0
484387,0
538566,0
186172,0
388198,0
683952,0
38005,0
311489,0
670848,0
167393,0
812863,0
395228,0
119369,0
533637,0
149946,0
193153,0
581429,0
315332,0
359199,0
24118,0
12938,0
90769,0
472224,0
388029,0
56066,0
395805,0
667121,0
123214,0
324148,0
906307,0
565531,0
220769,0
411287,0
415701,0
29456,0
240803,0
215114,0
29993,0
479939,0
98067,0
339566,0
229006,0
158540,0
295330,0
543103,0
9706,0
417955,0
669310,0
617754,0
121011,0
94686,0
237162,0
129679,0
259892,0
314940,0
35964,0
58606,0
74011,0
603940,0
113358,0
922905,0
506183,0
110906,0
733438,0
1175932,0
64804,0
14792,0
670096,0
422951,0
480730,0
402117,0
51733,0
378225,0
170644,0
402536,0
1363,0
1380876,0
1086787,0
503727,0
355130,0
891854,0
86643,0
450195,0
328480,0
57653,0
402630,0
624030,0
534024,0
41234,0
1209124,0
271773,0
136180,0
344576,0
53842,0
364244,0
35934,0
8387,0
214775,0
692563,0
222855,0
228326,0
248105,0
410212,0
126422,0
613539,0
908890,0
583189,0
1171602,0
78648,0
983677,0
49723,0
899710,0
535469,0
135057,0
741700,0
293750,0
949337,0
704708,0
162672,0
23897,0
466807,0
418320,0
575047,0
361263,0
419458,0
282783,0
295082,0
273218,0
924339,0
353253,0
5879,0
460630,0
381349,0
234820,0
815078,0
763182,0
546111,0
612697,0
4208,0
451154,0
112663,0
163639,0
15921,0
38305,0
34531,0
344540,0
46405,0
316125,0
923812,0
332134,0
982267,0
370997,0
158997,0
201668,0
511677,0
537373,0
301696,0
7476,0
4310,0
290603,0
59331,0
465988,0
685848,0
7373,0
942083,0
901236,0
79503,0
75890,0
244140,0
228761,0
203054,0
136212,0
192526,0
27307,0
844373,0
573907,0
103127,0
74075,0
546884,0
447896,0
45009,0
620295,0
110929,0
328704,0
260321,0
279090,0
2878,0
537566,0
42967,0
618179,0
340162,0
202221,0
156137,0
259025,0
37527,0
111059,0
123513,0
167316,0
450706,0
155964,0
212804,0
5477,0
1026866,0
695141,0
499859,0
214798,0
35536,0
813137,0
318507,0
720720,0
426285,0
345061,0
75852,0
569658,0
940878,0
710131,0
226102,0
37839,0
56830,0
239749,0
247882,0
280978,0
41786,0
255570,0
200985,0
1052373,0
719383,0
53350,0
123261,0
346551,0
232895,0
819249,0
551505,0
33549,0
13612,0
817133,0
396427,0
169334,0
470816,0
60004,0
113134,0
198027,0
505674,0
43297,0
81817,0
61834,0
599150,0
130152,0
56936,0
1368,0
471888,0
56054,0
19638,0
251282,0
697943,0
876631,0
35892,0
280044,0
452121,0
810086,0
77834,0
22810,0
457422,0
106825,0
54859,0
335593,0
39209,0
57840,0
388380,0
358504,0
880610,0
22516,0
350310,0
1105547,0
744024,0
312553,0
670965,0
15500,0
990148,0
733858,0
191190,0
85679,0
7394,0
421710,0
183334,0
41372,0
44983,0
1119072,0
112008,0
51426,0
222686,0
273431,0
555074,0
164091,0
335820,0
23492,0
159773,0
131250,0
606308,0
91330,0
114397,0
117476,0
197333,0
27108,0
388236,0
38700,0
486144,0
188853,0
35249,0
342220,0
119235,0
540062,0
612059,0
510262,0
98122,0
37304,0
920585,0
186357,0
278651,0
162,0
342152,0
415859,0
16675,0
82597,0
272700,0
917191,0
54906,0
292174,0
65236,0
355707,0
371141,0
195064,0
183154,0
308810,0
891989,0
139316,0
895316,0
668683,0
96881,0
47653,0
366212,0
263685,0
476142,0
943795,0
524033,0
357125,0
627358,0
316445,0
678641,0
993136,0
357917,0
29356,0
345194,0
335380,0
73932,0
334058,0
272825,0
548618,0
616628,0
45146,0
91423,0
223441,0
143090,0
580142,0
456445,0
351978,0
578685,0
818252,0
10,0
1178721,0
94603,0
204404,0
59877,0
617018,0
334999,0
144807,0
130158,0
295755,0
268113,0
231916,0
29237,0
653845,0
214257,0
452580,0
173991,0
320421,0
401040,0
227075,0
73161,0
14118,0
448255,0
678672,0
582302,0
114531,0
342787,0
7914,0
378317,0
226058,0
354330,0
203748,0
275671,0
36371,0
855606,0
349581,0
353843,0
791141,0
818448,0
448470,0
256116,0
271511,0
106252,0
342762,0
950091,0
519414,0
15045,0
477161,0
175709,0
164915,0
922462,0
284857,0
881687,0
1035794,0
238488,0
774554,0
787232,0
192557,0
533318,0
2805,0
381815,0
441170,0
430153,0
124673,0
300137,0
504104,0
782612,0
511669,0
5278,0
650519,0
199223,0
242082,0
310527,0
1158757,0
879028,0
435821,0
388376,0
925584,0
432680,0
140780,0
808767,0
34782,0
382903,0
536511,0
811027,0
160973,0
260741,0
227352,0
324736,0
323788,0
173573,0
521872,0
433181,0
513158,0
137189,0
1084714,0
622623,0
585536,0
951952,0
137609,0
262182,0
58181,0
26797,0
230409,0
425753,0
182752,0
79121,0
25368,0
3816,0
349608,0
709653,0
143029,0
146143,0
45693,0
358710,0
428920,0
806614,0
591949,0
251845,0
668177,0
261367,0
428016,0
1061628,0
999402,0
1020671,0
333633,0
148396,0
648022,0
1375876,0
390376,0
898809,0
90600,0
218067,0
153508,0
632147,0
164231,0
323255,0
367024,0
48226,0
895547,0
926991,0
197602,0
372776,0
38003,0
522145,0
123595,0
252800,0
120705,0
617982,0
582353,0
181751,0
173591,0
503874,0
625657,0
518644,0
748061,0
381689,0
489716,0
197480,0
86620,0
4563,0
531456,0
358948,0
4371,0
316709,0
126599,0
379181,0
321403,0
336577,0
28683,0
346900,0
3775,0
423752,0
129579,0
448258,0
979508,0
161079,0
121411,0
69374,0
326460,0
91296,0
610621,0
479037,0
197122,0
649716,0
250209,0
582513,0
33947,0
1067225,0
417896,0
524826,0
458548,0
258363,0
262389,0
340487,0
237617,0
900024,0
196095,0
504072,0
62700,0
465967,0
314915,0
481084,0
628329,0
41726,0
348267,0
304813,0
773,0
110695,0
241502,0
72121,0
6287,0
544149,0
118283,0
183283,0
420782,0
436906,0
115028,0
171696,0
267034,0
617755,0
860078,0
151197,0
776798,0
458499,0
183286,0
65044,0
831161,0
33571,0
72274,0
29686,0
258018,0
13036,0
974327,0
276428,0
335619,0
207834,0
60132,0
518943,0
54135,0
77329,0
132376,0
578891,0
866609,0
272698,0
707643,0
941867,0
60596,0
48706,0
58378,0
1069449,0
144028,0
104705,0
19438,0
264191,0
641576,0
134294,0
124769,0
787301,0
221624,0
192750,0
58956,0
190442,0
57467,0
46040,0
161658,0
1229924,0
338200,0
282644,0
87142,0
331216,0
196229,0
324472,0
582717,0
432682,0
168933,0
452803,0
16649,0
594230,0
711980,0
730126,0
427909,0
332802,0
155352,0
286779,0
364135,0
110366,0
59978,0
241487,0
208907,0
105337,0
213852,0
527959,0
298607,0
94928,0
181382,0
479498,0
688690,0
536530,0
394345,0
598629,0
659459,0
617751,0
13371,0
271228,0
179454,0
46687,0
196900,0
51550,0
432293,0
727152,0
487353,0
729500,0
600675,0
335193,0
67566,0
40673,0
291701,0
569488,0
623329,0
239733,0
13222,0
140511,0
399369,0
3447,0
34572,0
268055,0
167378,0
410565,0
809569,0
177321,0
8538,0
61814,0
559006,0
207573,0
147078,0
290537,0
346621,0
92030,0
321182,0
418887,0
351745,0
876646,0
429787,0
575373,0
620316,0
621554,0
335225,0
336956,0
29311,0
407263,0
926952,0
60128,0
163549,0
54419,0
231586,0
641294,0
28005,0
334440,0
898751,0
338107,0
538874,0
276,0
381963,0
119433,0
315237,0
922413,0
105269,0
175835,0
651205,0
177276,0
7448,0
420002,0
58359,0
401320,0
461704,0
291324,0
249730,0
464259,0
1137664,0
416468,0
222825,0
490967,0
9836,0
42812,0
557132,0
374882,0
138110,0
109256,0
104124,0
352718,0
257767,0
426212,0
67072,0
418660,0
354814,0
163809,0
255957,0
23205,0
267911,0
554717,0
361104,0
25860,0
49038,0
273542,0
3273,0
25013,0
1004297,0
354725,0
12709,0
1061520,0
858772,0
158463,0
929626,0
445126,0
448672,0
522851,0
641537,0
52787,0
728200,0
248861,0
166230,0
543376,0
66550,0
290862,0
916701,0
423444,0
29936,0
297367,0
432089,0
503639,0
15072,0
287032,0
272903,0
257817,0
156751,0
884072,0
1083070,0
31902,0
213029,0
8006,0
51282,0
221322,0
697721,0
477929,0
691786,0
595935,0
154171,0
245268,0
495920,0
706063,0
937850,0
977464,0
206743,0
480139,0
5376,0
56603,0
387944,0
546527,0
287189,0
62642,0
370821,0
710677,0
421768,0
567475,0
657220,0
654234,0
180704,0
569383,0
457873,0
99327,0
159890,0
663189,0
103487,0
157003,0
107973,0
380409,0
17465,0
257484,0
1063329,0
540685,0
326399,0
46006,0
349109,0
569376,0
16191,0
284430,0
927768,0
356139,0
929090,0
37013,0
379603,0
61674,0
131918,0
246044,0
293828,0
591803,0
57800,0
708868,0
170485,0
94637,0
34944,0
62680,0
5293,0
36559,0
392131,0
374213,0
513295,0
440886,0
20623,0
130257,0
666131,0
163048,0
710484,0
129596,0
49872,0
214104,0
488768,0
3115,0
443746,0
341054,0
981541,0
417669,0
106982,0
256777,0
976756,0
672683,0
509234,0
334126,0
46121,0
579287,0
173592,0
78959,0
703245,0
274862,0
308469,0
608172,0
125868,0
588426,0
540676,0
12518,0
40928,0
342700,0
49030,0
373359,0
752862,0
567217,0
214231,0
409553,0
271390,0
400001,0
205276,0
857079,0
423112,0
409087,0
365692,0
45882,0
62947,0
774555,0
15381,0
74900,0
88327,0
938431,0
71019,0
938412,0
746479,0
92813,0
8108,0
24465,0
649025,0
125693,0
297648,0
205760,0
443673,0
240057,0
177010,0
4042,0
452714,0
24700,0
250921,0
157178,0
646153,0
483063,0
817848,0
731469,0
406889,0
15765,0
535881,0
78961,0
19139,0
50477,0
560958,0
381370,0
17273,0
818285,0
446106,0
73858,0
673173,0
381950,0
487834,0
521956,0
330872,0
239647,0
823,0
702911,0
43237,0
392577,0
37647,0
191192,0
640026,0
221119,0
395523,0
169511,0
12398,0
185354,0
198400,0
728262,0
186770,0
550862,0
42748,0
225020,0
50174,0
61568,0
62749,0
94598,0
648076,0
639246,0
646189,0
12974,0
537856,0
733579,0
277123,0
272920,0
626724,0
128906,0
147490,0
379980,0
506623,0
140786,0
380483,0
408471,0
24038,0
26432,0
120919,0
61682,0
240289,0
855158,0
157672,0
477758,0
69578,0
38539,0
424252,0
360520,0
285282,0
271227,0
24233,0
708678,0
61891,0
50617,0
806792,0
320466,0
532178,0
95641,0
193956,0
524207,0
507341,0
59265,0
703720,0
825024,0
388519,0
38399,0
89589,0
494177,0
286849,0
30321,0
235568,0
289446,0
221984,0
203856,0
66398,0
256860,0
538978,0
416089,0
5283,0
22568,0
473050,0
708455,0
1125320,0
157540,0
245134,0
93552,0
207009,0
16888,0
12812,0
89330,0
539469,0
58358,0
448537,0
659331,0
712117,0
621993,0
320658,0
1210233,0
35047,0
331553,0
51556,0
216599,0
1071138,0
100910,0
3562,0
806306,0
250781,0
124662,0
243737,0
13582,0
450417,0
314137,0
238537,0
228444,0
394300,0
923693,0
308552,0
205849,0
537853,0
868534,0
700144,0
371013,0
267533,0
26774,0
478107,0
892929,0
62351,0
182579,0
934050,0
324174,0
193051,0
799554,0
238890,0
383453,0
433600,0
579586,0
775178,0
321568,0
22386,0
30585,0
398184,0
200512,0
126665,0
955070,0
577779,0
494679,0
355512,0
659648,0
655987,0
528858,0
226049,0
766807,0
101670,0
205307,0
425707,0
37763,0
171170,0
486031,0
70574,0
240252,0
6119,0
771910,0
715359,0
213247,0
100131,0
25911,0
802518,0
38782,0
200168,0
588171,0
52119,0
43250,0
68948,0
326329,0
480975,0
6427,0
340075,0
718152,0
659797,0
628558,0
123750,0
240906,0
232096,0
44471,0
942790,0
56815,0
33480,0
91419,0
912902,0
178608,0
461944,0
251058,0
170522,0
505198,0
546983,0
384879,0
522833,0
461582,0
37171,0
793415,0
1287699,0
446418,0
80312,0
76077,0
799565,0
352815,0
18224,0
251838,0
569777,0
826377,0
351557,0
124456,0
62052,0
85226,0
82863,0
288415,0
331501,0
4359,0
111524,0
48066,0
908798,0
678006,0
290559,0
222223,0
3788,0
232875,0
95730,0
200790,0
379869,0
370276,0
624948,0
696876,0
746067,0
1050852,0
228975,0
244309,0
647024,0
231447,0
62533,0
582642,0
810411,0
617074,0
193784,0
670718,0
654408,0
480424,0
84545,0
68863,0
196822,0
567873,0
1161,0
423666,0
685887,0
95377,0
136114,0
315337,0
689634,0
214666,0
51058,0
623305,0
19041,0
980339,0
33713,0
1004618,0
220793,0
304250,0
960655,0
277962,0
564326,0
200481,0
346879,0
10003,0
926273,0
10267,0
523476,0
297270,0
118732,0
464990,0
146476,0
140561,0
108587,0
88370,0
5452,0
60861,0
77384,0
356196,0
125251,0
69436,0
301824,0
480135,0
142370,0
38100,0
293827,0
126695,0
30553,0
741650,0
270901,0
412688,0
67855,0
848944,0
32387,0
1277,0
559333,0
225657,0
132730,0
185191,0
170344,0
888342,0
156115,0
259869,0
52281,0
321370,0
31109,0
24661,0
91698,0
186848,0
293829,0
1052867,0
327757,0
27244,0
248932,0
674806,0
64134,0
94924,0
238407,0
945496,0
340531,0
170321,0
729140,0
284000,0
251876,0
296378,0
15591,0
323876,0
581640,0
133876,0
540664,0
7468,0
134426,0
251046,0
710045,0
346153,0
435135,0
22513,0
76047,0
95759,0
288248,0
728500,0
412363,0
74860,0
707242,0
284870,0
308989,0
361081,0
134369,0
565429,0
966488,0
290595,0
30290,0
19641,0
53424,0
351718,0
339795,0
187329,0
618425,0
801734,0
442320,0
33027,0
223431,0
419666,0
128816,0
265266,0
294225,0
4257,0
1073032,0
648886,0
531450,0
29364,0
666563,0
348423,0
372445,0
955284,0
990131,0
121686,0
2998,0
617019,0
223419,0
37428,0
128895,0
726465,0
321158,0
338962,0
264660,0
110724,0
262711,0
659886,0
401931,0
33923,0
350071,0
158786,0
347204,0
116461,0
87479,0
406635,0
353785,0
176140,0
57683,0
278553,0
15894,0
518021,0
229949,0
106181,0
212723,0
344584,0
938144,0
1171600,0
76163,0
248958,0
396540,0
387495,0
93128,0
74561,0
33866,0
663398,0
36364,0
50632,0
234868,0
130614,0
134158,0
517619,0
96167,0
721227,0
746988,0
461959,0
67955,0
168337,0
744186,0
118520,0
311212,0
1143802,0
147094,0
444209,0
888738,0
205415,0
21327,0
435026,0
391508,0
214078,0
459953,0
28935,0
385918,0
3730,0
182395,0
398844,0
318468,0
865682,0
83188,0
37954,0
327326,0
385909,0
569876,0
1064969,0
145808,0
146099,0
893659,0
52192,0
17175,0
395237,0
99859,0
283170,0
308436,0
227444,0
200127,0
303187,0
569743,0
357991,0
582074,0
234884,0
146165,0
380478,0
322293,0
406766,0
450854,0
283234,0
172338,0
985814,0
891312,0
875235,0
28984,0
57414,0
883048,0
384587,0
6934,0
61651,0
28289,0
1028962,0
641553,0
667401,0
507472,0
107350,0
86310,0
557614,0
396548,0
93704,0
921543,0
257057,0
356024,0
87893,0
279009,0
161465,0
606451,0
459100,0
335636,0
866676,0
51528,0
98428,0
105504,0
75871,0
521412,0
164647,0
1186563,0
52453,0
7828,0
529356,0
479638,0
263962,0
726118,0
136547,0
698111,0
426624,0
588747,0
118940,0
671882,0
45509,0
167216,0
935550,0
74615,0
554463,0
340870,0
627936,0
43742,0
341019,0
581121,0
398841,0
745201,0
196227,0
143219,0
71206,0
420064,0
367652,0
333117,0
442767,0
108119,0
575998,0
262980,0
231643,0
192968,0
205465,0
129990,0
321275,0
1055234,0
126704,0
583404,0
42853,0
195072,0
198859,0
494586,0
127526,0
119569,0
819493,0
810067,0
181315,0
584254,0
741238,0
296802,0
87504,0
709726,0
119081,0
726698,0
128502,0
274958,0
20920,0
158764,0
35853,0
271282,0
341424,0
483718,0
120095,0
203087,0
589646,0
451880,0
59597,0
532937,0
22473,0
67235,0
644144,0
273422,0
454972,0
924883,0
627034,0
204347,0
194533,0
353399,0
657635,0
70778,0
41926,0
14098,0
54265,0
19301,0
351892,0
376782,0
37666,0
152863,0
57723,0
95698,0
424015,0
34060,0
168158,0
256381,0
210714,0
741149,0
735051,0
434226,0
253331,0
842780,0
624119,0
234607,0
596097,0
18922,0
496660,0
505194,0
531960,0
622861,0
743515,0
251289,0
507345,0
9934,0
126352,0
190780,0
533086,0
461947,0
330085,0
668128,0
283224,0
46001,0
77394,0
146286,0
255755,0
443541,0
88717,0
341447,0
667525,0
6994,0
230140,0
348431,0
462857,0
945702,0
293281,0
60410,0
392961,0
131324,0
368825,0
339487,0
238635,0
6090,0
490581,0
45683,0
179689,0
395596,0
854853,0
459842,0
1130961,0
257668,0
718316,0
291548,0
639002,0
439459,0
46010,0
172779,0
255891,0
230541,0
339576,0
194461,0
476755,0
431698,0
282671,0
28817,0
242295,0
140748,0
961944,0
613505,0
60289,0
411563,0
15680,0
93758,0
671657,0
686837,0
296730,0
427683,0
708275,0
58205,0
167796,0
657387,0
207576,0
1017261,0
353418,0
319253,0
47165,0
79685,0
1088534,0
274083,0
82508,0
180271,0
464373,0
199480,0
452867,0
891923,0
245744,0
936755,0
485706,0
229398,0
505934,0
593519,0
51604,0
1118086,0
666211,0
79960,0
164504,0
412045,0
253734,0
187185,0
392444,0
262489,0
685723,0
214441,0
33735,0
331208,0
591017,0
213590,0
186999,0
5946,0
161282,0
226288,0
34370,0
19013,0
434673,0
4672,0
43248,0
718580,0
283140,0
58861,0
288255,0
602598,0
72195,0
145769,0
164770,0
878164,0
214699,0
163264,0
350398,0
32306,0
550027,0
509713,0
57971,0
27239,0
92983,0
935043,0
1005240,0
8490,0
132060,0
936595,0
615644,0
1124625,0
641151,0
728380,0
244264,0
315280,0
186282,0
29038,0
274811,0
673492,0
532283,0
698776,0
31642,0
124025,0
668048,0
636752,0
156896,0
274839,0
581404,0
38073,0
321048,0
392530,0
14960,0
114680,0
234053,0
185699,0
36119,0
131664,0
130216,0
492319,0
718756,0
540687,0
1056971,0
583627,0
7797,0
183614,0
720973,0
98544,0
542686,0
23496,0
259721,0
129001,0
135215,0
119031,0
16891,0
326330,0
654991,0
197746,0
558139,0
284835,0
39087,0
479942,0
1260733,0
196158,0
566355,0
43495,0
83983,0
48756,0
302314,0
305418,0
337321,0
92431,0
83696,0
1067903,0
339339,0
50765,0
372808,0
247459,0
579746,0
877139,0
13286,0
58266,0
17212,0
19998,0
282434,0
165794,0
171043,0
446247,0
44689,0
175914,0
657155,0
496871,0
418884,0
24859,0
502288,0
38584,0
354214,0
139859,0
488297,0
531677,0
59872,0
204103,0
14081,0
355751,0
33343,0
85861,0
434990,0
1011472,0
406727,0
719694,0
515078,0
22519,0
340322,0
814644,0
256996,0
262002,0
83947,0
739315,0
804040,0
60784,0
743519,0
502253,0
206844,0
340866,0
287367,0
138803,0
274061,0
484743,0
227538,0
820662,0
584452,0
375019,0
706380,0
951303,0
34527,0
627228,0
114739,0
497175,0
1112904,0
618531,0
124901,0
289272,0
585325,0
524988,0
569639,0
503795,0
462141,0
36109,0
63342,0
412596,0
453796,0
110074,0
34193,0
583354,0
307939,0
284744,0
203470,0
37634,0
216263,0
199584,0
136641,0
214246,0
175773,0
74200,0
1185406,0
13021,0
182891,0
81698,0
374418,0
346643,0
192735,0
325104,0
50286,0
634460,0
909026,0
92049,0
93626,0
250638,0
511622,0
8421,0
751392,0
984540,0
85789,0
139198,0
293744,0
342227,0
369291,0
623331,0
98283,0
1172645,0
242940,0
795140,0
227436,0
534909,0
222805,0
673998,0
708681,0
619892,0
620318,0
257660,0
605498,0
1189255,0
29124,0
14195,0
39642,0
169757,0
605757,0
70243,0
621648,0
45860,0
69015,0
164208,0
423436,0
623340,0
836132,0
898781,0
621553,0
187602,0
200779,0
756494,0
270414,0
368638,0
365108,0
139339,0
140653,0
139895,0
58474,0
542588,0
381965,0
38582,0
605326,0
118330,0
277361,0
409106,0
687609,0
43308,0
695507,0
592975,0
166677,0
524839,0
54312,0
340172,0
260063,0
55444,0
192167,0
84993,0
294804,0
92816,0
12763,0
15008,0
127191,0
171312,0
446043,0
315156,0
489343,0
116905,0
264116,0
892049,0
45227,0
71107,0
522131,0
8689,0
1078945,0
441120,0
7572,0
46215,0
85791,0
61583,0
184915,0
694549,0
73725,0
193812,0
265082,0
538864,0
832056,0
34514,0
54275,0
428061,0
687059,0
6270,0
16634,0
908936,0
104466,0
468234,0
291657,0
292736,0
19319,0
72779,0
221272,0
424901,0
170904,0
685698,0
388465,0
461883,0
569578,0
404848,0
206745,0
461496,0
625812,0
6838,0
253892,0
334157,0
290550,0
536475,0
227967,0
380349,0
623254,0
726466,0
165467,0
75339,0
41616,0
292813,0
94195,0
58977,0
242813,0
65230,0
50199,0
206573,0
272636,0
45698,0
3098,0
230818,0
42942,0
928592,0
44084,0
337977,0
633398,0
149698,0
970493,0
70114,0
509709,0
921532,0
18923,0
136537,0
131102,0
104865,0
917101,0
285621,0
405568,0
312705,0
234279,0
1143238,0
242301,0
641426,0
607253,0
438086,0
329393,0
134761,0
1035994,0
364240,0
57970,0
222330,0
854079,0
187392,0
354609,0
99003,0
876440,0
857830,0
656250,0
3573,0
320247,0
68649,0
318257,0
706889,0
303599,0
465326,0
66106,0
6793,0
29434,0
74557,0
307098,0
359239,0
334453,0
536794,0
85938,0
73333,0
532536,0
48052,0
65239,0
564247,0
7776,0
91914,0
692070,0
542796,0
854988,0
258987,0
530801,0
45124,0
28841,0
34641,0
450853,0
875178,0
516737,0
60767,0
177843,0
176415,0
284547,0
500762,0
497190,0
98537,0
951690,0
727023,0
248592,0
431811,0
1007972,0
1047623,0
237000,0
368618,0
177852,0
37835,0
314980,0
118413,0
57581,0
412946,0
43484,0
36255,0
397063,0
267116,0
794349,0
33362,0
548934,0
293754,0
240640,0
32217,0
715379,0
5509,0
371869,0
640470,0
373251,0
187188,0
332,0
706860,0
220999,0
1189049,0
26105,0
320141,0
1021048,0
549844,0
880604,0
2726,0
670812,0
458178,0
242750,0
650582,0
61612,0
457961,0
89202,0
239732,0
303219,0
349503,0
623166,0
172957,0
74843,0
387129,0
315965,0
134371,0
166557,0
297645,0
707803,0
237537,0
121391,0
586527,0
10025,0
704773,0
365450,0
601877,0
257808,0
662338,0
924349,0
210363,0
476344,0
81589,0
45529,0
804934,0
26348,0
65264,0
324760,0
275938,0
513257,0
352811,0
1038413,0
606466,0
423879,0
280283,0
671074,0
58417,0
366278,0
110852,0
623076,0
457620,0
724876,0
214262,0
119772,0
699783,0
692736,0
30710,0
55866,0
94184,0
448705,0
659420,0
291697,0
330223,0
634430,0
509116,0
290768,0
123894,0
735364,0
547499,0
887142,0
128488,0
244548,0
22186,0
240900,0
426280,0
45383,0
401323,0
685154,0
16315,0
272642,0
122696,0
337388,0
1034665,0
509247,0
40792,0
59303,0
342887,0
567576,0
444523,0
395699,0
3560,0
390823,0
204138,0
130755,0
234189,0
249036,0
371174,0
109060,0
291939,0
718289,0
931764,0
166587,0
520061,0
1237940,0
277607,0
525247,0
198873,0
457068,0
341490,0
5627,0
190874,0
686862,0
62233,0
205525,0
85867,0
203199,0
317454,0
331726,0
41080,0
1262360,0
54787,0
33926,0
880054,0
818025,0
177038,0
452222,0
698523,0
615326,0
57851,0
265671,0
61632,0
336869,0
6636,0
295310,0
1178474,0
551001,0
168088,0
1071430,0
537127,0
21769,0
13028,0
324358,0
171374,0
79352,0
267383,0
268958,0
350364,0
283185,0
186798,0
586722,0
531840,0
569367,0
65256,0
341942,0
215676,0
801029,0
1059298,0
194438,0
25916,0
30749,0
508639,0
514888,0
45184,0
236541,0
77737,0
134538,0
1115271,0
3441,0
273773,0
286943,0
289194,0
573111,0
339892,0
185077,0
91315,0
215092,0
336891,0
856592,0
65278,0
339330,0
4351,0
149928,0
580560,0
19450,0
387407,0
464067,0
40611,0
47740,0
1295530,0
343151,0
45161,0
126413,0
90885,0
40446,0
684317,0
269351,0
52881,0
322077,0
171402,0
200651,0
235238,0
51277,0
610786,0
900195,0
1089183,0
264514,0
16893,0
585317,0
32380,0
111965,0
164914,0
272708,0
24105,0
471890,0
811114,0
101506,0
319298,0
392569,0
234523,0
746695,0
159522,0
272955,0
67886,0
75214,0
537845,0
37303,0
128375,0
67274,0
56818,0
1054214,0
92567,0
3507,0
6322,0
21913,0
183138,0
1149188,0
398429,0
413918,0
836160,0
235648,0
123521,0
349033,0
461954,0
538921,0
292365,0
410735,0
68321,0
65262,0
182284,0
90983,0
92572,0
45541,0
948938,0
45045,0
103950,0
344395,0
599663,0
244497,0
13743,0
1726,0
500689,0
342230,0
368887,0
358644,0
288353,0
54031,0
47722,0
32622,0
422316,0
247909,0
822958,0
830082,0
212415,0
167472,0
99548,0
45953,0
207037,0
390120,0
437392,0
59414,0
213048,0
62451,0
251028,0
706617,0
633056,0
695226,0
334425,0
240778,0
277033,0
41163,0
569939,0
722441,0
642721,0
22484,0
126751,0
33963,0
85227,0
73090,0
570560,0
45970,0
316945,0
733698,0
649305,0
238883,0
155843,0
509246,0
71662,0
120976,0
124879,0
305956,0
448868,0
962125,0
15074,0
654787,0
148607,0
258773,0
538337,0
455016,0
47592,0
627287,0
375378,0
580193,0
234132,0
540643,0
511790,0
645588,0
1331,0
84700,0
201553,0
817790,0
263556,0
85574,0
738476,0
51274,0
107184,0
102134,0
204585,0
101000,0
379677,0
461657,0
168952,0
67721,0
41335,0
195652,0
64147,0
470491,0
293903,0
656681,0
451317,0
61423,0
357745,0
283227,0
1047104,0
61417,0
192505,0
866246,0
96140,0
25850,0
48858,0
673153,0
775832,0
7445,0
200188,0
129688,0
1684,0
181112,0
403692,0
608382,0
161267,0
344598,0
264857,0
291432,0
539665,0
866916,0
255944,0
33491,0
565017,0
380416,0
240941,0
422986,0
137637,0
501610,0
913115,0
275939,0
134567,0
418752,0
7858,0
724178,0
615378,0
44629,0
37511,0
59645,0
5853,0
73636,0
658533,0
47082,0
301237,0
3942,0
33218,0
121238,0
845723,0
270515,0
265625,0
269171,0
562553,0
534706,0
301840,0
356621,0
829873,0
595942,0
58281,0
405393,0
330145,0
23076,0
139535,0
123485,0
644563,0
284876,0
223367,0
606727,0
817270,0
188914,0
176023,0
127325,0
93142,0
830261,0
397544,0
612880,0
934159,0
804664,0
40370,0
26764,0
337514,0
54781,0
978562,0
50691,0
78570,0
918302,0
29115,0
33914,0
223319,0
1077364,0
396327,0
36602,0
198067,0
726428,0
56761,0
462748,0
840835,0
523200,0
779241,0
26934,0
750886,0
631223,0
333200,0
380986,0
43077,0
79128,0
229815,0
121402,0
278515,0
418615,0
330876,0
606849,0
614084,0
197981,0
179467,0
169249,0
828341,0
57950,0
115608,0
584434,0
383315,0
191813,0
396535,0
218195,0
155038,0
396869,0
568693,0
221317,0
857939,0
654949,0
103427,0
1031590,0
14149,0
901801,0
1270417,0
7072,0
354232,0
4811,0
231786,0
461485,0
14259,0
953053,0
26751,0
623560,0
272206,0
882708,0
601446,0
232593,0
176591,0
67639,0
348756,0
979355,0
315910,0
486084,0
504581,0
493702,0
221883,0
169801,0
42399,0
741578,0
285298,0
707107,0
622830,0
985691,0
248756,0
712087,0
212982,0
705557,0
763079,0
58602,0
24458,0
353729,0
340994,0
35865,0
221815,0
540186,0
490224,0
703497,0
28124,0
49031,0
193803,0
203136,0
342341,0
323163,0
214467,0
195633,0
307094,0
194005,0
599686,0
169880,0
330931,0
110326,0
624808,0
25056,0
666922,0
357117,0
554390,0
493513,0
8552,0
470394,0
981194,0
125069,0
948273,0
344381,0
134936,0
825448,0
520858,0
940526,0
1426,0
396745,0
343184,0
15216,0
270999,0
124167,0
523228,0
241916,0
786438,0
234918,0
364173,0
56917,0
122592,0
191189,0
193593,0
1027069,0
561856,0
254249,0
345251,0
814663,0
476219,0
714313,0
532775,0
170930,0
53561,0
235355,0
142122,0
192886,0
388988,0
94226,0
21887,0
27116,0
692997,0
757272,0
817851,0
860992,0
990860,0
1154396,0
59389,0
41355,0
66280,0
1053148,0
347610,0
41932,0
337795,0
451340,0
136142,0
700400,0
63186,0
48411,0
3406,0
53742,0
220671,0
78726,0
182710,0
182879,0
334992,0
52475,0
80769,0
98274,0
448915,0
16733,0
282654,0
216489,0
232142,0
153190,0
387199,0
405720,0
503988,0
69396,0
468264,0
81163,0
57987,0
395674,0
247633,0
825441,0
847772,0
59951,0
161356,0
22753,0
747487,0
67346,0
230845,0
737533,0
200041,0
390177,0
631410,0
94923,0
710470,0
226896,0
238644,0
396087,0
13069,0
508941,0
24155,0
461951,0
993333,0
24589,0
566802,0
210009,0
666151,0
192565,0
22067,0
265569,0
568318,0
206693,0
723835,0
337781,0
381714,0
306609,0
89222,0
19230,0
124870,0
614262,0
569361,0
282785,0
802547,0
128904,0
321647,0
430592,0
131326,0
132052,0
159372,0
125031,0
406559,0
160825,0
702372,0
258267,0
241468,0
107775,0
25841,0
91347,0
635803,0
215390,0
221125,0
165885,0
891836,0
23410,0
257481,0
273641,0
33927,0
84802,0
472157,0
87667,0
87544,0
401319,0
12127,0
16064,0
424676,0
653862,0
49800,0
22328,0
451244,0
249061,0
564449,0
55291,0
185922,0
659521,0
55687,0
407487,0
35491,0
67067,0
338055,0
896663,0
66587,0
187309,0
5854,0
282679,0
870187,0
37091,0
59596,0
31886,0
13443,0
251309,0
217069,0
623579,0
9847,0
195954,0
230746,0
86863,0
73934,0
37712,0
545538,0
101912,0
355490,0
798717,0
126681,0
463152,0
551554,0
203518,0
160514,0
44022,0
33998,0
3979,0
485588,0
1076179,0
512385,0
403080,0
785967,0
13389,0
134530,0
112822,0
126705,0
347609,0
45368,0
196693,0
130427,0
597106,0
584809,0
542841,0
1071652,0
353214,0
89197,0
718318,0
316889,0
935229,0
727089,0
5352,0
1236339,0
565341,0
386315,0
931712,0
773961,0
333694,0
808559,0
161093,0
795431,0
326204,0
160567,0
374055,0
537488,0
322288,0
331634,0
148484,0
314378,0
406560,0
4317,0
93664,0
29974,0
160681,0
49040,0
911328,0
607809,0
44735,0
353252,0
126114,0
880332,0
122635,0
339079,0
606079,0
163279,0
402434,0
79620,0
609648,0
733494,0
645966,0
242359,0
8559,0
864611,0
29159,0
77449,0
1263951,0
914629,0
288259,0
845835,0
5667,0
26148,0
164186,0
178942,0
12384,0
402008,0
80009,0
127768,0
374090,0
233264,0
550659,0
627163,0
297241,0
6792,0
29366,0
399264,0
985683,0
293661,0
1019950,0
56183,0
817611,0
180020,0
463601,0
712042,0
482792,0
957295,0
620832,0
145997,0
341102,0
220656,0
891091,0
1000355,0
818104,0
41261,0
243668,0
406634,0
39102,0
655143,0
640686,0
154930,0
288856,0
1060935,0
1036451,0
708172,0
685086,0
383804,0
616035,0
1115074,0
173405,0
371814,0
164164,0
129103,0
208934,0
16947,0
82503,0
3950,0
345595,0
38746,0
45259,0
226739,0
631282,0
388382,0
322985,0
188930,0
53173,0
239972,0
743533,0
369086,0
983817,0
748319,0
538977,0
467992,0
9711,0
542691,0
318520,0
116655,0
529870,0
12742,0
385726,0
410571,0
245765,0
1073955,0
598101,0
354278,0
317086,0
24116,0
73681,0
142277,0
29051,0
318426,0
572309,0
953246,0
51489,0
515054,0
200057,0
124774,0
743600,0
37389,0
182816,0
200521,0
182618,0
43942,0
453028,0
59335,0
23960,0
265903,0
726033,0
468272,0
181469,0
80442,0
488996,0
123349,0
668502,0
339005,0
932349,0
695422,0
37947,0
508371,0
537850,0
22746,0
293492,0
697144,0
23247,0
918957,0
14940,0
157224,0
266809,0
161496,0
225736,0
424070,0
89082,0
220785,0
30825,0
136111,0
401923,0
443331,0
804775,0
70333,0
599829,0
33100,0
111511,0
141796,0
45562,0
351750,0
139434,0
531065,0
187896,0
12872,0
288855,0
148550,0
206947,0
514251,0
62240,0
223779,0
515506,0
483461,0
280727,0
485658,0
393839,0
739438,0
238627,0
968424,0
503096,0
941418,0
257459,0
399257,0
153537,0
69011,0
711337,0
511864,0
894205,0
280982,0
157373,0
330894,0
1071834,0
658244,0
313719,0
96374,0
240195,0
129584,0
322526,0
134580,0
58922,0
269586,0
335247,0
485729,0
317593,0
395123,0
65297,0
361108,0
45832,0
6970,0
7633,0
611650,0
956095,0
460845,0
153538,0
238717,0
312848,0
875511,0
720038,0
258888,0
1443,0
114093,0
147483,0
127128,0
175440,0
19671,0
223405,0
3890,0
8740,0
313477,0
3417,0
58976,0
364246,0
570267,0
250478,0
386967,0
522084,0
54528,0
412638,0
351808,0
498529,0
48067,0
244220,0
411838,0
1036407,0
325429,0
696996,0
412951,0
298417,0
57348,0
211076,0
587458,0
524290,0
742023,0
105500,0
381132,0
16651,0
1125319,0
6852,0
107283,0
18093,0
623143,0
611430,0
347469,0
1052374,0
72486,0
610603,0
281914,0
147881,0
216608,0
95472,0
413038,0
1140603,0
91341,0
44073,0
981196,0
109792,0
190917,0
279133,0
537171,0
14746,0
280700,0
23365,0
314288,0
595247,0
40027,0
67576,0
432658,0
3480,0
64215,0
361254,0
12064,0
26229,0
810569,0
139923,0
537860,0
138409,0
233082,0
628332,0
676115,0
36845,0
603300,0
95951,0
14137,0
131667,0
797461,0
5622,0
670,0
15300,0
342098,0
110822,0
51510,0
577455,0
22642,0
60607,0
85240,0
45397,0
238639,0
722371,0
435288,0
379377,0
120170,0
403718,0
673105,0
228846,0
346647,0
377043,0
348261,0
340773,0
42874,0
12106,0
199132,0
26357,0
314372,0
160361,0
255431,0
18871,0
1031293,0
292787,0
88610,0
1074629,0
7818,0
7669,0
758701,0
503884,0
401571,0
155050,0
775824,0
349909,0
549983,0
1565,0
398435,0
371320,0
38125,0
17965,0
290593,0
389564,0
364245,0
39015,0
169504,0
617875,0
694205,0
337390,0
3233,0
130763,0
315798,0
980783,0
312862,0
22093,0
1074055,0
605528,0
19953,0
490760,0
525919,0
242965,0
240752,0
256819,0
410,0
316760,0
240639,0
47285,0
226194,0
213429,0
139169,0
193632,0
79355,0
212852,0
766709,0
150663,0
298580,0
215876,0
586541,0
284306,0
433358,0
566013,0
43925,0
112465,0
173463,0
195605,0
121528,0
245186,0
253341,0
727111,0
205004,0
340853,0
314944,0
234888,0
166735,0
93827,0
57789,0
138777,0
1141487,0
312719,0
71099,0
357187,0
98349,0
609883,0
256361,0
428041,0
265916,0
366974,0
523364,0
544472,0
45491,0
136431,0
11354,0
240158,0
357998,0
4383,0
214635,0
924858,0
52328,0
110028,0
185593,0
213875,0
349701,0
6866,0
272684,0
287762,0
51161,0
379747,0
1061656,0
1063553,0
122043,0
569805,0
1185987,0
440163,0
183837,0
928629,0
285294,0
39705,0
7594,0
851990,0
72166,0
201574,0
1039787,0
939802,0
53360,0
88103,0
81793,0
1175610,0
572810,0
574164,0
54044,0
931900,0
47647,0
344581,0
63265,0
120458,0
365251,0
38339,0
789252,0
453200,0
812654,0
338227,0
335997,0
198008,0
204116,0
977484,0
55616,0
57525,0
274344,0
37287,0
268555,0
376306,0
198021,0
986412,0
413843,0
156730,0
161504,0
157543,0
67538,0
167264,0
520462,0
249463,0
293108,0
179481,0
610608,0
33958,0
86506,0
131444,0
285033,0
237673,0
380485,0
391056,0
450282,0
515501,0
53116,0
1065442,0
87143,0
111422,0
700395,0
467994,0
321686,0
742005,0
320408,0
282625,0
665404,0
610289,0
221873,0
958937,0
185147,0
12813,0
204354,0
267967,0
383229,0
138199,0
336382,0
837,0
254701,0
51897,0
138642,0
277093,0
468002,0
220878,0
61644,0
288239,0
567756,0
654507,0
938813,0
298276,0
471638,0
313168,0
704772,0
986262,0
123145,0
67556,0
241307,0
180326,0
270411,0
203360,0
387952,0
723604,0
343475,0
128901,0
5676,0
13122,0
1038054,0
697282,0
38253,0
655487,0
1069931,0
553687,0
169802,0
137293,0
1126,0
370836,0
707844,0
571020,0
169460,0
471286,0
933570,0
239033,0
169931,0
37760,0
27800,0
267676,0
294894,0
693412,0
371371,0
113504,0
39924,0
199941,0
262939,0
49804,0
196313,0
323379,0
179896,0
208848,0
86055,0
855059,0
157396,0
1052885,0
553217,0
77603,0
220328,0
234789,0
319301,0
2904,0
82361,0
227097,0
456182,0
1240762,0
278459,0
386942,0
348425,0
432852,0
118303,0
355516,0
110911,0
268642,0
279094,0
694535,0
101531,0
354134,0
55420,0
411662,0
48888,0
96923,0
349530,0
982855,0
336007,0
334449,0
3640,0
63289,0
574889,0
282821,0
129557,0
548186,0
335516,0
686150,0
491389,0
142924,0
26153,0
25508,0
280027,0
95314,0
602105,0
336565,0
936901,0
555164,0
745202,0
511909,0
554043,0
61863,0
95280,0
56807,0
231932,0
851551,0
289614,0
210825,0
40790,0
98558,0
72736,0
79948,0
288480,0
610653,0
1011738,0
333166,0
199377,0
116598,0
285862,0
45566,0
586564,0
16402,0
23163,0
235043,0
1063263,0
24498,0
55046,0
742095,0
23898,0
343154,0
59238,0
347666,0
376110,0
620317,0
716756,0
79194,0
142208,0
126014,0
183836,0
540727,0
655525,0
674612,0
360791,0
554174,0
123921,0
286263,0
379737,0
104540,0
42531,0
765972,0
335479,0
552057,0
108104,0
215616,0
883600,0
57530,0
522091,0
5793,0
854722,0
568535,0
52191,0
449173,0
199134,0
570421,0
604320,0
28456,0
15220,0
99355,0
43010,0
80756,0
33570,0
565821,0
223971,0
289573,0
605637,0
810595,0
1041614,0
591726,0
544148,0
595008,0
918342,0
411661,0
96819,0
28878,0
95267,0
796305,0
141835,0
193050,0
93077,0
742518,0
663244,0
802516,0
760508,0
531957,0
51260,0
400131,0
198006,0
93922,0
199730,0
298976,0
307081,0
89561,0
67066,0
347895,0
371145,0
673514,0
33337,0
63487,0
512993,0
40660,0
743769,0
271107,0
674921,0
100160,0
63040,0
175639,0
14694,0
33785,0
290876,0
168166,0
396176,0
348953,0
1044871,0
904931,0
272704,0
502070,0
677252,0
326427,0
209936,0
808574,0
403574,0
110309,0
213974,0
34300,0
509125,0
193938,0
132014,0
246133,0
