player_id,market_value_in_eur
179658,25000
593319,75000
534617,100000
30698,400000
173079,400000
356197,2500000
235769,25000
491738,600000
64952,300000
147697,250000
1217375,150000
441444,100000
93701,300000
342221,690000
170927,100000
514284,3945000
181766,200000
558688,50000
278940,100000
197851,100000
355492,200000
365462,200000
236499,150000
148365,3000000
472249,5000000
556046,800000
205927,10000000
6442,100000
796490,75000
258475,1200000
435205,1500000
7499,100000
104324,75000
119296,7000000
1088817,100000
178682,100000
582232,1000000
320456,100000
48534,100000
534675,350000
516751,8000000
363009,100000
46955,50000
112343,2000000
159553,100000
659416,500000
693066,250000
258889,45000000
504298,600000
185167,50000
216181,2000000
834397,10000000
264299,25000
304606,25000
827435,100000
832186,50000
684998,1500000
213510,75000
34691,725000
280730,1200000
7663,1500000
58327,100000
323713,700000
50388,50000
90591,390000
730072,75000
170322,350000
286275,125000
836336,1300000
42203,100000
288832,50000
865281,800000
285287,250000
302991,1000000
808943,75000
454973,25000
86640,375000
184340,160000
5309,400000
88082,800000
132671,250000
225770,150000
217274,350000
935095,100000
320953,300000
278917,75000
73908,250000
25785,150000
18350,10000
553380,25000
477938,300000
103516,75000
126600,1200000
121940,150000
523947,100000
68980,100000
42731,100000
929871,1035000
44679,300000
764684,50000
400276,125000
243856,4500000
295414,2000000
258353,2500000
258036,150000
436417,50000
176893,300000
193470,100000
418561,1800000
501252,100000
148215,600000
42940,150000
221876,250000
215649,700000
341087,25000
169555,900000
203446,150000
206559,200000
562257,130000
170509,300000
31182,200000
40204,500000
1060252,500000
332338,125000
670986,1395000
17432,250000
1123952,300000
82008,250000
187800,175000
38449,50000
45889,150000
268620,800000
688560,275000
524403,3000000
156116,150000
242299,400000
35703,50000
716276,8000000
254368,50000
156676,200000
324278,15000000
6438,175000
895402,1000000
223225,400000
51531,50000
28003,35000000
376460,3500000
153678,900000
59931,100000
499721,20000000
629588,4000000
406632,1500000
100129,100000
692020,225000
838182,50000
260606,75000
253751,100000
231610,200000
147043,1000000
126638,850000
298565,50000
658530,750000
198395,2500000
405670,7000000
628834,2000000
129585,400000
43745,50000
368860,225000
57213,400000
57438,50000
136550,200000
222556,200000
60551,250000
193994,700000
303254,20000000
451677,18000000
5755,500000
126741,100000
48206,50000
159471,25000000
4357,800000
1045718,50000
416012,1620000
336252,75000
317818,200000
1043583,470000
503640,1800000
5566,250000
18893,350000
13147,100000
14066,250000
957224,750000
236045,8000000
47769,75000
253766,75000
505653,20000000
213322,25000
460625,600000
315149,75000
56637,175000
86270,325000
65318,900000
283994,4000000
36238,50000
110688,100000
629032,300000
905691,900000
136181,1000000
470392,100000
330190,50000
159162,300000
872171,25000000
264206,500000
215,250000
950593,4000000
23918,250000
192300,1200000
57643,150000
36838,100000
112611,350000
409485,400000
149525,250000
76657,50000
953004,1000000
177467,5000000
704710,50000
250590,150000
651005,5000000
245625,1200000
80031,500000
366751,250000
1047599,50000
188613,250000
31696,100000
952551,50000
285279,75000
460125,100000
895334,12000000
378820,75000
279064,300000
537367,250000
387743,100000
158490,100000
74810,900000
46064,100000
892160,12000000
282700,1500000
242280,100000
394134,1000000
177032,125000
171145,295000
654539,15000000
87689,150000
177130,200000
195162,350000
661367,1490000
345437,1800000
268081,50000
45403,700000
223849,50000
594556,450000
1016253,500000
542692,100000
336726,150000
139956,50000
495621,7500000
260848,500000
638793,6000000
36478,100000
919358,3800000
719672,500000
361262,10000
123252,75000
3791,500000
281881,25000
240219,1200000
129788,600000
640219,1730000
309847,400000
726013,1420000
178540,150000
118538,550000
258933,175000
581912,50000
874080,1800000
593415,1000000
160910,100000
364603,1800000
3357,500000
501417,500000
519748,500000
1075339,400000
886189,150000
235780,700000
698548,1500000
43003,1000000
39153,1000000
458096,10000
918332,200000
623322,125000
863900,1100000
316935,25000
278357,800000
102744,1000000
146279,50000
52045,150000
7717,300000
779244,200000
325754,150000
265312,405000
679414,225000
581669,1500000
59333,200000
67252,250000
119066,200000
353147,200000
548031,2200000
168797,175000
324338,150000
34345,50000
254981,150000
189558,200000
345449,4500000
265545,600000
1043471,300000
351809,40000000
623160,50000
126687,1000000
95793,125000
398725,150000
388067,325000
464446,900000
132297,300000
317735,325000
670846,300000
288426,350000
277972,150000
941869,1000000
372246,20000000
203411,250000
178335,500000
290366,300000
182910,500000
503769,1800000
528451,2500000
544895,700000
93763,700000
930004,1155000
45395,250000
392049,50000
586559,50000
583952,250000
41131,100000
15930,75000
947069,250000
1086636,10000000
93837,175000
89407,25000
164937,300000
675391,950000
464142,250000
114430,75000
30687,200000
245083,700000
54512,150000
238500,2500000
619279,3000000
87856,1200000
6911,500000
294699,10000
921090,400000
296429,500000
679597,2200000
737781,5000000
304225,300000
448471,500000
121477,2000000
292534,5000000
917404,400000
876716,50000
293941,250000
118048,225000
341393,1800000
117107,125000
991751,13820000
112578,200000
340660,75000
339314,22000000
54645,25000
337027,100000
249952,2500000
203309,25000
45353,325000
77757,3000000
24862,100000
1196186,1075000
818906,100000
646108,1200000
230222,700000
86536,250000
160139,275000
129591,300000
416660,6500000
775605,50000000
111005,150000
111078,5000000
294780,4000000
551980,4160000
1021422,50000
1056102,75000
111072,100000
18532,200000
374698,75000
396583,340000
574772,3500000
80035,200000
610442,45000000
425334,28000000
26063,75000
952093,130000
158402,200000
288710,400000
235767,4500000
369159,200000
484389,250000
563692,1800000
333383,1000000
108601,175000
1194286,50000
312773,100000
15916,300000
256120,750000
38591,100000
58965,100000
68290,50000000
348039,500000
536156,1000000
633657,860000
505493,700000
815567,75000
47648,100000
355350,150000
480248,150000
23149,50000
244261,200000
203127,350000
36233,50000
576024,90000000
33195,150000
262723,50000
42550,500000
160334,250000
582869,50000
658298,730000
609692,200000
562175,600000
546194,175000
1179588,170000
244273,200000
450050,18000000
22823,25000
15047,50000
605427,100000
120651,900000
192801,150000
275683,700000
376486,1800000
733308,680000
162653,250000
324861,1500000
47646,250000
49270,25000
88709,175000
646333,200000
554297,200000
518073,600000
314863,50000
176995,175000
234327,50000
873539,50000
76895,150000
696849,1000000
72519,800000
51383,400000
51350,50000
354325,25000
63293,200000
270171,22000000
60964,25000
198529,150000
401921,650000
347695,125000
55837,125000
237297,200000
481617,1570000
804219,3000000
350828,700000
22948,150000
1159759,300000
318482,150000
296366,3000000
4015,400000
74857,15000000
989826,200000
136645,600000
618083,600000
74683,2500000
211395,250000
392710,5000000
571271,2000000
281917,3000000
42744,100000
238865,450000
21382,150000
5976,300000
477477,500000
461909,25000
130040,100000
611935,50000
379842,500000
222124,250000
110692,50000
129597,100000
323426,50000
951439,250000
175988,800000
240675,200000
59896,200000
291392,100000
342047,600000
443855,1100000
24113,100000
491264,400000
732206,300000
524356,800000
309110,28000000
478366,800000
35527,275000
338226,275000
117484,125000
189340,750000
375039,500000
79232,25000
389078,175000
170926,125000
104219,225000
183841,1300000
386846,75000
63254,200000
13683,250000
421781,150000
6118,250000
848875,1000000
740732,600000
842898,210000
257671,2210000
127074,600000
58124,400000
26683,150000
1047422,235000
202945,50000
591375,150000
555146,1000000
346468,1000000
26763,250000
51699,300000
12540,275000
969596,400000
367284,7000000
231642,175000
9980,250000
935554,50000
339501,900000
15342,75000
355517,450000
94288,200000
461895,1400000
91528,100000
118841,50000
349536,1500000
447730,350000
174915,700000
598156,50000
7330,500000
28020,300000
817180,800000
493674,300000
616142,100000
9340,200000
714458,100000
242273,5000000
13964,200000
741295,300000
118535,1000000
1064402,100000
140597,50000
587562,200000
312486,50000
25812,750000
260668,150000
342703,50000
46809,300000
108484,75000
43112,50000
111900,300000
394033,500000
4334,250000
243770,700000
658534,1500000
547534,500000
838813,100000
78507,100000
286415,10000000
92248,300000
461939,600000
501614,25000
107872,50000
1009658,8000000
207924,500000
344299,3300000
213398,300000
51178,100000
44722,150000
238541,125000
692049,125000
341466,700000
250870,2000000
213368,1700000
43845,400000
325602,300000
477274,600000
659781,250000
168683,250000
164912,325000
482493,450000
99508,250000
21942,75000
398709,200000
28261,650000
997646,3880000
69651,75000
720612,100000
892421,3462000
49693,2200000
297785,920000
468301,4000000
531031,300000
224673,50000
243602,100000
719384,300000
61637,200000
421775,250000
242411,100000
227974,750000
720287,2000000
576027,250000
65921,100000
157907,250000
171078,325000
606160,450000
724530,200000
297649,50000
617059,800000
295060,1800000
1054934,5000000
607173,50000
522714,850000
151334,600000
147058,25000
459661,1000000
52044,100000
295169,50000
390379,1500000
136368,400000
888790,1340000
569033,4000000
40680,500000
690797,150000
44687,300000
346017,100000
665971,200000
292353,200000
1001839,1790000
3216,250000
113045,300000
324350,50000
118534,6000000
235643,100000
166662,500000
16591,1000000
88373,50000
119150,2500000
363057,2500000
449345,250000
52082,275000
708500,1080000
61892,800000
403572,550000
392680,150000
195704,200000
153664,2500000
68162,300000
500191,200000
462784,50000
387331,3500000
34941,50000
899884,200000
88242,75000
342913,150000
800995,600000
33130,200000
92693,1200000
700067,50000
88609,200000
327536,900000
984439,500000
612824,2175000
31064,150000
108382,100000
691316,18000000
88239,100000
186486,150000
57961,50000
448696,150000
368482,20000000
92163,100000
104946,150000
704155,2800000
238992,175000
569842,1740000
380764,100000
358631,50000
645932,500000
400548,2300000
217259,75000
225963,2500000
174042,250000
12811,500000
904707,50000
471251,50000
142513,50000
5986,50000
363205,40000000
45247,400000
193729,50000
46580,4000000
424022,1500000
25441,325000
172974,50000
111042,100000
422158,150000
658293,75000
266414,200000
315202,50000
364238,100000
468309,3000000
342229,170000000
448983,2500000
411544,300000
15788,250000
86751,100000
610190,3000000
329497,150000
181006,700000
650104,300000
344541,175000
216600,25000
208085,125000
157490,500000
337799,1000000
430485,250000
51936,700000
208599,25000
127573,1800000
529731,200000
370683,6000000
69642,200000
16230,100000
804812,2000000
65177,325000
342364,350000
823768,200000
196655,300000
610441,200000
351843,1500000
19447,350000
733431,50000
157227,50000
696181,1500000
22814,150000
54287,100000
151470,600000
7319,50000
193111,50000
726430,50000
945760,272000
723487,9000000
257838,100000
407398,200000
93707,4000000
664808,200000
234188,50000
379807,3200000
43259,325000
22598,100000
744063,700000
236513,400000
36040,500000
465565,800000
410436,1200000
739252,50000
234733,400000
621965,600000
232499,50000
71884,50000
748803,600000
34652,150000
43084,50000
179471,550000
92158,50000
127139,75000
48491,50000
51951,50000
726108,75000
91945,75000
906571,50000
8073,400000
51369,250000
173617,100000
111191,125000
200393,100000
12704,200000
336160,700000
51191,25000
49022,500000
21752,100000
703225,150000
612570,10000
696600,300000
990590,300000
205519,150000
599592,125000
595238,500000
286297,14000000
1176345,1000000
619872,665000
368889,16975000
553874,25000
197650,200000
613312,25000
708271,350000
181375,3000000
57104,50000
668709,150000
5470,500000
544789,100000
299715,300000
931521,9070000
282431,25000
182554,200000
213068,100000
103600,300000
174842,250000
380913,300000
524043,900000
990132,50000
49928,25000
95244,100000
163999,350000
397797,175000
72422,250000
345189,1500000
285000,50000
49275,800000
322952,200000
435492,800000
86057,50000
85603,50000
125165,3500000
34232,100000
147396,500000
661467,175000
220969,1000000
137939,250000
1247360,50000
179750,25000
375137,7000000
690218,200000
253063,300000
374082,200000
283474,75000
225886,150000
795738,7000000
270596,325000
29377,300000
470128,700000
27614,1500000
690300,25000
471936,3000000
328658,18000000
13114,500000
59054,400000
61389,50000
223735,125000
362559,2310000
110812,325000
162427,250000
391933,200000
332615,1000000
434792,200000
612024,25000
510482,25000
717203,100000
60797,275000
33544,1800000
718035,100000
119213,400000
213751,2000000
335147,1400000
104941,150000
349347,50000
509463,2500000
794592,350000
75127,100000
22165,1000000
83485,450000
60653,125000
519817,150000
392516,4500000
255635,150000
918581,25000
371996,4000000
88682,1000000
35631,25000
30732,50000
187324,25000
251880,250000
471448,50000
841501,150000
175635,250000
238951,250000
93873,250000
236202,9000000
210631,150000
194947,300000
197751,1700000
110660,600000
39316,25000
1064471,1500000
691482,8000000
34239,150000
337310,250000
361124,400000
929634,75000
55619,300000
643097,460000
93085,25000
168674,250000
66109,200000
860701,400000
199321,1500000
34393,1000000
430310,5000000
448468,300000
938710,4230000
933,50000
156496,500000
319724,2245000
91376,50000
15511,500000
336116,775000
93535,175000
709187,70000000
104914,75000
271743,500000
302134,50000
427341,350000
450201,75000
217839,300000
260416,150000
875334,14000000
125087,200000
967340,2610000
326363,1200000
62501,250000
801989,100000
51944,50000
19693,200000
599046,300000
422098,75000
30767,100000
43217,100000
170468,1240000
39025,500000
318427,150000
1743,250000
510545,900000
860812,450000
109217,1600000
454628,650000
431393,150000
230523,1030000
397728,50000
7668,100000
651552,50000
42383,100000
806463,25000
750798,800000
26898,300000
302000,95000
945909,100000
53270,150000
915445,400000
261058,100000
265033,1000000
14716,200000
179184,5000000
672616,350000
214493,75000
105388,250000
384807,150000
336638,175000
149496,50000
790660,250000
79522,300000
1103981,800000
142031,900000
344107,1200000
330905,125000
380998,50000
30097,500000
567129,6000000
22068,1000000
223722,10000
271335,700000
49347,500000
242412,450000
327863,2000000
228900,250000
209012,250000
377219,1800000
628570,150000
284270,5000000
195910,400000
379961,125000
507496,1200000
657550,400000
537859,250000
260841,3000000
618898,3000000
607814,1500000
253855,250000
19402,150000
1061674,50000
27583,100000
84281,200000
380696,100000
455209,25000
655895,1500000
340524,300000
451251,75000
248054,6000000
293231,1200000
337316,50000
226169,325000
142326,25000
748316,450000
5768,100000
36808,250000
67804,200000
24202,100000
775257,590000
225122,13000000
190268,700000
1090422,900000
445013,50000
591878,50000
37875,150000
364403,400000
830286,965000
204201,125000
246291,6000000
462781,50000
496921,200000
197468,350000
187098,800000
83560,175000
8640,25000
213022,75000
203746,4000000
323614,275000
585718,8440000
282815,50000
82113,1800000
48081,150000
637900,1470000
568701,800000
387968,25000
312756,150000
62134,175000
486041,25000
610461,600000
534700,2000000
80444,7500000
333161,500000
921513,150000
805864,300000
808452,50000
42547,100000
292772,2800000
22092,50000
340448,225000
387047,13000000
333303,50000
72836,25000
448058,1500000
91317,850000
409533,700000
255172,100000
84913,200000
747315,175000
176906,150000
685679,200000
189151,550000
391931,250000
78798,100000
169090,200000
274521,100000
388409,4000000
118008,600000
91563,150000
988272,1000000
443726,375000
269677,25000
411482,275000
205924,250000
728311,327000
350193,150000
233268,100000
820957,700000
29351,500000
156934,800000
457979,1200000
376784,50000
158704,300000
261055,300000
320228,225000
416108,4300000
157113,375000
486100,75000
680844,2350000
3156,500000
127189,8000000
639758,150000
119034,125000
270667,125000
78332,50000
764893,1112000
889272,375000
228879,300000
235349,250000
398851,400000
467264,100000
599739,500000
226006,300000
490325,200000
56115,200000
376445,1000000
165717,100000
422807,200000
14349,1200000
149354,250000
504125,1700000
375770,75000
487428,22760000
223027,810000
6033,25000
567465,1300000
73741,325000
14244,300000
364136,200000
338783,25000
77640,50000
1173277,345000
39099,300000
56384,75000
392179,5000000
554433,200000
610740,50000
652637,25000
3333,1000000
38360,50000
96718,1500000
922847,4580000
470796,2000000
609646,125000
74776,75000
522403,50000
622801,900000
186796,350000
296397,4000000
93571,250000
459101,25000
119622,100000
141568,400000
111063,175000
488626,8000000
538569,1200000
46477,250000
381137,100000
392757,45000000
45219,150000
600836,150000
24973,200000
318058,100000
34284,150000
170544,650000
746972,25000
139173,200000
604492,150000
947360,8000000
855160,150000
562601,400000
211083,150000
618681,25000
211025,50000
89628,50000
538919,500000
628886,800000
456583,350000
565822,35000000
330352,2000000
543666,7500000
264176,450000
261461,50000
402050,4930000
285296,250000
13723,150000
277384,6000000
309007,200000
95424,6000000
29246,200000
491298,2000000
479019,175000
25066,25000
158792,250000
138927,10000000
1005835,500000
63689,600000
591020,300000
107427,300000
333802,4000000
445631,200000
82410,450000
1200856,360000
43414,350000
58381,50000
537469,150000
661145,12000000
308441,5000000
258310,630000
370734,75000
226026,225000
165012,500000
554365,200000
80877,350000
554392,50000
176341,200000
64341,100000
21748,200000
293450,200000
166561,50000
245014,3700000
337669,300000
223050,125000
41362,250000
230937,350000
583756,100000
132202,175000
325410,50000
310565,100000
396516,1500000
631996,1000000
183720,2500000
86645,200000
91469,200000
148343,150000
1033652,2060000
140446,175000
356473,150000
979235,150000
129386,800000
412513,2000000
342209,1500000
719683,250000
44674,250000
270393,4000000
743597,10000000
433219,275000
141229,100000
316828,400000
1176866,175000
103261,500000
199243,100000
18878,300000
496652,700000
672024,75000
490609,200000
370889,400000
501777,400000
358515,6000000
667287,17000000
170938,250000
314678,45000000
438315,800000
247366,500000
948278,100000
604322,150000
251106,13000000
70164,225000
397033,45000000
226085,1800000
733856,6690000
39917,100000
195199,125000
1226227,245000
64920,75000
601445,350000
555672,650000
459300,75000
236895,300000
85961,300000
43860,200000
741492,490000
246204,1200000
336960,2500000
229219,75000
284177,1000000
606276,25000
319143,200000
847759,1500000
495917,100000
881116,8000000
582058,400000
196316,6845000
283395,150000
62157,200000
248931,300000
256643,75000
741015,200000
194129,100000
344610,700000
121986,750000
179899,500000
329055,350000
598958,255000
337383,275000
23890,200000
166588,50000
290256,2000000
645173,15000000
61786,50000
547187,1200000
711382,2500000
207273,100000
1099278,1180000
133450,250000
710999,150000
102123,250000
1136725,190000
385839,350000
28335,250000
41751,150000
41140,250000
44729,150000
430484,600000
34559,400000
46662,200000
93732,500000
335245,250000
1047622,100000
342776,150000
45330,150000
319745,10000000
128969,2500000
415381,27000000
213990,250000
126480,600000
718312,2000000
241742,100000
59343,50000
905279,480000
455327,200000
27017,50000
396340,600000
75631,200000
384449,25000
395485,300000
348875,500000
209686,700000
463775,125000
368620,200000
45812,150000
271513,100000
23218,100000
172541,250000
397824,50000
27920,325000
206568,100000
448587,150000
564451,300000
693037,600000
63290,400000
34299,100000
45235,200000
910864,350000
203074,300000
147266,125000
458466,500000
126910,200000
199921,375000
740085,200000
203855,600000
335635,100000
447101,1000000
708680,300000
161244,300000
985441,800000
913214,235000
950874,2000000
867611,200000
535968,500000
231941,200000
3869,250000
167876,75000
192018,75000
36884,75000
430797,800000
255626,200000
77140,25000
29671,500000
13867,200000
89409,50000
1010855,150000
232691,50000
183538,250000
538998,2500000
1000157,50000
184767,600000
625142,1000000
1059483,230000
41100,200000
238223,25000000
66980,100000
726035,250000
294814,300000
495200,25000
696796,25000
546860,650000
700078,3500000
211325,425000
913429,770000
58455,100000
59145,3000000
282435,100000
1071220,685000
332867,50000
313078,900000
48895,100000
19045,25000
804799,200000
200796,25000
67245,100000
296359,400000
88615,250000
927933,100000
135343,9000000
770438,1380000
225162,300000
609649,100000
228087,250000
89659,200000
127032,3700000
66616,150000
902467,500000
264966,200000
179860,2000000
410281,600000
677794,225000
533354,1200000
923831,55000000
724035,4500000
46567,100000
77855,100000
111057,400000
629773,3000000
91303,175000
337787,1000000
667925,350000
44162,2500000
23197,200000
586729,295000
581106,2000000
224256,150000
892,200000
550631,350000
284844,125000
388161,75000
858252,750000
120518,125000
398693,150000
62725,150000
94201,2500000
243744,375000
324690,8000000
217923,250000
84318,225000
568117,50000
288853,400000
275330,50000
15117,25000
430788,1200000
110923,3000000
440827,900000
709380,1500000
220722,250000
626888,2200000
718763,100000
421935,5000000
112457,200000
520054,50000
178614,1500000
717199,700000
283628,22000000
410226,125000
748023,150000
178322,2500000
670878,11000000
570781,4000000
203377,100000
193534,300000
324811,6000000
98101,500000
58389,25000
71302,50000
176067,500000
189437,75000
7451,2000000
817673,400000
1244435,90000
557185,8910000
134631,2000000
57349,100000
384553,2000000
287653,50000
637446,10000000
249471,400000
735412,100000
222024,200000
194638,1000000
30670,300000
185823,50000
477979,175000
187283,400000
197604,50000
395862,150000
145988,11000000
250431,125000
404838,150000
3270,750000
186399,1100000
490365,250000
6076,25000
981977,700000
238637,790000
28936,250000
890819,150000
1071252,3000000
157166,150000
3467,100000
72283,500000
31645,300000
120091,150000
17232,100000
33710,50000
235776,185000
3613,350000
32233,400000
1116069,25000
33791,25000
587302,300000
296428,1500000
198587,100000
27126,300000
291398,25000
18935,1600000
44139,25000
60744,300000
570864,500000
73951,150000
72767,25000
77932,250000
709479,75000
35405,100000
285583,150000
608736,100000
189458,1000000
1045719,50000
77490,50000
808456,175000
74314,100000
193071,25000
1135452,25000
52791,200000
187301,500000
285998,150000
61559,300000
39622,100000
37738,75000
56796,350000
293944,2500000
240912,75000
130498,400000
339727,500000
622069,125000
1138479,9240000
387742,300000
405687,4000000
1064871,300000
182687,150000
213614,400000
397856,50000
354909,2000000
316419,100000
821824,500000
325,300000
22686,1500000
358422,1300000
345084,1100000
981516,2500000
243805,175000
404844,100000
235341,225000
974506,700000
320411,12000000
100497,50000
568157,30000000
30505,700000
93184,400000
44514,50000
545635,150000
104414,300000
415042,125000
349715,450000
461665,10000
339051,25000
14933,2500000
120788,100000
935552,175000
155806,400000
348778,350000
277428,100000
15209,200000
17930,500000
29678,150000
7642,50000
149729,2300000
134382,50000
479945,50000
57196,50000
187042,150000
285656,200000
245078,2800000
190145,25000
189600,100000
1018658,3455000
474701,22000000
1108637,2950000
38163,50000
771906,240000
15386,100000
67967,600000
138387,1200000
76075,300000
58152,200000
292740,200000
574385,5000000
335721,50000000
435775,150000
6807,50000
13326,150000
648020,15000000
47543,100000
646894,300000
295309,100000
30929,50000
328962,100000
745427,1000000
85506,250000
26336,75000
129128,25000
801474,200000
13063,250000
282544,3000000
774771,500000
155395,300000
109598,200000
322383,50000
701325,2700000
44417,200000
384745,1500000
569769,50000
467236,1000000
75067,1800000
15052,300000
525234,11820000
204097,50000
606038,1135000
375719,100000
696183,1520000
12979,200000
747953,650000
817700,1200000
15243,250000
1032242,250000
183397,200000
562478,50000
755175,300000
121271,50000
718764,150000
354697,400000
237481,125000
254039,200000
381974,275000
77,200000
212372,75000
197830,200000
743375,150000
650256,600000
756991,8000000
630076,350000
123579,100000
594240,800000
218058,600000
35278,25000
95682,25000
146725,125000
343316,200000
89086,800000
66005,200000
853250,150000
395089,400000
203842,1000000
639580,500000
340174,2495000
28753,100000
78497,150000
546532,800000
567504,150000
840426,200000
699303,150000
106721,350000
599687,150000
512995,250000
482110,350000
185570,300000
13073,150000
577394,3000000
992485,50000
64419,175000
74302,200000
24523,100000
470815,800000
78506,1000000
504089,450000
493899,225000
354775,500000
921542,175000
457244,700000
916920,3000000
701819,4000000
693312,150000
284732,7000000
451603,900000
712561,250000
658612,200000
147846,250000
490884,6000000
3109,1750000
85901,125000
199283,50000
738480,25000
26,750000
451128,50000
160837,175000
66934,1000000
230336,800000
472423,30000000
51948,125000
635129,600000
1069936,50000
348094,50000
463332,450000
600151,200000
303456,10000
170841,50000
320839,50000
117808,100000
188854,1500000
75144,300000
651534,25000
571140,350000
200174,1500000
624883,50000
743091,2500000
743556,1335000
227676,300000
193882,25000
86784,2500000
395676,1000000
190804,3000000
29390,50000
89592,800000
41328,300000
36211,100000
56005,75000
197493,50000
155423,800000
2874,600000
118056,150000
502245,1200000
285283,250000
250426,14000000
211389,1200000
719857,100000
377451,150000
240338,275000
421777,150000
355748,10000
523903,200000
913022,350000
447801,750000
458715,3000000
42425,150000
447063,50000
6046,100000
139133,25000
463605,25000000
962986,2715000
42974,350000
655815,200000
9369,200000
167268,4500000
114466,25000
1178748,150000
331514,900000
131977,50000
15796,200000
176130,75000
711338,1000000
255353,200000
50355,1500000
29605,200000
127066,100000
241974,250000
537474,75000
596821,500000
314268,250000
191891,2000000
597432,7000000
745851,200000
241477,1200000
645774,12000000
287871,75000
312473,50000
4072,1000000
532745,350000
45624,300000
9819,100000
379989,350000
402647,75000
177020,150000
124732,2000000
423608,50000
62445,150000
830265,700000
511121,100000
4086,300000
601512,100000
1111166,250000
17228,500000
225119,450000
203558,750000
802512,350000
391376,700000
636237,1800000
458565,200000
591373,3870000
718755,800000
1144627,500000
575374,250000
56134,200000
430764,50000
381794,450000
70870,75000
338636,350000
143121,150000
85500,100000
249459,150000
702148,175000
205657,600000
76092,400000
30758,225000
859105,25000
73373,100000
307512,1050000
842718,275000
409100,175000
481903,500000
707809,3000000
78236,25000
655894,150000
113619,250000
23201,50000
348520,100000
77974,250000
1067930,250000
461943,12000000
461717,350000
892054,500000
336747,500000
99490,200000
497225,50000
95737,450000
376514,18000000
375299,25000
170463,2800000
344591,1500000
13905,150000
392304,92000
68821,300000
163062,200000
534482,175000
157495,2000000
23874,50000
170475,200000
744728,4000000
15929,800000
73244,100000
211530,100000
137153,50000
96452,100000
72496,100000
12093,250000
212730,125000
592534,2800000
45464,150000
492715,3000000
7088,100000
489611,4000000
159668,1400000
45427,75000
35773,2500000
468332,1000000
226025,4000000
52495,300000
655207,150000
148118,800000
176936,450000
593193,75000
864788,200000
196126,150000
725816,75000
111482,350000
296284,50000
197652,100000
662148,25000
221687,225000
568007,300000
141329,100000
569140,3500000
390129,50000
3901,250000
329520,400000
281552,500000
928900,1000000
156639,650000
179638,2000000
273132,8000000
115133,200000
351977,75000
224874,25000
53258,100000
511964,150000
417103,50000
130756,125000
312621,100000
334499,900000
624920,800000
28953,125000
173832,250000
618102,200000
586429,16000000
708721,225000
25820,200000
556103,25000
567125,1355000
883552,1275000
936859,150000
342048,4500000
1560,350000
521919,300000
76285,50000
258362,350000
47604,50000
25427,400000
26443,75000
697280,1000000
95870,400000
372730,700000
100113,125000
420890,4000000
653476,800000
477922,300000
100220,50000
111048,300000
255243,100000
422768,50000
278359,3000000
232088,250000
406295,150000
15764,200000
817275,50000
210155,200000
1033005,3000000
747284,195000
821730,100000
294723,400000
775709,1000000
148208,100000
355566,800000
927353,750000
315857,1400000
623253,75000
80191,300000
627469,200000
159957,250000
58437,500000
22832,4000000
495752,900000
690429,3000000
377576,650000
136401,2000000
904974,750000
8399,50000
650712,3500000
288570,100000
62094,3000000
305415,1000000
842341,7000000
594105,500000
93118,100000
181179,200000
189073,2800000
926694,22000000
585711,800000
865557,150000
618350,4000000
88712,10000
175393,150000
74982,100000
49319,250000
555519,150000
235291,125000
1047118,50000
238856,300000
16690,175000
403800,50000
289538,150000
965954,100000
968426,260000
339253,500000
255474,2000000
249644,25000
214003,50000
272706,350000
553842,400000
77828,100000
71981,50000
146155,12000000
149498,1100000
416479,300000
419723,2500000
70074,600000
26082,50000
180317,100000
39190,100000
171209,1300000
448257,300000
956100,290000
13894,250000
187914,125000
71130,25000
400931,50000
231387,200000
338672,1500000
16306,12000000
307800,800000
613964,3000000
160736,800000
485963,10000000
1105394,735000
499605,25000
1048366,500000
1004723,1400000
124915,50000
213306,50000
389837,7000000
642002,1500000
260197,800000
56854,75000
522715,75000
735342,150000
337278,150000
49024,400000
379548,800000
358909,350000
773750,462000
815007,250000
54128,250000
189445,75000
617694,675000
20378,100000
187292,100000
4018,400000
163724,350000
567489,275000
428786,3000000
707802,800000
35251,1000000
121756,300000
89783,325000
504075,400000
931838,40000000
974374,1200000
481634,2000000
373977,250000
433188,50000000
640078,50000
81997,700000
101321,300000
108541,100000
354145,7000000
23584,150000
404586,920000
113919,25000
1159044,125000
466268,7000000
245034,4000000
580027,800000
9594,4000000
1143375,400000
284954,25000
887834,1000000
39198,200000
57355,475000
192294,100000
89622,350000
355479,200000
925862,3500000
58342,200000
36758,25000
245048,1000000
813229,500000
1052404,50000
1059104,100000
187955,50000
519731,4000000
164389,150000
160831,125000
234124,200000
353567,1200000
295696,200000
34161,10000
547723,395000
1047627,90000
317753,75000
199909,200000
564620,200000
749260,25000
34570,200000
157912,150000
98195,400000
449581,200000
334221,3000000
100428,125000
39125,1000000
15567,250000
357796,4000000
815014,50000
55360,75000
540315,6000000
537760,150000
1053147,2500000
54890,200000
321308,3790000
85706,600000
814273,1000000
418658,600000
251877,300000
112062,250000
69212,100000
275590,2000000
21372,100000
330819,150000
579450,250000
910769,50000
998442,3900000
208773,50000
156781,100000
747205,150000
171424,18000000
73484,400000
292665,150000
282000,250000
592735,5000000
640556,400000
938729,20000000
111964,200000
395739,175000
129561,75000
93862,150000
913219,235000
124198,150000
242661,2800000
264304,200000
61267,150000
554395,150000
363010,175000
510782,5000000
288499,650000
336002,25000
419117,50000
564841,200000
433612,25000
738774,10000000
3824,200000
352017,2500000
182462,400000
428012,75000
726721,1300000
563335,200000
290083,100000
666614,400000
937419,75000
1031047,50000
892823,200000
535927,3800000
94655,175000
412092,500000
105352,150000
270930,300000
309784,400000
121280,600000
448177,1500000
55215,400000
711544,15000000
234449,100000
155233,150000
744416,3000000
192914,50000
301736,25000
1009596,400000
216579,400000
51283,250000
34561,200000
168292,200000
379530,350000
140576,300000
250137,100000
312314,4500000
395234,10000000
258135,350000
297002,65000
175792,2500000
69014,300000
533239,150000
359667,25000
35265,300000
343332,250000
934876,200000
55210,300000
3876,150000
90317,350000
879631,150000
31514,400000
44622,200000
718303,3000000
48619,25000
581113,300000
289648,5000000
196869,250000
804547,150000
699702,100000
974208,760000
598281,75000
45660,2500000
34325,250000
223030,100000
104686,250000
255488,7500000
14041,600000
744179,7400000
581140,1600000
891075,25000
323664,75000
542336,800000
507223,4000000
138350,400000
592979,7000000
163532,200000
395976,50000
188335,400000
3139,1000000
380301,300000
29187,50000
1000752,50000
567148,50000
141349,150000
955355,50000
622831,50000
77026,150000
441128,75000
212642,200000
9593,100000
60792,250000
1070797,50000
118850,1800000
110671,150000
875113,150000
593315,250000
292501,50000
786504,3170000
167976,400000
607144,1500000
177065,800000
969447,3500000
672792,75000
797791,700000
633649,250000
422769,200000
1105124,735000
242416,980000
1038950,300000
55573,250000
1135967,25000
468700,200000
60731,125000
294525,2200000
98543,125000
540060,50000
249538,8030000
400536,15000000
35328,100000
982344,75000
74626,250000
111185,250000
719455,150000
19081,50000
348082,150000
839973,200000
813032,25000
937955,10000000
37933,200000
90768,100000
555703,150000
471005,2050000
67864,150000
197613,300000
151471,150000
655903,25000
29865,500000
631098,400000
627277,100000
817367,50000
866756,50000
80059,750000
58413,200000
391683,50000
345763,1200000
339327,250000
481244,1000000
56921,200000
312239,1500000
1071606,200000
215099,700000
424145,100000
111011,25000
656800,2000000
135560,100000
354666,5000000
590914,400000
461937,1000000
109008,900000
37399,200000
45587,450000
342876,125000
152916,200000
16417,50000
242983,50000
561614,50000
139341,400000
817787,150000
374889,800000
251848,1500000
707271,25000
568461,5775000
574455,75000
148148,25000
64598,550000
627442,65000000
807691,820000
216870,2000000
303116,3500000
875447,800000
394327,38000000
407014,250000
170460,400000
169052,1800000
4380,1500000
442805,2200000
289433,1500000
214219,500000
276792,50000
196978,350000
177779,2500000
2963,200000
306186,100000
830890,2000000
80339,150000
224662,200000
632349,22000000
451860,4000000
234880,200000
533568,3000000
1135770,25000
532040,1200000
13230,500000
189098,400000
121009,50000
51288,200000
794617,500000
50782,25000
283136,400000
914890,125000
799914,50000
415642,175000
261498,50000
315412,100000
461858,200000
775868,50000
510432,50000
260676,600000
1138758,45000000
99189,400000
969153,100000
144696,25000
510256,550000
94348,300000
796739,500000
369684,10000000
820241,2000000
53719,150000
58774,150000
24636,400000
44429,100000
314963,500000
140126,1000000
745211,11900000
1033486,50000
354042,50000
364938,1800000
163515,50000
158849,200000
386914,4000000
130729,50000
82048,400000
271482,50000
261886,50000
256453,350000
135217,650000
490383,125000
973704,100000
384667,2970000
224878,350000
256339,5000000
18909,600000
120175,225000
482072,16000000
235921,25000
55489,200000
270610,550000
468191,50000
357662,110000000
22723,50000
515017,1500000
464738,190000
569944,50000
43193,150000
361034,50000
124180,300000
391045,100000
283871,600000
27114,1500000
117812,25000
235614,50000
393975,175000
138850,650000
187860,75000
92870,300000
117469,150000
522681,900000
164236,550000
271997,800000
241701,125000
178862,200000
272844,100000
18331,400000
558726,50000
435272,50000
527180,200000
96255,200000
16955,200000
506855,250000
623491,100000
352332,600000
466808,600000
454126,100000
35004,250000
213799,50000
1225269,125000
273776,150000
690799,10000000
247645,75000
158946,1000000
257103,150000
164902,250000
666549,2120000
239046,700000
307870,1200000
262521,900000
424328,100000
528181,350000
355689,1500000
451848,150000
548187,100000
943837,30000000
530032,1500000
62008,600000
388368,200000
4192,200000
512394,1800000
517372,400000
425400,4000000
712181,200000
3395,50000
353948,4000000
221766,450000
126664,12000000
345714,175000
391907,800000
162036,450000
6004,200000
937942,40920000
825835,1200000
42062,50000
407885,700000
247915,2500000
85946,225000
357176,600000
22339,400000
1052719,250000
781196,50000
283242,75000
41665,100000
5345,250000
295183,3500000
418165,50000
75085,700000
295882,75000
59930,200000
96828,250000
167890,150000
128363,100000
419672,1200000
471692,50000
5486,500000
309041,250000
335003,1000000
584231,1800000
866326,50000
370885,1200000
37722,25000
460655,1200000
388516,12000000
102621,100000
1264192,580000
175912,500000
310708,500000
10504,25000
79654,400000
741517,600000
112336,350000
44332,100000
561883,200000
558721,50000
1143804,10000
536482,7000000
738514,300000
406761,100000
507486,5000000
607093,200000
686059,800000
52408,2750000
53418,3000000
117989,300000
358032,10000000
286217,50000
527555,125000
4676,500000
116900,700000
310822,750000
429861,50000
356117,225000
203348,3000000
357992,22000000
506470,1500000
137710,75000
67839,25000
917817,100000
431470,175000
234208,300000
392924,225000
747635,25000
294188,400000
39381,2000000
394326,350000
452876,100000
15956,2500000
51349,800000
109720,300000
167228,400000
868891,4500000
454567,28000000
206746,15000000
520624,80000000
1004522,1290000
129513,600000
601407,300000
585418,50000
1017551,175000
118319,100000
467235,50000
286503,250000
396337,500000
520067,100000
657796,1500000
572132,125000
452584,1800000
627213,200000
246831,400000
57388,100000
238291,100000
193093,50000
58516,100000
20296,150000
44956,250000
396094,75000
467243,700000
183291,250000
15461,50000
246963,13000000
226074,1300000
618565,200000
37290,200000
58778,100000
104201,150000
555015,2500000
403151,20000000
35884,300000
463617,400000
223248,125000
320954,200000
372051,900000
35908,25000
526167,50000
521842,10000
540941,25000000
358907,300000
977486,2150000
85627,200000
251537,150000
128905,300000
513235,4345000
280416,75000
59420,100000
272718,500000
182823,350000
129063,200000
618809,6000000
265902,125000
637545,300000
189863,100000
340251,150000
167297,25000
324111,275000
81168,100000
195274,750000
230985,400000
926235,150000
49501,300000
38283,150000
48537,25000
940072,400000
95488,50000
52262,25000
252661,650000
131506,400000
56820,200000
214860,150000
678075,800000
51894,1200000
111074,200000
170905,300000
469787,3500000
572402,150000
824353,200000
325443,75000000
145918,50000
158848,50000
57134,150000
225077,275000
381273,300000
190576,150000
617520,5000000
461682,175000
32816,300000
22801,500000
169850,100000
1079078,1015000
1020191,50000
58415,400000
14170,400000
52093,25000
240726,125000
405833,150000
790273,490000
25845,300000
33233,400000
148345,300000
1309800,90000
482826,400000
65,1000000
625651,1500000
111073,900000
176998,75000
459818,5190000
392956,6000000
182398,300000
147602,250000
611793,2000000
105534,50000
106365,25000
456650,10000
603676,25000
354717,75000
780146,275000
695454,2500000
74777,100000
294008,225000
92888,50000
218144,200000
667392,100000
67341,300000
18759,150000
378521,300000
807388,150000
93869,50000
93818,200000
268429,8000000
6234,100000
51630,100000
57110,100000
207889,125000
99361,200000
59594,275000
183150,125000
37697,150000
121403,175000
260053,1200000
395091,50000
424072,2000000
44072,200000
34951,25000
503075,30000000
236822,200000
100980,600000
267330,250000
419448,50000
215817,100000
49719,200000
78940,50000
632112,100000
138456,100000
49016,100000
18952,250000
170963,150000
641441,200000
1222050,130000
542099,350000
547985,5000000
290940,250000
345899,50000
342017,150000
72171,100000
331057,1000000
387160,1000000
45185,200000
405397,10000000
89034,350000
64490,300000
119085,500000
291399,300000
72310,200000
35252,10000
280644,100000
78147,300000
35989,200000
42303,50000
122498,300000
187193,100000
127118,50000
25834,300000
1032864,1000000
103916,550000
336331,400000
743233,150000
269864,25000
263236,25000000
86271,200000
947431,500000
236509,400000
345041,200000
480191,600000
229695,2500000
121236,325000
528892,1400000
102284,200000
63149,100000
188180,1000000
464906,400000
446712,250000
181548,50000
26936,250000
628835,150000
34281,100000
237846,3000000
496656,11000000
709960,100000
107662,600000
135566,450000
421284,150000
17885,350000
77145,100000
12515,250000
729677,150000
20850,100000
280330,50000
338794,1500000
342007,50000
184935,600000
468735,100000
36923,50000
488935,2500000
81663,200000
330174,275000
412542,300000
697724,1500000
610849,35000000
465857,75000
794298,50000
259151,150000
803005,720000
45333,100000
113994,200000
21042,150000
356008,947000
132401,250000
523315,800000
3589,450000
571149,3500000
30543,75000
307058,5000000
542710,125000
447071,150000
62163,150000
146554,25000
279764,200000
15033,400000
809498,1300000
288172,25000
412629,200000
567735,175000
479648,4000000
945709,400000
192637,800000
659089,40000000
227618,900000
76608,1000000
167877,200000
132154,50000
1075577,500000
483573,1200000
258311,50000
73092,250000
53238,100000
103565,1500000
48740,250000
460688,300000
86895,50000
440493,200000
897425,500000
289241,150000
726445,700000
522190,800000
85383,1400000
90367,200000
225015,1000000
437852,450000
185400,325000
241069,25000
187786,100000
498927,1320000
735416,250000
136747,200000
566349,250000
745178,1500000
1173926,1000000
905189,200000
153198,500000
800946,1500000
756990,35000000
504592,350000
320440,6000000
161202,150000
127156,3000000
315779,50000000
465955,20000000
448028,2500000
155761,450000
1042884,50000
291853,50000
34283,150000
398845,25000
323422,600000
22630,250000
43333,150000
591360,100000
61464,50000
362790,250000
41416,400000
266203,250000
344588,350000
395892,100000
394309,200000
190687,350000
502511,200000
251813,4500000
401025,50000
162043,75000
699758,50000
339787,25000
21449,200000
192921,175000
126558,250000
297694,150000
557610,1000000
511115,300000
981928,350000
72128,100000
1262359,580000
167501,250000
568216,1300000
360518,40000000
42976,50000
625202,1500000
5336,300000
212251,75000
503035,1000000
291947,300000
287700,600000
208512,150000
326337,25000
808646,75000
55001,100000
336959,200000
236781,200000
54306,300000
1225825,245000
111183,900000
347656,75000
923776,300000
152745,430000
84535,2200000
62834,50000
254016,100000
180731,150000
153673,200000
285771,1500000
378883,2000000
907219,150000
98827,550000
439343,2100000
709486,225000
184440,550000
13427,1000000
120967,225000
59984,25000
400549,375000
483385,400000
399779,500000
256448,18000000
51176,300000
159570,175000
310131,2200000
422936,150000
246877,100000
503482,45000000
391472,75000
80671,600000
700035,50000
812625,4500000
74550,300000
55595,100000
72771,150000
492490,150000
673071,2000000
129991,400000
266511,175000
284717,8680000
566888,200000
554396,125000
194447,125000
258970,275000
317444,700000
120050,150000
133436,25000
341705,15000000
58489,350000
197402,125000
255892,700000
79269,100000
495625,2000000
458537,700000
921735,200000
804652,50000
979766,500000
196813,4500000
145882,25000
936536,1000000
617808,350000
628645,300000
574930,350000
472271,75000
98320,75000
291760,375000
226271,75000
171165,150000
430146,200000
462831,300000
18277,100000
44402,100000
156887,400000
402010,3000000
4451,250000
199597,125000
41323,300000
140032,200000
598,750000
61763,250000
119905,1000000
395067,100000
28810,500000
262793,400000
703772,1000000
30308,400000
140804,275000
498686,1500000
449796,4000000
20726,100000
177821,400000
14927,400000
404358,500000
55742,400000
685680,300000
272259,400000
912447,100000
710479,100000
450391,100000
566723,80000000
103060,350000
282410,2500000
579207,200000
39906,750000
344802,100000
279110,250000
433584,4000000
452392,1500000
1020544,150000
394295,25000
45331,200000
486604,5000000
84467,200000
42191,150000
34226,600000
42366,200000
25879,25000
43276,300000
93568,25000
49488,300000
23955,200000
258356,200000
639711,100000
481128,1800000
210140,100000
44177,100000
53239,200000
242653,100000
110650,250000
798773,75000
463527,2000000
240076,75000
733083,1500000
337333,6000000
92569,200000
262183,50000
297007,50000
482204,300000
42803,25000
23102,500000
1143799,1032000
265648,500000
53757,525000
228818,75000
124889,200000
25684,150000
118323,175000
196836,100000
708695,50000
226060,1000000
168471,350000
485424,2300000
1076671,50000
13686,125000
368612,2500000
627248,2500000
166548,75000
84435,2000000
94296,75000
124155,200000
354613,800000
260637,1100000
77544,150000
440525,150000
592351,325000
189690,150000
107116,100000
39700,250000
866655,25000000
415333,100000
708079,200000
143812,2500000
71701,250000
412939,350000
87650,125000
84766,350000
13465,250000
34643,125000
636898,750000
413032,6500000
241527,2500000
234811,6000000
15166,1000000
177003,100000
700646,250000
161060,250000
461866,200000
346315,4000000
798666,75000
564048,150000
913323,150000
101088,250000
1111275,195000
1177810,465000
74537,150000
622871,700000
29193,200000
451252,400000
1160366,200000
250574,150000
13557,350000
290558,50000
882568,650000
371319,175000
419576,450000
464303,10000
385394,7000000
421110,50000
577590,800000
60603,500000
284846,200000
113996,200000
1240763,50000
432116,150000
77547,400000
631112,350000
291128,150000
575410,25000
1059814,400000
94674,150000
186499,500000
541022,50000
31173,125000
588853,50000
25553,1000000
82555,200000
54774,100000
829821,267000
190705,200000
382555,75000
127188,1200000
298313,400000
371927,150000
39090,500000
82389,200000
197478,150000
101657,300000
191987,850000
50135,150000
29745,75000
514893,250000
33530,150000
61511,350000
399360,150000
22902,50000
748838,100000
984964,460000
477109,800000
633647,50000
355685,350000
969971,50000
658543,800000
740674,800000
867688,24000000
477180,360000
904930,6410000
299121,300000
15250,200000
606301,100000
173804,500000
3321,100000
239583,10000
862554,1800000
673511,500000
657386,800000
594546,400000
7767,2500000
429987,3000000
541601,800000
77964,150000
345408,300000
193104,50000
22123,75000
854973,1980000
47184,275000
290928,325000
1065527,470000
566667,50000
101682,700000
647950,200000
1089202,10000000
50750,25000
258916,1500000
386567,275000
53299,10000
632831,150000
481198,650000
1047612,50000
168330,150000
240457,700000
227901,100000
41982,500000
146799,1000000
356936,500000
721953,175000
313504,400000
727480,1100000
66783,250000
520787,225000
928051,125000
266775,300000
42401,250000
569366,35000000
1146228,3310000
1044516,1160000
215213,600000
732117,200000
1073176,342000
121324,4000000
568362,800000
148646,100000
10375,75000
49500,350000
225817,50000
126360,350000
584378,265000
570469,300000
200182,25000
255744,7000000
272633,150000
623526,300000
620313,8000000
245070,400000
60604,325000
237678,200000
1175586,255000
685756,25000
355915,55000000
433184,200000
477546,125000
210202,200000
741587,850000
17029,150000
51186,200000
514380,450000
258023,1550000
343055,200000
168172,100000
296394,100000
167254,450000
12769,275000
671675,400000
102427,3500000
36294,250000
532495,1000000
206430,175000
15260,250000
704553,300000
711999,20000000
1024696,75000
700010,300000
441422,600000
352770,250000
639368,50000
228048,100000
256558,100000
691892,15000000
6065,25000
634125,200000
280064,150000
687035,400000
174001,300000
470606,1200000
348671,50000
551182,800000
299328,75000
156848,250000
834768,100000
215679,3300000
816143,200000
52112,200000
440755,300000
6031,1000000
543503,150000
1230462,300000
43630,50000
429927,50000
655906,845000
553512,75000
27349,250000
35600,200000
662332,2500000
525140,1800000
467599,6000000
583917,11000000
589926,100000
317739,300000
293513,25000
477920,75000
348269,600000
124410,3000000
127126,100000
58500,500000
791140,25000
35541,50000
288000,25000
532772,200000
78553,500000
228912,1800000
307306,100000
157036,100000
132694,50000
206889,50000
188862,2000000
651139,75000
52915,200000
4796,500000
616344,12000000
55884,100000
15843,250000
820663,25000
58622,50000
65781,250000
411027,50000
165513,8000000
260740,1000000
22614,300000
163847,1200000
268670,2000000
490387,50000
45931,200000
364742,400000
324993,125000
28007,100000
86062,600000
17804,100000
183302,2200000
742063,1300000
45372,200000
726705,400000
73257,100000
42935,200000
601500,175000
35837,250000
311696,200000
460620,50000
50655,300000
667965,4000000
565675,325000
455339,100000
58995,1000000
798894,150000
186337,200000
184218,200000
536341,250000
743557,1335000
647097,50000
252027,25000
361035,1870000
25319,100000
424014,100000
203517,1500000
57342,650000
683826,100000
347138,2500000
6403,200000
809099,350000
84898,200000
101355,50000
199297,700000
209781,200000
670000,50000
672100,275000
476364,300000
450958,2200000
152642,200000
128168,200000
910176,800000
291856,100000
455181,4000000
191792,150000
8540,150000
44979,150000
18870,300000
522242,250000
463608,150000
128828,225000
145556,25000
324635,150000
403315,18000000
5970,150000
357608,500000
23111,100000
40567,500000
392775,9000000
258139,2500000
187622,250000
187296,250000
61397,400000
120543,75000
593088,50000
256380,400000
863582,100000
534918,715000
236693,1500000
826224,10000000
574495,1400000
1072259,50000
202594,50000
790482,75000
573979,150000
186593,650000
28245,500000
446490,100000
242086,27000000
438961,3000000
634720,25000
555106,3000000
19059,400000
270221,350000
965924,250000
371998,200000000
265592,350000
20386,300000
400544,150000
580747,2000000
101425,200000
578392,25000000
237923,400000
806551,75000
291750,1200000
111627,700000
290788,300000
12359,50000
462838,3000000
526873,100000
241076,2000000
300110,300000
413605,2200000
1042715,100000
33789,300000
61819,1600000
655177,200000
206740,250000
531350,500000
413247,25000
200467,50000
333020,150000
138091,300000
501156,150000
266768,5000000
180907,375000
82243,200000
3356,750000
84363,100000
221118,100000
5687,300000
126722,250000
598577,140000000
371981,50000
686530,100000
557612,6000000
12772,100000
265176,1500000
420189,750000
1070009,85000
574669,800000
815445,250000
201861,1000000
97567,700000
89427,400000
306208,50000
346332,400000
423678,5000000
290290,300000
216508,300000
209154,100000
112364,100000
7782,100000
93740,10000000
423744,16000000
382773,400000
432672,100000
525578,2000000
216842,75000
922769,22000000
862628,750000
33935,2000000
345078,100000
41242,325000
127457,200000
483451,50000
232418,4000000
540693,250000
128361,150000
249884,100000
67815,200000
867710,4990000
816416,75000
12124,50000
163736,100000
175738,50000
82215,300000
123294,250000
337800,18000000
794816,700000
81532,175000
814268,800000
630024,150000
275028,250000
348214,125000
76597,75000
82201,50000
476735,100000
125029,150000
227382,320000
383774,400000
265383,1500000
241961,50000
441306,400000
228885,250000
340063,50000
450387,50000
288241,800000
1233283,470000
191829,3000000
561974,75000
119120,800000
42703,100000
52953,200000
110375,150000
425571,150000
355749,75000
717391,400000
399357,500000
1012421,2000000
48907,1500000
396561,300000
199924,150000
726697,800000
616341,55000000
825444,75000
217144,1500000
236966,600000
37414,50000
76852,150000
233113,125000
476770,225000
709957,4500000
329812,9000000
901648,630000
112317,1200000
455728,600000
250073,200000
340521,800000
19354,475000
427161,1500000
188669,75000
670847,15000000
169874,25000
526578,300000
197610,10000
339707,6000000
923836,13572000
394304,400000
15583,50000
209990,300000
662242,2500000
372267,12000000
56841,100000
54284,250000
342405,12000000
291397,200000
165341,700000
577718,250000
7096,300000
576743,275000
240773,125000
396532,500000
531461,500000
728478,600000
255453,100000
33706,200000
88528,100000
397604,150000
260979,800000
171411,75000
189070,800000
747019,25000
182923,2800000
348519,100000
564049,250000
34206,300000
234761,350000
295059,750000
615642,800000
563140,100000
87415,50000
935050,50000
993408,1135000
405674,300000
391132,400000
459504,75000
506150,100000
322798,1200000
16444,100000
79723,900000
59266,50000
91377,400000
28171,25000
396067,350000
119044,1200000
260543,1200000
632716,490000
242078,900000
789898,1000000
15150,100000
220805,75000
801577,150000
132091,300000
129586,2500000
9967,100000
169642,50000
891987,50000
44860,150000
127151,700000
724104,2000000
228917,1500000
269503,700000
68275,200000
460610,205000
163597,400000
77875,200000
655669,350000
282460,25000
261106,150000
671847,50000
93905,1500000
162532,100000
128103,75000
509268,300000
861192,250000
156899,250000
67089,600000
40937,50000
385257,25000
356044,3500000
206956,500000
78500,150000
313729,150000
173579,200000
226005,2000000
214701,200000
452619,50000
566572,150000
621592,100000
110885,300000
170649,25000
451276,80000000
62514,200000
481623,4000000
549038,1500000
34771,200000
160671,600000
98492,125000
892037,410000
47571,10000
797560,250000
178957,500000
193110,75000
184992,1000000
397171,3500000
216718,100000
669312,200000
25754,100000
451642,2000000
123500,200000
688707,8000000
409103,250000
453916,200000
318354,100000
67869,150000
103547,1500000
46060,300000
187285,10000
379634,1800000
354340,2300000
59699,75000
574448,505000
7063,75000
19108,25000
406891,10000
637549,75000
627226,3500000
501612,750000
216569,12000000
302371,2800000
217918,100000
467632,5000000
193097,50000
521474,800000
361027,250000
104233,325000
707225,450000
103381,4000000
315312,700000
54659,150000
322524,150000
148682,1000000
72883,125000
579928,15000000
453770,250000
624548,700000
718307,3000000
371461,500000
632667,250000
123682,11000000
12729,300000
453376,7000000
601852,900000
63209,200000
696655,50000
146281,25000
311438,300000
22896,400000
319548,315000
924800,500000
192265,125000
4337,250000
390130,100000
114422,500000
67090,600000
115898,200000
1027066,360000
336080,50000
934034,300000
31579,7500000
44094,25000
744941,150000
165345,350000
34564,50000
461843,1800000
118196,600000
723733,1000000
237479,25000
177452,1500000
123366,50000
96758,150000
146743,75000
376783,145000
326416,1500000
297260,50000
85554,400000
406806,1800000
687923,700000
172565,200000
114165,100000
401527,3500000
153880,350000
368468,5000000
429874,10000000
209864,25000
387966,25000
124668,50000
290872,250000
27924,100000
627756,50000
621123,125000
250007,350000
62080,300000
325221,50000
182937,50000
93747,600000
970279,800000
48699,175000
749186,500000
284636,75000
616536,200000
198973,100000
275287,350000
802726,600000
230457,800000
29073,50000
699018,225000
269927,175000
23592,150000
601228,10000
3785,500000
455917,250000
643356,100000
588020,450000
243616,175000
386449,25000
852998,250000
670683,1700000
914562,60000000
282630,400000
260655,4500000
286293,300000
33820,750000
47576,350000
131933,1600000
1011469,550000
342347,100000
199795,100000
709478,600000
913361,800000
228891,250000
31741,125000
823231,25000000
991180,100000
91259,400000
1015851,3780000
230221,75000
257139,25000
546225,300000
76324,100000
4075,700000
340611,140000
240409,25000
768149,2117000
533762,9090000
883122,1800000
658848,700000
199222,125000
309112,150000
331496,2500000
24008,100000
5980,1000000
926987,5585000
109793,100000
280472,50000
707381,1205000
37295,50000
671736,125000
470152,250000
17555,200000
69636,150000
581670,1000000
127610,200000
321571,100000
312678,3000000
413507,28000000
61953,50000
31553,300000
814725,250000
504849,45000000
775403,1500000
1003436,100000
106862,300000
900601,250000
282727,5000000
36866,250000
74232,100000
361699,640000
247380,650000
270308,25000
558709,250000
30428,150000
362186,300000
685939,25000
209933,300000
892052,360000
262391,600000
612475,150000
217115,10000000
392570,1000000
234133,200000
249246,50000
242532,400000
599677,150000
349836,1200000
200789,150000
43256,800000
317114,150000
182688,2000000
426805,125000
329714,1800000
457911,200000
26373,200000
314995,50000
182722,3500000
396410,305000
228999,300000
693985,300000
568378,75000
241365,150000
520530,2000000
47994,200000
61505,400000
37095,125000
337920,50000
43288,200000
16124,400000
325499,15330000
13431,250000
263159,152000
281923,100000
505675,2500000
526845,15000000
156501,1500000
45985,250000
569632,1000000
1119009,12000000
67084,50000
357987,275000
533295,15000000
331779,800000
1127413,100000
58567,10000
165008,300000
949113,300000
361086,250000
508994,300000
198752,125000
196570,50000
196815,450000
435587,900000
586538,250000
725963,100000
621365,100000
385920,915000
91225,200000
540270,2865000
939150,50000
596522,300000
15983,300000
71601,100000
587688,450000
522142,25000
361082,1800000
218011,150000
640558,650000
654099,700000
4056,500000
576997,50000
3620,1000000
647281,325000
428189,1800000
809899,400000
85177,1500000
380598,8000000
19435,100000
623412,800000
517518,10000
103128,150000
137174,350000
611426,7000000
1041532,1000000
1256101,510000
370791,8000000
221311,600000
230826,650000
1071937,50000
401822,700000
34053,50000
363871,200000
96824,150000
475412,1500000
312895,300000
207592,250000
928323,4000000
279242,2000000
795657,800000
538057,550000
727086,100000
45212,50000
167265,500000
361272,50000
87093,50000
463872,25000
332071,100000
121988,500000
646741,200000
351749,15000000
747483,150000
191680,150000
138267,300000
341710,2000000
280536,50000
325223,4500000
427693,1500000
94298,50000
744131,200000
196231,3500000
192268,100000
261741,100000
545400,700000
20750,100000
319180,75000
810093,4000000
855308,2500000
419065,100000
743395,1500000
202604,700000
61561,300000
543537,3000000
566043,1000000
131225,7000000
13340,275000
807689,2500000
64791,50000
895042,25000
741033,225000
230960,100000
15872,100000
318910,25000
724108,1000000
767384,10000
495722,2000000
108544,810000
71918,300000
718759,100000
353368,25000
648909,400000
712107,5000000
37889,75000
10501,250000
250160,100000
586980,150000
775985,150000
448890,125000
605633,65000
53306,75000
174869,200000
326200,300000
741359,2695000
392375,175000
240129,600000
310468,1130000
116611,375000
24994,100000
57791,200000
62678,300000
29170,1200000
63531,350000
22202,750000
271225,50000
926978,800000
194460,2200000
49676,100000
36007,150000
311397,100000
448263,200000
192364,300000
491765,25000
745623,1475000
882225,50000
315604,1000000
411416,600000
228038,75000
153237,1200000
212440,100000
365540,400000
1043030,700000
544790,805000
1238800,100000
91931,300000
329653,25000
77710,500000
310004,50000
580195,140000000
52406,1000000
260041,900000
364404,150000
572163,100000
68778,400000
275218,6000000
229263,600000
24484,400000
42641,100000
13783,400000
651727,25000
405692,200000
279079,1500000
269585,250000
336104,350000
119549,200000
25115,300000
610428,3500000
289843,500000
715357,300000
226964,200000
361083,250000
815822,150000
185087,100000
361112,1800000
205128,800000
983702,800000
123551,900000
357885,6000000
45243,50000
260229,400000
21770,100000
49144,150000
425496,75000
191831,75000
190853,100000
661805,350000
584490,250000
108636,400000
88647,300000
125746,350000
944355,830000
867082,600000
65489,100000
8163,250000
938388,2285000
234577,300000
24880,300000
120306,25000
939763,500000
121232,195000
167850,10000000
529425,400000
292398,1000000
415645,400000
58074,400000
101015,50000
357776,700000
481514,400000
989998,125000
17441,500000
97241,350000
815652,3000000
82281,350000
87789,250000
848682,8500000
525299,25000000
94211,50000
244130,250000
475149,250000
525885,150000
121393,250000
825073,600000
53536,1400000
293228,1800000
521462,50000
168257,75000
132398,150000
30556,250000
12575,150000
590835,1500000
608832,12000000
404847,200000
387626,32000000
1045123,500000
28851,50000
176573,500000
622179,100000
224669,2500000
170914,350000
868080,5755000
193877,350000
81563,150000
16394,300000
36291,150000
401802,50000
585102,600000
25248,250000
163628,50000
193664,25000
106207,125000
396161,700000
747967,250000
37521,450000
14863,400000
336587,150000
277221,200000
102142,200000
192736,500000
532574,300000
183299,3000000
134416,150000
1037842,50000
797358,125000
163243,75000
309393,700000
91543,100000
131745,350000
1229313,320000
293279,1700000
658742,100000
77471,200000
160920,300000
45319,250000
394855,75000
1110645,500000
229268,400000
596481,5125000
698047,50000
103370,50000
366723,2500000
242040,700000
4902,50000
415383,1500000
193592,2500000
165711,175000
75611,250000
536510,200000
720530,875000
940411,600000
168167,50000
220807,200000
193105,25000
511118,50000
241382,50000
624831,100000
735349,100000
31773,150000
64352,250000
230552,2800000
89313,400000
136834,550000
495629,5000000
1263365,400000
434598,50000
187097,2500000
819938,550000
102779,300000
359678,250000
288449,650000
29065,50000
310796,285000
40632,100000
876857,200000
95732,5000000
671735,1200000
805835,500000
15666,100000
200082,225000
282724,2000000
747009,3000000
225043,700000
8709,200000
409490,1500000
39194,150000
422051,1200000
256338,25000
877124,500000
254477,250000
115979,400000
7763,100000
54149,800000
9856,100000
64890,25000
1083960,600000
587003,1200000
591193,5000000
283130,3500000
487167,2000000
584213,250000
170982,200000
726859,200000
161544,50000
192601,100000
344579,350000
322989,1700000
297646,300000
337673,500000
526098,150000
292343,150000
912688,150000
1063292,4500000
205402,275000
12516,500000
110941,400000
487633,350000
1134218,250000
654384,700000
130503,25000
22728,400000
35711,150000
175601,50000
111266,500000
153236,250000
212899,700000
134419,250000
424900,2500000
47299,75000
4010,1500000
293213,5000000
38410,400000
225095,275000
524941,75000
227954,200000
177394,200000
58425,100000
734425,600000
581783,660000
28356,100000
325801,75000
119355,175000
29061,400000
267701,150000
163652,200000
336566,125000
711976,10000000
62077,50000
430311,150000
278648,50000
14178,500000
303657,2500000
690924,500000
917991,100000
340325,18000000
1231401,500000
339331,150000
58330,400000
286215,50000
214273,50000
123503,500000
143101,300000
183204,125000
132244,100000
93739,250000
23340,300000
164600,160000
397351,50000
834755,250000
193125,3685000
601092,450000
369106,195000
484838,800000
375376,1500000
276111,1500000
58946,75000
192498,275000
484991,200000
49733,500000
518348,250000
1147385,2550000
35587,400000
475284,50000
258263,250000
635881,300000
25807,200000
654236,225000
373300,3500000
987811,350000
41311,200000
457778,200000
319674,600000
15165,225000
156489,300000
1048118,200000
105207,25000
123216,125000
214070,600000
477556,500000
375000,260000
22515,100000
825437,2000000
296963,700000
633754,3350000
29354,400000
34542,200000
28594,50000
21332,275000
1027068,360000
73096,50000
570227,75000
975716,895000
44324,300000
411302,700000
792380,50000000
596096,50000
817338,100000
44017,1500000
399373,175000
174304,100000
504209,6500000
445784,100000
241109,300000
385271,7000000
271622,250000
239987,400000
429915,16000000
515386,400000
322955,25000
694186,4000000
170851,600000
379687,150000
29208,50000
130382,150000
401729,3000000
689628,3000000
403839,275000
205116,100000
494170,600000
25557,2500000
97576,50000
598399,3500000
28818,75000
143559,1000000
486597,650000
305947,23000000
324378,700000
715630,25000
241613,9585000
236041,3000000
198053,600000
115507,1000000
186863,600000
418225,75000
829949,10000
464598,7000000
35241,50000
702441,5000000
927714,700000
456080,475000
42506,150000
132999,250000
203647,150000
22130,325000
90797,100000
287920,2500000
163053,2000000
286077,100000
553757,700000
90936,150000
270402,25000
38388,600000
691828,50000
636741,200000
76032,100000
315850,250000
395928,350000
120236,400000
144456,50000
144536,400000
56324,50000
15077,25000
337198,500000
137576,7000000
1106701,755000
258335,300000
699842,100000
137162,200000
952165,130000
835136,50000
226971,350000
351894,600000
88490,1000000
249063,1200000
119478,50000
417913,12000000
228847,50000
563464,150000
264796,1200000
305274,500000
474220,225000
1041334,400000
319300,125000
182711,1100000
127353,125000
35617,75000
159908,1100000
157588,50000
361207,800000
106270,2500000
1112449,1000000
490842,350000
577486,15000000
565431,600000
578680,3500000
356141,15000000
185817,900000
574501,800000
698742,2000000
499606,50000
1112706,100000
288253,6000000
537490,25000
90587,390000
8498,500000
830891,150000
854689,150000
126610,50000
12628,150000
202973,50000
707364,25000
16311,300000
3271,500000
539134,10000000
62909,300000
854606,325000
308278,3500000
37403,500000
383630,200000
45701,500000
574193,700000
14945,300000
9737,150000
292545,275000
349433,2500000
5856,200000
194330,75000
7397,100000
331975,400000
146071,500000
623553,3200000
116272,200000
153739,250000
690625,145000
484756,3000000
461790,1000000
394850,25000
535282,1500000
392586,150000
251327,50000
37837,50000
817226,10000
220755,500000
42678,200000
395695,3000000
816308,2500000
34495,350000
118078,300000
40442,400000
724099,150000
35539,500000
1182006,230000
1143809,1032000
91854,100000
845872,5000000
373939,700000
16335,125000
168253,25000
102146,3000000
569374,150000
133041,150000
386824,50000
717421,50000
773748,10000
177953,150000
258246,125000
22377,250000
43512,300000
95738,200000
13445,100000
20137,200000
221414,50000
450111,25000
629566,600000
598545,100000
657435,1000000
108390,25000000
89027,650000
896140,50000
193768,250000
189157,200000
354326,75000
513031,2500000
637802,100000
982081,300000
72943,150000
401047,100000
318552,50000
96754,2200000
670558,150000
36813,250000
988862,800000
511117,25000
177477,200000
320829,50000
505464,800000
673382,5000000
120205,4000000
917398,50000
156721,450000
287876,1100000
36090,100000
74297,1800000
212863,300000
591844,1500000
60323,150000
284701,1000000
447053,50000
614988,300000
15762,300000
56698,100000
315852,2200000
196829,6000000
914046,150000
555719,400000
598635,250000
862079,3665000
696631,3500000
131827,1000000
504543,325000
5698,250000
27683,50000
421873,8000000
62086,150000
281979,50000
322602,25000
48897,100000
804933,150000
318470,22000000
307823,100000
75820,100000
228658,100000
357656,3200000
68815,100000
801420,450000
551981,500000
633377,1000000
1044893,5000000
946396,200000
85176,50000
530733,275000
281900,250000
103934,350000
928330,650000
4216,250000
364038,50000
512352,1000000
270576,25000
18981,50000
110755,150000
650255,400000
24305,100000
349107,400000
57545,300000
133822,10000
825725,315000
430976,600000
194998,1100000
197921,100000
223263,300000
32806,300000
726016,400000
113890,150000
114299,360000
429086,100000
1006411,2500000
208552,1500000
78753,200000
36139,2500000
442337,350000
390179,1000000
665048,3500000
168213,25000
88968,375000
111163,250000
255195,150000
515074,100000
459151,7000000
11365,250000
1175926,50000
189452,1800000
59866,1000000
375655,25000
579950,25000
589477,1240000
257376,800000
165895,10000000
808889,50000
94205,75000
231193,200000
395693,10000000
267160,6000000
152420,50000
3458,200000
667007,300000
690993,1500000
961051,300000
371967,1500000
485964,300000
44358,150000
485961,50000
15118,200000
92385,1500000
34006,125000
57415,100000
448835,150000
427653,400000
5169,500000
404260,4000000
808477,100000
106617,50000
70359,200000
84481,300000
242854,300000
205562,5000000
319213,700000
14535,200000
851111,12000000
1030525,75000
762387,200000
21086,25000
1048428,500000
428444,400000
160404,200000
123558,250000
84442,350000
176570,900000
91479,300000
168106,50000
187947,250000
391048,25000
452300,200000
256186,350000
134497,100000
12387,350000
16499,200000
48950,300000
195906,300000
748358,800000
821905,50000
212595,100000
609556,7000000
55735,4000000
12743,350000
491296,8000000
112624,300000
632471,100000
190188,400000
163744,2000000
345759,350000
416472,100000
129085,1500000
203342,200000
482107,550000
1054922,150000
318403,800000
874705,62000
19948,150000
25220,300000
480452,200000
371856,4000000
683557,150000
84938,800000
485585,28000000
267056,400000
459322,150000
295807,150000
776033,50000
62553,200000
700166,100000
313830,1500000
764859,5000000
129971,150000
903455,1840000
21725,300000
1173331,345000
166326,400000
330060,700000
379870,1200000
75213,50000
31067,100000
450844,255000
726431,25000
45343,100000
58445,300000
60191,150000
370399,800000
363717,200000
270296,100000
701842,200000
4205,750000
306668,350000
808582,100000
686845,3000000
565424,35000000
95976,500000
80696,400000
102660,250000
462772,2500000
856136,150000
227089,100000
610406,350000
330659,35000000
25918,50000
348493,100000
598972,350000
720948,1800000
34913,100000
254985,2500000
1006551,50000
356009,250000
1140587,10100000
356081,12000000
114791,300000
466124,300000
38810,100000
397224,25000
1086381,1000000
708240,500000
401768,300000
66413,1000000
2712,250000
620368,600000
1173042,150000
182720,400000
399448,4895000
86918,50000
242792,100000
3322,100000
155036,500000
57845,500000
373379,150000
1146029,1500000
62610,200000
284728,200000
875929,500000
397869,25000
392768,24000000
263118,50000
422585,50000
531161,820000
58115,600000
90960,50000
477927,75000
139336,1000000
168543,1200000
52470,150000
793099,2000000
392334,50000
409514,200000
464333,800000
1075719,200000
412649,700000
15670,50000
61375,100000
164687,200000
668273,50000
197825,175000
55369,250000
41749,25000
170895,700000
348532,250000
1327,250000
119228,2000000
241479,50000
240178,500000
953901,2000000
245902,100000
274373,400000
17396,600000
286945,150000
30654,50000
345700,1200000
314862,300000
888785,6000000
126542,250000
804717,10000
11360,150000
195554,125000
55959,175000
306795,250000
565019,150000
5614,250000
98322,1000000
256371,75000
134695,250000
315969,40000000
15427,100000
503998,125000
67917,1800000
295624,300000
697958,100000
283001,500000
183247,150000
37398,200000
58051,50000
511454,350000
34166,100000
533777,300000
124883,350000
146690,2500000
6931,200000
125119,300000
346469,200000
523318,8000000
226968,800000
298575,1800000
662261,7000000
239568,50000
380761,2300000
110728,100000
361065,7000000
230066,300000
211072,7000000
250153,3000000
649301,500000
132207,300000
21954,200000
3875,400000
800919,3460000
739442,300000
211157,50000
1369057,90000
929592,260000
42234,600000
826375,2130000
244802,25000
16768,25000
16873,200000
943549,300000
922563,4000000
124517,700000
333353,1600000
58980,25000
41935,125000
874142,60000
608760,600000
390156,450000
546295,450000
775994,300000
1082633,100000
315212,125000
43359,100000
527350,1500000
791173,200000
5966,25000
511168,250000
607720,8000000
176562,200000
303442,200000
128907,400000
81636,200000
431730,200000
1035048,1000000
802747,1000000
708111,150000
44686,300000
223031,50000
14186,150000
302886,125000
462819,500000
371008,700000
160893,175000
85298,500000
82350,800000
42539,225000
348379,200000
37783,50000
21297,175000
570466,3000000
193004,18000000
381069,400000
656409,1000000
711866,7005000
19940,500000
112515,1800000
146163,600000
208692,25000
606576,250000
1150,200000
468256,750000
814434,50000
611811,640000
96227,50000
1215477,25000
937168,300000
654049,350000
38297,200000
14962,100000
818882,200000
648971,150000
184573,10000000
156384,100000
642380,620000
181778,12000000
331389,500000
92649,25000
110689,125000
488,250000
73943,400000
321860,200000
575978,25000
326194,75000
392540,75000
336329,50000
63170,175000
623740,350000
539807,300000
959576,200000
607164,375000
796259,175000
243715,50000
278296,2000000
148928,3500000
735423,50000
483334,50000
5893,100000
937918,100000
66942,50000
199598,125000
199953,1500000
645589,3500000
159838,1800000
36237,10000
802513,650000
518854,150000
91448,75000
19136,100000
628451,40000000
643574,17000000
585973,7000000
360519,1000000
118044,50000
1071819,300000
328961,200000
365263,200000
120034,350000
590147,50000
4112,250000
1153833,200000
87245,10000
35090,200000
485587,4000000
644032,2000000
191359,700000
104869,100000
407907,2500000
554251,3000000
75680,200000
568377,800000
504503,2000000
3838,350000
258369,400000
427511,50000
5812,200000
634461,2200000
250686,450000
229081,1200000
59471,100000
24846,100000
15463,150000
807475,300000
39280,250000
939445,100000
85380,200000
671739,50000
58692,100000
222636,700000
44420,300000
271098,4000000
265551,150000
1047841,380000
804711,500000
73783,400000
654681,25000
255452,200000
67283,200000
60273,10000
852953,1500000
701335,25000
24567,100000
602607,225000
282250,3500000
6893,100000
58515,175000
649087,1500000
364896,3000000
1102761,810000
476532,275000
123021,200000
162551,75000
54714,50000
337798,1500000
111830,200000
86916,500000
81202,300000
495993,4000000
77108,400000
83501,50000
316750,750000
40608,150000
39118,150000
587310,450000
740087,300000
616169,500000
922693,35000000
135917,200000
198613,400000
568242,500000
331739,2500000
52723,175000
59269,200000
148209,300000
663225,500000
15083,200000
720532,200000
95152,125000
324946,350000
345861,300000
464258,50000
284890,100000
289581,100000
53669,150000
1010984,6430000
236960,150000
539043,3500000
534698,250000
15590,450000
1166093,250000
882227,50000
83882,200000
65263,1000000
401639,800000
450838,255000
1115967,175000
343052,6000000
396898,2872000
344869,15000000
329145,11000000
197476,250000
663347,250000
83886,50000
364134,25000
989448,100000
41989,75000
48516,25000
226542,50000
443778,500000
162955,275000
286378,150000
120975,50000
440869,25000
333850,50000
351735,600000
274340,700000
683498,150000
523491,250000
368611,10000000
94936,150000
481178,75000
204176,1000000
517376,3500000
359233,1800000
83462,150000
66515,1000000
310132,250000
649452,6000000
126719,2500000
42060,100000
92545,50000
224774,600000
675535,400000
521966,250000
141573,2500000
334802,4000000
92161,200000
248588,25000
473080,3500000
110475,400000
36134,25000
44608,150000
23265,600000
55501,50000
10255,100000
344457,1000000
1173233,345000
225569,2200000
166630,250000
826296,125000
255220,300000
254280,100000
1001840,1790000
503680,20000000
15409,150000
42266,100000
136167,200000
581782,700000
352393,500000
174859,300000
13862,500000
633650,800000
588108,10000
99180,500000
27511,400000
51596,25000
804829,100000
383152,490000
548298,800000
315561,600000
127177,250000
703227,100000
385639,1500000
21732,175000
887433,200000
205533,200000
314975,200000
54933,200000
183120,2000000
207519,300000
242672,125000
61838,100000
434514,400000
159045,50000
368582,300000
516749,900000
214448,200000
570160,900000
13823,300000
47074,100000
567128,100000
173726,100000
71787,100000
331572,100000
251485,300000
404842,28000000
241500,150000
50987,275000
513963,2500000
503687,75000
51540,500000
562734,1500000
460379,450000
464597,350000
252688,100000
314140,5000000
539798,6000000
98826,50000
33572,750000
315557,300000
451245,25000
483545,450000
393581,450000
336207,100000
291236,50000
334526,30000000
126203,100000
35645,200000
85863,1000000
248999,3500000
55758,300000
62049,400000
320913,100000
62231,250000
392766,200000
330172,50000
228645,5000000
1268326,320000
1045547,1000000
435485,6000000
129587,75000
186769,100000
126659,250000
99632,400000
820261,300000
699005,225000
24006,100000
428993,300000
87884,3500000
35183,275000
547924,400000
57488,75000
66613,150000
650990,150000
351390,250000
386048,250000
85602,50000
103523,50000
802230,450000
21306,50000
106039,200000
141444,250000
380173,50000
22388,650000
197149,100000
9413,100000
98547,400000
275507,125000
167904,200000
502268,200000
355397,300000
315788,150000
749855,2035000
628223,600000
707276,100000
903442,1840000
458734,1000000
190222,1000000
24131,600000
522327,250000
744600,200000
533728,400000
249118,350000
97859,150000
479650,3250000
297583,4000000
967257,200000
927636,100000
504943,125000
225984,7000000
129544,75000
88684,300000
444380,75000
80562,2000000
283167,200000
181554,300000
128220,11000000
210384,25000
864480,4740000
527425,2000000
455127,3000000
125783,1200000
74918,75000
71085,100000
684062,700000
260650,100000
321070,2000000
613192,1500000
391406,25000
182582,300000
400422,3765000
137614,75000
420931,11000000
122702,500000
31453,500000
198178,100000
126530,325000
9775,200000
395069,300000
475441,200000
47011,100000
670681,65000000
620560,1200000
187245,650000
727079,225000
64308,100000
263804,3000000
524031,400000
340511,75000
269817,50000
34553,50000
278837,2000000
444211,7000000
410649,700000
698097,150000
589139,350000
20622,200000
95076,450000
242755,100000
130280,150000
203638,250000
54268,250000
576979,50000
346328,25000
587019,600000
181783,800000
6585,25000
34929,50000
213911,50000
3713,150000
684519,1000000
638588,300000
765401,100000
662950,50000
182242,350000
375820,450000
328959,250000
192740,900000
400545,150000
787302,25000
513332,100000
165400,250000
157535,1000000
355761,350000
112948,1200000
235634,125000
14695,300000
21338,100000
133100,50000
32568,250000
912473,770000
101183,200000
33668,100000
276305,50000
552655,9000000
635904,1000000
627276,200000
108693,150000
42298,500000
227873,200000
293603,900000
82550,275000
124845,500000
397099,500000
855134,3000000
127204,150000
393436,300000
149577,2000000
392951,25000
66112,200000
345597,50000
489814,350000
605634,50000
200320,200000
452298,345000
228942,75000
330635,400000
356537,150000
438202,2500000
642689,300000
182614,300000
215095,100000
150535,150000
40478,200000
567123,100000
239850,75000
60761,250000
187293,375000
406636,32910000
628580,100000
258887,100000
583520,50000
125611,50000
432698,550000
262999,5500000
154059,200000
148656,125000
177046,3000000
240670,25000
388210,350000
56381,125000
108468,600000
817612,1000000
234286,150000
28973,200000
457947,1345000
297212,8000000
83951,300000
290415,75000
27369,450000
263555,300000
425462,500000
86793,200000
453807,700000
76176,50000
35872,75000
193082,40000000
37460,1000000
166745,100000
533657,100000
395239,1400000
265513,450000
14334,300000
119261,100000
574201,1000000
908779,50000
15454,200000
456523,800000
989817,150000
799899,700000
7874,200000
184260,150000
299400,400000
4327,200000
162959,3500000
185026,300000
193107,50000
59180,25000
123639,200000
613498,100000
348839,150000
128219,250000
21779,50000
401521,1500000
17184,100000
339474,50000
487969,30000000
644676,3000000
159239,800000
241324,600000
938299,2285000
1027067,360000
52893,100000
335244,100000
350347,250000
278857,100000
18592,500000
60779,200000
183771,150000
182574,1200000
951293,275000
288067,4000000
658835,750000
650015,300000
3771,100000
140678,500000
288251,1000000
339780,800000
523972,1400000
58923,150000
217285,125000
55977,200000
711988,11000000
743890,310000
391443,125000
14974,500000
783799,100000
56711,150000
617060,12000000
495963,100000
28833,25000
876725,50000
654472,100000
1084065,350000
563139,2200000
86269,200000
287686,10000
197470,800000
1059630,100000
21517,175000
537516,25000
13074,300000
537476,100000
206040,5000000
470910,50000
349947,145000
1173332,345000
289059,18000000
576034,50000
615314,25000
33507,450000
168887,250000
344655,100000
59136,400000
193079,500000
146692,50000
58818,150000
127554,800000
93561,50000
40633,800000
322812,535000
467434,15000000
460246,50000
48020,25000
529833,50000
87854,325000
63334,300000
35719,125000
243302,150000
231316,600000
965940,100000
433592,50000
467437,30000000
7444,50000
187499,450000
57995,200000
403564,500000
15362,200000
727569,3000000
33502,300000
109,400000
367468,2500000
65986,400000
374735,100000
66926,75000
67831,75000
344905,125000
39913,150000
58713,75000
200953,75000
876625,300000
337922,700000
409353,1910000
97835,10000
282006,50000
516948,100000
36608,225000
51053,75000
44989,25000
204453,150000
81714,175000
277506,100000
40612,200000
528337,50000
125621,200000
451906,2500000
30070,200000
864496,300000
327861,150000
364138,75000
257986,550000
535740,100000
586834,2000000
420808,5000000
360517,900000
126748,400000
170625,600000
822991,75000
7090,100000
308213,25000
333901,50000
24606,200000
69660,500000
314214,700000
350219,35000000
76195,250000
253896,50000
30593,200000
392514,25000
49795,50000
264199,100000
346270,50000
28890,200000
134209,375000
187744,250000
650393,50000
433257,400000
1047550,45000
620566,500000
396638,13000000
596528,50000
8246,300000
61462,100000
484551,400000
76071,25000
193861,50000
348768,150000
278092,500000
12638,200000
379354,50000
647129,325000
463751,450000
448883,1000000
623318,100000
340639,50000
106628,25000
276768,350000
340880,100000
340166,6000000
221285,475000
416390,50000
37418,200000
216175,100000
279292,250000
426325,1000000
3975,250000
130354,10000
68978,2000000
95407,50000
132553,350000
111049,350000
358734,250000
49485,1300000
281556,300000
52647,50000
400708,100000
511525,75000
126417,25000
62247,100000
207633,100000
886364,50000
28827,100000
52270,350000
1070536,200000
329721,300000
226935,75000
191903,1500000
234509,32000000
6824,25000
296453,150000
375856,1200000
290569,250000
50806,300000
318529,150000
146258,400000
314215,75000
141210,250000
282553,175000
589527,800000
103674,1200000
358511,1690000
741351,2695000
486040,50000
869955,50000
584450,250000
326221,75000
177866,700000
353372,50000
167896,75000
82873,7000000
287638,100000
90935,50000
157635,5000000
330593,75000
572048,450000
293648,485000
77207,150000
237499,400000
122361,200000
710671,2500000
39532,1000000
605196,50000
57598,400000
236950,150000
254340,250000
291669,50000
539087,50000
608407,450000
364239,600000
541749,50000
728982,700000
727865,100000
287313,10000
627282,700000
873540,65000
338803,410000
388121,325000
412941,1800000
245072,450000
257533,90000
29006,1200000
160512,125000
28186,50000
303595,100000
40254,100000
846358,150000
192605,450000
154396,700000
44794,300000
114019,75000
644244,800000
668948,150000
438971,2500000
672694,100000
206744,100000
46845,475000
68335,225000
1077957,1015000
128900,1800000
375391,1500000
484465,200000
135208,300000
68746,75000
373381,275000
244018,300000
515075,100000
62552,75000
324341,650000
76277,3000000
56386,25000
728033,200000
277788,100000
1059440,200000
382552,200000
931160,5000000
45320,3000000
43228,2500000
6288,800000
194448,100000
274802,50000
485591,700000
560642,75000
746753,1450000
562314,115000
22920,150000
248024,800000
287247,2500000
381625,150000
461701,6000000
91358,200000
193070,175000
345780,2200000
296986,3000000
728382,357000
273738,2000000
521455,600000
151540,100000
232688,75000
216662,1300000
685806,375000
190634,650000
170856,175000
578872,5000000
496601,100000
626764,800000
138235,175000
183293,2500000
56294,250000
58879,150000
4592,2000000
1144851,50000
606526,200000
170495,150000
538810,4000000
403898,13000000
806793,3000000
122077,1500000
37148,1000000
702332,200000
35548,100000
110931,800000
673067,400000
289087,250000
232495,75000
56816,200000
51977,300000
579565,3500000
624913,2000000
167553,300000
391023,50000
344627,200000
210941,250000
191850,400000
504259,500000
392521,225000
79027,300000
173040,300000
489212,450000
392154,200000
240400,150000
61809,150000
741292,2500000
344519,500000
628499,100000
251110,50000
937117,400000
144904,500000
315856,200000
3131,250000
89200,650000
96267,300000
717394,200000
77484,50000
291612,250000
99667,250000
284616,350000
37080,300000
1070642,400000
493003,25000000
36524,50000
1069038,155000
262972,150000
602781,2000000
57900,250000
472866,200000
879236,1000000
149949,50000
165894,100000
384060,3000000
34405,200000
75645,300000
598037,50000
413244,100000
14263,100000
139405,150000
159622,200000
304892,250000
58949,500000
156942,920000
274058,400000
631002,3500000
140078,100000
116277,200000
504090,6000000
238437,50000
231169,100000
400419,3765000
86596,25000
253211,25000
685697,100000
312819,2000000
56059,50000
26633,250000
574420,200000
321178,500000
371000,850000
810895,30000000
314284,100000
62915,6000000
26239,550000
34361,400000
273001,250000
75035,400000
633167,50000
1113528,600000
287875,1000000
569389,12000000
675754,800000
920790,100000
352558,100000
38602,200000
1791,200000
251531,100000
308622,75000
386829,150000
697722,175000
462988,300000
208072,50000
288318,1500000
75442,200000
669366,4000000
10244,200000
55231,125000
1309504,90000
496767,1500000
393239,1500000
77519,200000
532541,5000000
319599,200000
102192,100000
252689,1400000
351245,100000
628569,25000
686457,150000
174213,300000
167423,6000000
489613,25000
237843,700000
666169,150000
270566,50000
285322,1500000
1068110,2500000
190206,350000
235275,2000000
625660,2500000
578756,175000
416622,125000
481795,300000
91529,25000
59631,400000
396847,600000
395075,25000
470790,3500000
192930,125000
794896,400000
542432,25000
102452,1500000
265040,350000
54928,300000
380078,200000
509428,700000
182908,150000
421119,50000
240658,75000
198495,200000
742770,700000
4384,150000
701834,350000
166580,300000
87663,200000
418879,50000
356118,300000
126555,1240000
883055,200000
175589,300000
569384,7000000
847279,7000000
193096,200000
481628,1000000
424769,275000
667966,10000
153184,225000
126710,1500000
934878,5000000
511023,150000
290261,1500000
265282,750000
430600,100000
129505,300000
45846,250000
67685,400000
434295,600000
569349,800000
101042,100000
285040,75000
479649,5000000
652634,50000
36756,250000
43404,125000
721952,250000
500054,7000000
65237,450000
514894,350000
248870,100000
515621,25000
44368,100000
728020,150000
627755,25000
12563,400000
925044,250000
466121,450000
403187,800000
305493,25000
287240,100000
168536,150000
396165,1120000
610403,100000
510045,300000
57500,1800000
341317,1800000
118129,100000
391338,25000
636739,100000
1069479,50000
347642,50000
1725,50000
12753,50000
987483,310000
163654,25000
704801,1500000
158837,350000
490621,450000
127772,200000
37579,700000
527967,300000
735571,20000000
383652,50000
30873,10000
57423,350000
280410,75000
480116,18000000
12597,75000
62643,100000
12282,2000000
279935,100000
129444,2000000
409884,600000
339789,75000
29411,200000
128910,500000
200192,100000
146587,75000
199328,50000
73794,4000000
262953,75000
662134,100000
331571,50000
146036,150000
618869,2700000
215648,100000
528833,20000000
571299,3000000
27811,150000
299,1500000
3256,100000
256011,1280000
956096,25000
553397,50000
134608,200000
21496,400000
259014,75000
396936,150000
27659,250000
878361,100000
124873,450000
72638,500000
77262,350000
517845,700000
55494,1200000
571743,13000000
436418,50000
59970,1100000
3878,1000000
339808,40000000
383208,50000
936981,3000000
1056966,500000
724535,50000
817969,200000
354359,150000
288121,800000
194140,50000
946860,3390000
162781,325000
204348,200000
541894,50000
425918,22000000
550137,50000
924117,12000000
345183,400000
83469,50000
53226,150000
4638,250000
242284,1800000
375402,2300000
139668,100000
4487,100000
388588,500000
7486,100000
47152,50000
212198,450000
45721,75000
96331,400000
587903,50000
91365,150000
193130,250000
937424,50000
390732,25000
46109,100000
388361,10000
227087,200000
456814,750000
3130,2000000
390048,25000
41023,100000
964087,1400000
276689,50000
337725,6000000
272776,200000
746997,250000
568835,1200000
902573,300000
329178,50000
67064,250000
487194,150000
447221,1000000
5338,250000
415550,700000
168416,75000
688641,200000
310482,1130000
193867,1800000
632741,1800000
85352,100000
1124005,8000000
370287,3000000
344008,300000
20313,100000
55541,350000
1044538,50000
616894,4000000
187718,4000000
216118,1000000
400174,275000
295389,150000
152752,100000
64893,100000
70923,100000
44714,50000
730280,500000
571188,75000
924447,350000
453704,2500000
136130,50000
528915,150000
220795,25000
743551,375000
243239,400000
542680,175000
734799,300000
591362,100000
73569,25000
156814,300000
170919,75000
263380,2000000
425028,2000000
383372,200000
52744,100000
724529,800000
12134,300000
213265,200000
16375,100000
804817,250000
144244,2800000
813109,300000
66788,300000
323945,750000
628080,175000
263627,200000
247590,250000
325887,2000000
242735,50000
1097139,30000000
292802,100000
316983,400000
375657,200000
9786,100000
127073,200000
1045767,50000
186498,350000
553875,45000000
282488,100000
918969,20000000
237436,800000
45214,50000
179422,200000
31535,125000
307494,125000
24282,250000
923945,6000000
85528,500000
18036,250000
86931,150000
345960,3070000
244915,25000
718232,1500000
12752,325000
289585,150000
449496,2000000
127184,200000
936822,1735000
198967,250000
375392,400000
628488,25000
297277,125000
544106,700000
132647,125000
435772,38000000
67431,100000
282694,1500000
471243,250000
195524,75000
34753,150000
96464,150000
227102,2800000
95753,100000
668211,100000
678491,50000
883865,800000
260000,250000
469860,1500000
667967,5000000
504085,1100000
1291231,140000
236366,250000
817343,25000
431708,500000
337946,800000
367981,450000
566036,2000000
805908,9000000
97616,500000
1082823,3000000
398728,100000
61549,75000
256680,450000
190685,1500000
482163,100000
358651,125000
320426,75000
71273,250000
459991,450000
107548,300000
205659,100000
259461,600000
89399,25000
419665,200000
541914,350000
383124,150000
476165,400000
872065,25000
212718,175000
483007,150000
509022,25000000
649303,4500000
45655,75000
435808,3500000
520757,25000
5870,150000
90255,25000
334006,300000
316264,100000000
107665,200000
1173333,345000
295655,200000
5406,250000
605558,100000
23463,50000
111428,200000
35564,300000
682959,200000
256691,125000
454336,5000000
992,50000
61336,50000
392772,300000
525576,700000
795201,25000
419120,200000
61952,500000
128931,250000
386021,50000
1043832,340000
196382,500000
85093,1200000
179451,250000
455069,250000
597087,500000
547891,50000
395236,15000000
229616,450000
476102,1200000
257937,600000
288721,800000
88002,50000
42783,800000
585959,20000000
325386,200000
870390,100000
235413,1200000
485747,300000
743096,100000
130845,75000
933631,75000
546133,1575000
39689,50000
288429,2500000
60591,150000
1200419,800000
3900,150000
1123310,150000
91254,175000
452291,345000
664128,25000
230536,500000
501126,100000
62855,25000
87536,300000
105456,2000000
248651,50000
277242,150000
24670,100000
261739,250000
242668,350000
686028,50000
74639,25000
384859,2000000
275681,225000
312745,150000
247189,100000
749978,2335000
665538,1200000
231590,1200000
56806,1200000
148809,300000
857653,100000
732120,250000
45644,300000
687628,75000
806310,800000
257283,100000
419615,300000
74444,200000
287305,100000
399260,300000
61711,300000
128362,150000
331656,150000
29896,150000
264956,1000000
701226,1800000
503770,20000000
157500,300000
237294,50000
936820,1735000
662139,50000
429911,50000
48262,300000
74354,175000
690572,150000
657480,3390000
358509,700000
553077,100000
55439,250000
425939,300000
1055860,150000
281769,10000000
253817,250000
97013,325000
255979,150000
43402,25000
61592,700000
22952,50000
457583,1355000
653266,1800000
48586,25000
283135,990000
290801,350000
395163,700000
930008,1155000
567115,225000
196084,800000
586984,400000
429564,300000
352898,450000
341429,19000000
742746,200000
292845,50000
834483,200000
563694,250000
567114,300000
647583,150000
279369,50000
131678,50000
207581,150000
478344,150000
252778,25000
593322,150000
54183,400000
262718,350000
38592,175000
13872,25000
1263955,580000
587726,275000
181316,250000
290780,125000
178078,400000
169533,50000
504862,100000
36025,300000
625654,1500000
520468,4000000
696890,250000
90937,50000
527698,2800000
428948,300000
747996,150000
460318,500000
441264,150000
182581,1500000
716487,50000
350049,125000
306940,150000
13350,250000
353845,100000
385084,400000
242808,600000
860073,100000
339340,12000000
325179,750000
649035,1000000
140799,75000
81808,100000
500164,100000
486083,1500000
342165,300000
607133,150000
197747,12000000
604207,150000
533733,50000
1047097,2500000
503866,12000000
189039,150000
451254,125000
138473,200000
12688,600000
515249,250000
201570,150000
225852,10000
100163,150000
1044540,1160000
71840,200000
60558,1000000
62462,100000
59665,250000
882226,210000
24635,225000
17872,75000
161411,250000
379714,175000
67704,200000
256711,50000
58988,750000
363222,9500000
615636,500000
377243,2000000
626334,150000
314280,500000
434223,5500000
119159,50000
108318,10000
167863,300000
274765,200000
207922,600000
566221,50000
15373,100000
583767,400000
766412,2000000
876858,50000
455062,25000
338170,450000
353932,300000
190570,100000
340435,175000
58919,50000
654375,50000
324803,750000
188942,200000
58097,400000
19896,50000
676525,150000
199731,50000
22390,1200000
38805,100000
57303,175000
369155,700000
217886,2000000
398058,25000
234314,25000
551695,5000000
28306,250000
399340,500000
195736,3000000
242063,9000000
85563,150000
161851,100000
229912,400000
732096,600000
117478,1200000
49838,200000
1070395,50000
30672,200000
118689,3500000
61666,200000
87423,150000
555135,800000
199527,16000000
724106,4000000
1244433,90000
94925,300000
406040,60000000
351898,300000
35855,75000
197491,1000000
16599,300000
537509,400000
75224,200000
873535,75000
187908,250000
122155,5000000
37787,100000
393883,50000
289257,3000000
919515,15000000
917104,250000
19892,300000
163689,75000
52746,300000
342083,1240000
570456,125000
387990,400000
143556,300000
718409,200000
416621,1500000
308452,500000
232068,175000
680806,8000000
341043,350000
537570,100000
56811,100000
226276,200000
59196,150000
658274,25000
632083,100000
1055230,1305000
369111,175000
452068,400000
118022,1500000
299839,50000
460985,200000
482145,225000
663264,2000000
466810,5000000
690667,125000
623851,250000
189432,50000
33822,500000
269298,700000
540927,350000
3455,2000000
995520,4230000
263267,800000
435088,150000
445510,50000
59442,150000
421871,125000
85372,800000
29672,200000
685761,100000
140676,400000
200185,50000
67542,400000
127828,200000
170442,100000
396333,1500000
48805,100000
381753,5000000
21696,50000
315563,315000
63494,1500000
305957,200000
42751,250000
43975,150000
520074,225000
101214,150000
202570,500000
602630,25000
91841,650000
91327,250000
6107,250000
71204,50000
851942,2045000
146721,200000
492955,3500000
289487,300000
62054,25000
393922,100000
200178,50000
138736,300000
54996,300000
291054,130000
80197,1000000
1193900,1055000
5948,200000
802515,900000
91537,350000
22877,400000
223781,100000
467232,1200000
68915,300000
394152,3000000
44065,900000
380919,2000000
813037,900000
162063,400000
253316,150000
164487,500000
740498,1000000
646480,100000
35650,100000
228951,100000
1029619,600000
227534,500000
55997,500000
394236,4000000
90118,200000
286919,375000
141737,100000
1166712,400000
700305,75000
193612,400000
429157,300000
63130,50000
176623,250000
35245,50000
576021,350000
16956,150000
103434,250000
188922,150000
130348,125000
333647,35000000
197739,75000
81775,250000
21371,150000
72315,150000
22268,200000
232598,200000
428791,10000000
352392,1800000
585149,1170000
61854,250000
212243,400000
747316,75000
3966,200000
179643,700000
371926,100000
132206,100000
239099,1600000
55263,200000
404688,800000
134710,150000
435489,1700000
853535,550000
725912,15000000
224947,200000
638920,75000
27471,50000
51232,200000
314388,250000
251079,500000
69978,1000000
6590,350000
55994,100000
464529,350000
404418,32000000
880039,800000
31751,300000
316575,1200000
157125,250000
234134,100000
287747,25000
36207,300000
53602,200000
106225,400000
539437,50000
30853,25000
183298,225000
367680,50000
938009,500000
43299,200000
289267,400000
36709,275000
62481,100000
344592,300000
53408,100000
252091,10000
107617,500000
62800,75000
150568,50000
1178095,440000
605268,6000000
171336,300000
5922,300000
223720,500000
917980,100000
76728,225000
277845,200000
341432,25000
77825,500000
669531,600000
793509,900000
23934,100000
71271,500000
638218,75000
39372,300000
398738,200000
18949,300000
34909,200000
601883,35000000
214776,150000
46991,25000
398056,300000
27490,200000
389324,75000
158534,400000
655012,7000000
267420,500000
330472,400000
1104249,100000
1004708,5000000
319303,50000
340308,400000
26980,150000
45335,150000
1144158,250000
146680,800000
544586,3500000
441100,25000
274074,100000
289584,250000
121209,150000
874736,25000
21590,200000
211740,50000
880259,100000
34322,700000
83430,250000
171234,100000
936584,210000
36586,200000
56795,400000
48164,400000
145466,800000
3292,1000000
729010,350000
93534,75000
898020,75000
717345,300000
240892,650000
116636,175000
126188,50000
845568,900000
73480,200000
647787,2400000
77760,2500000
47517,300000
531678,300000
336697,500000
469822,30000000
164477,200000
815543,125000
294701,250000
863203,50000
467426,650000
241970,75000
410490,50000
810987,100000
72740,150000
240306,55000000
169568,75000
33108,300000
1034532,300000
200777,750000
262608,3000000
184779,700000
269601,450000
187400,100000
396906,10000
91849,2000000
412959,1500000
73048,400000
284604,250000
1054839,1500000
331169,150000
18807,200000
521127,5000000
486049,55000000
291352,150000
718177,100000
747481,50000
174563,250000
550829,7000000
61344,100000
569598,30000000
53359,1000000
457675,100000
405501,250000
451673,50000
153065,500000
1073382,342000
169873,25000
798404,9000000
248215,50000
500087,200000
113039,350000
86827,200000
214928,500000
169092,900000
372535,3000000
1018802,75000
75109,100000
585550,11000000
67836,250000
924695,50000
50091,200000
537142,10000
296787,700000
704147,50000
93720,8000000
15961,250000
1009463,2000000
456623,14000000
440371,325000
126796,400000
674501,1000000
296308,50000
14007,500000
223864,900000
496857,25000000
340194,450000
257785,1000000
635371,150000
1004518,1290000
58163,3000000
89010,175000
480955,800000
258395,25000
27236,100000
119537,500000
237164,2800000
113586,350000
348026,10000000
5495,150000
241207,350000
428783,7500000
509248,260000
161314,400000
144927,75000
419596,200000
923915,14800000
305464,100000
646750,30000000
263862,100000
572658,175000
341278,10000000
647098,100000
5652,150000
27565,100000
457743,3000000
38802,250000
19446,500000
45826,300000
514920,100000
398945,200000
455662,450000
392744,300000
199380,150000
633111,200000
555194,500000
355540,100000
943560,75000
416074,50000
888677,25000
416465,500000
610239,50000
129580,300000
448087,50000
54235,5000000
25734,100000
692349,100000
289713,800000
77707,100000
22474,150000
262613,1500000
72414,150000
476237,4000000
499956,200000
1071218,685000
887137,75000
24819,125000
174984,250000
936753,250000
295344,75000
125751,75000
231001,100000
585068,2200000
102750,25000
352599,1500000
361504,8000000
160285,1000000
107641,125000
721746,500000
74684,475000
255469,1300000
616228,250000
111783,250000
201637,125000
3146,250000
60026,50000
601028,50000
415912,17000000
366450,700000
256701,100000
158516,350000
345053,50000
58042,100000
58855,50000
324882,5000000
253758,50000
1055887,140000
4190,10000
210528,700000
651735,2500000
627222,1500000
610649,500000
480692,85000000
11757,300000
108878,400000
1378362,90000
478426,350000
96817,150000
821534,10000
72441,1500000
86158,50000
840836,1500000
8019,1500000
401534,4000000
14768,25000
1008640,250000
484995,300000
347270,250000
1170286,200000
90368,100000
20346,50000
24404,100000
455692,75000
91887,100000
415522,2500000
288125,250000
255532,75000
215653,200000
343949,150000
696164,5000000
66960,25000
67144,100000
487846,150000
192360,500000
860056,500000
422539,25000
83230,150000
230500,25000
35813,150000
293283,350000
43458,700000
1042885,1385000
928288,100000
1182633,600000
144796,100000
610439,50000
191855,200000
124559,250000
47459,200000
271665,200000
159100,150000
510990,200000
265507,50000
422211,175000
120144,100000
745177,100000
537763,600000
389441,300000
4519,350000
274347,650000
84846,25000
171721,700000
357159,400000
381348,3000000
22348,100000
141350,1000000
509124,5265000
37462,300000
647280,700000
187674,50000
614500,200000
126550,200000
192875,2000000
2583,100000
524136,100000
403569,900000
13049,150000
585339,1000000
641264,50000
598828,450000
459655,4000000
1021883,120000
506213,3370000
210711,100000
9161,350000
125059,130000
655420,250000
3783,200000
190909,50000
1049889,150000
333004,600000
25110,150000
35026,300000
91434,1500000
5597,150000
485960,10000000
924002,25000
5562,900000
37852,250000
297467,300000
738481,400000
1109816,50000
33249,250000
547248,800000
116471,300000
460378,3000000
487850,4000000
37598,50000
58825,25000
156715,400000
45672,3000000
212216,800000
724783,500000
297256,655000
536831,500000
125714,10000000
167722,4000000
575783,250000
164729,300000
20276,400000
857948,5000000
33707,50000
224363,200000
392301,75000
73314,50000
18999,100000
187726,50000
340967,750000
558631,300000
182898,300000
907619,50000
297990,800000
273438,2000000
100399,400000
668606,7000000
22887,150000
167291,1500000
187460,350000
192616,4000000
20855,150000
265930,150000
251108,50000
156618,900000
190269,350000
136054,100000
129699,200000
805065,600000
13091,100000
600003,75000
534082,400000
371980,225000
263294,200000
671649,8000000
609887,500000
201040,1200000
103433,100000
442804,300000
57894,50000
37873,25000
199064,25000
136748,250000
353403,2000000
206734,600000
149618,200000
432982,16000000
402126,50000
539250,1555000
345576,300000
615377,75000
574660,10000000
5578,100000
808664,500000
23367,200000
1784,500000
33739,1000000
627626,18000000
343463,3500000
334490,25000
197484,50000
290032,500000
451801,5000000
312493,1500000
578094,150000
581604,150000
405191,50000
455691,50000
321569,100000
152962,800000
474589,8000000
379449,300000
198394,250000
280178,1500000
40500,600000
270456,25000
609361,1000000
73564,2000000
954143,437000
31050,200000
40421,150000
367405,50000
9697,250000
61959,50000
260301,150000
238032,200000
462251,50000
64344,100000
91727,50000
181190,300000
147998,200000
17372,75000
92164,2200000
29056,100000
349820,300000
5518,400000
857155,50000
292822,1500000
421764,250000
875114,50000
25323,50000
28260,1500000
7345,50000
893663,400000
164277,700000
1122,200000
229970,2000000
498015,600000
393489,100000
126625,400000
349513,700000
552472,3500000
315131,800000
106837,300000
55472,600000
72281,50000
561150,100000
1177817,465000
70554,150000
204114,125000
398833,50000
177860,200000
190831,1000000
357163,1000000
604914,25000
17171,300000
186998,50000
197154,25000
1169429,240000
258032,800000
128897,600000
319171,450000
99863,400000
542571,25000
57383,250000
543226,100000
461618,250000
168944,350000
124321,200000
134657,400000
148361,100000
668951,22000000
718027,100000
704176,25000
13845,200000
218355,200000
303157,150000
89708,175000
163078,400000
651977,600000
39690,75000
726034,4000000
194214,250000
707246,250000
1126669,200000
215525,100000
256008,500000
7512,100000
780147,1000000
1323,300000
34195,100000
381921,7685000
6026,50000
459452,200000
253722,300000
85148,5000000
727092,100000
836757,100000
655414,100000
572326,7000000
54816,50000
124784,225000
808113,200000
399887,300000
601556,300000
683895,17000000
340310,1500000
436064,5000000
1111050,300000
307519,1500000
950320,100000
460626,100000
56802,325000
221076,325000
988468,50000
730408,125000
162434,5000000
180843,300000
734375,150000
111053,300000
133078,250000
553905,500000
243714,35000000
697818,150000
26014,100000
73720,200000
789478,150000
468066,12000000
234375,250000
88269,100000
310437,50000
889264,100000
549012,450000
272843,50000
129224,50000
947432,50000
381003,75000
406675,4000000
415035,10000000
28947,500000
614498,175000
69001,200000
658115,3000000
294767,1300000
125710,150000
210120,250000
322309,700000
188888,4000000
251260,150000
936939,1750000
121958,200000
22495,150000
330930,200000
546880,2000000
632498,50000
547354,250000
89278,150000
458777,1700000
398847,50000
156840,25000
355628,18000000
473887,250000
48495,150000
29494,150000
1082519,100000
523606,200000
256267,8000000
444064,25000
418927,50000
601851,450000
48373,150000
256652,225000
628464,150000
182576,75000
267433,450000
177781,150000
77314,150000
175383,1000000
692462,100000
51100,500000
74641,50000
182200,250000
313691,550000
621152,25000
52212,600000
4425,2500000
386576,50000
182693,100000
347885,125000
904932,6410000
22340,250000
501418,7000000
123683,200000
163542,200000
548588,50000
55270,650000
80061,250000
40064,100000
199255,25000
633169,50000
73733,10000
152421,125000
109154,250000
1287151,200000
318715,25000
29642,50000
86074,200000
567141,50000
104200,250000
317032,175000
477238,50000
6160,300000
774769,600000
422950,1500000
60583,200000
448344,2000000
35515,400000
150284,325000
211345,350000
96189,100000
5588,200000
5712,150000
290417,25000
421726,600000
433615,50000
320272,250000
1028125,50000
174089,150000
51819,50000
231776,200000
268179,350000
1011147,15000000
627224,3000000
125032,100000
386022,50000
245092,75000
75942,800000
496357,550000
62827,200000
439292,1300000
45775,300000
134354,50000
404262,200000
12814,250000
49730,300000
581357,4500000
298638,75000
487838,125000
209587,50000
477182,50000
700264,25000
742451,8000000
661257,200000
146467,50000
569470,1300000
2587,25000
195002,275000
14151,200000
531413,250000
520456,150000
53155,100000
567449,690000
503032,200000
39932,100000
810846,50000
37838,800000
409273,400000
13058,1500000
165351,150000
341647,14000000
261459,300000
66020,300000
51190,150000
337083,200000
243841,300000
346549,550000
203108,100000
10152,150000
235735,100000
377117,25000
340437,50000
197521,600000
387579,300000
527964,600000
183124,200000
656132,850000
197545,1800000
56370,250000
166584,250000
235274,650000
46831,300000
12957,250000
189231,600000
223801,125000
233141,150000
94768,75000
312731,650000
21763,300000
18416,250000
345577,3400000
15378,300000
44398,100000
307053,100000
220650,600000
682796,50000
651580,4000000
971613,400000
248301,25000
521997,600000
183029,10000
191902,50000
64313,400000
61989,300000
79127,400000
270959,200000
268327,2200000
238868,1800000
492634,1000000
13168,2750000
955224,2500000
28396,2000000
1119456,2000000
482106,350000
320263,10000
122675,500000
251303,3000000
15724,250000
339782,50000
539011,25000
12517,200000
24976,50000
119164,50000
1059730,250000
78953,50000
706024,2500000
1080392,485000
354772,350000
999229,500000
175377,400000
102017,8000000
660979,400000
226973,7000000
13150,800000
401836,300000
84085,400000
369567,5000000
598377,350000
458029,10000
202318,2000000
572675,14000000
25101,750000
422380,5500000
103444,150000
461836,100000
25737,25000
448331,200000
141341,25000
326029,25000000
51730,300000
132632,50000
752442,600000
482836,1100000
35763,50000
548028,8000000
224672,2500000
61401,200000
33478,3200000
712560,225000
442891,17000000
3916,600000
112962,150000
19312,100000
18097,150000
631704,325000
528262,570000
610798,200000
923514,50000
357701,400000
408839,100000
942939,75000
748936,100000
55336,300000
31570,250000
632674,250000
633645,50000
353037,4000000
168477,150000
519994,100000
116302,200000
321292,400000
186621,250000
143424,2200000
72319,100000
42178,100000
562484,200000
124422,650000
1113197,50000
289286,600000
746910,32000000
463694,3100000
382096,500000
59959,200000
18514,125000
248045,1000000
167093,300000
50413,25000
396542,320000
154990,250000
1061975,800000
304214,250000
463397,225000
926951,100000
256780,150000
136109,400000
63965,200000
44675,500000
452308,50000
41458,300000
44948,800000
627208,900000
129554,4000000
225144,250000
691975,300000
191182,50000
19442,25000
540469,225000
70411,1000000
52261,50000
726036,800000
821522,250000
34204,75000
301677,50000
136643,300000
86612,100000
939065,300000
35207,5000000
857482,200000
754040,400000
215677,550000
227314,300000
930056,325000
650966,3500000
688593,200000
1181952,230000
211847,1000000
26456,250000
542654,2000000
20351,100000
422948,25000
930254,485000
1364960,90000
448854,4200000
129248,50000
98215,150000
45555,250000
43242,150000
461619,500000
37152,300000
338838,125000
52480,100000
457537,75000
49755,600000
187809,700000
855087,100000
875337,3500000
271966,2000000
111180,700000
47637,100000
330331,100000
623274,2000000
102463,50000
215686,1800000
623120,350000
78813,150000
154652,300000
210921,200000
19694,200000
422715,600000
434015,200000
551932,200000
575717,200000
69643,150000
300309,400000
1173334,345000
94148,1000000
804884,300000
208693,125000
84916,25000
814533,400000
5664,300000
9814,150000
124244,450000
655835,400000
45548,700000
262861,2000000
469709,2500000
443683,75000
447462,500000
257683,2210000
36500,300000
602899,50000
461623,200000
19917,100000
149809,150000
585082,1500000
51099,75000
39728,2500000
167555,300000
61572,200000
12379,500000
393238,12000000
239856,50000
479636,300000
717600,125000
249543,3000000
14331,100000
206050,8000000
388125,1500000
563956,50000
82939,125000
28347,450000
284737,450000
871837,400000
76406,200000
502291,1660000
527972,700000
38400,150000
401197,50000
2374,200000
206930,100000
51545,200000
435493,300000
20975,200000
293253,100000
125158,200000
58761,125000
73215,100000
321095,950000
658116,400000
28179,200000
44138,150000
58073,200000
1162979,50000
226014,300000
580276,275000
62121,1800000
22969,1100000
181791,250000
56789,200000
73427,100000
1234104,300000
88262,500000
694528,100000
467241,200000
670969,1200000
272644,600000
317582,50000
62716,650000
123160,150000
110292,550000
5300,250000
282689,900000
373983,140000
148367,12000000
195214,300000
304791,140000
61743,100000
710860,75000
24502,150000
30456,10000
665392,200000
171062,400000
191217,3000000
149444,200000
321567,170000
290346,800000
15881,100000
84483,300000
22412,750000
381832,100000
559161,200000
14240,150000
344888,14000000
270164,150000
861221,50000
628472,300000
67369,300000
502239,5500000
248658,3000000
112988,2000000
582354,75000
385105,4000000
140155,75000
288436,300000
195290,75000
515077,25000
649020,6000000
952097,130000
266582,50000
363466,2500000
616890,50000
66923,500000
196357,30000000
948911,970000
668069,75000
139312,150000
58660,25000
717952,400000
39724,150000
1067887,10000
494667,150000
879436,680000
618495,11652000
74722,250000
308822,250000
27019,50000
413039,50000000
342039,3500000
906004,2470000
346478,1800000
1178925,170000
282227,1190000
83948,300000
876862,25000
99894,250000
538996,3000000
926850,50000
343149,100000
58947,25000
11111,1000000
490426,10000000
452707,125000
720286,9000000
340864,700000
831162,3000000
1079965,765000
3473,250000
160188,50000
59475,50000
183943,100000
948916,250000
192080,10000000
184816,900000
449020,350000
332377,100000
227941,150000
813121,100000
432403,900000
450234,1500000
23345,25000
730581,30000000
263214,250000
52807,100000
369653,700000
1143821,1032000
36350,300000
413268,700000
1051739,205000
497663,8000000
57162,400000
345323,2000000
518472,6000000
215528,560000
655135,200000
625088,25000
665618,650000
530298,500000
117551,350000
668732,25000
196421,300000
623557,150000
138410,150000
989068,300000
538971,5000000
87409,400000
911644,125000
460663,50000
23250,150000
29997,200000
28643,450000
228911,810000
315139,50000
262554,500000
119555,50000
406281,25000
167383,325000
674318,685000
301813,25000
751056,100000
1050797,375000
285323,7000000
59290,175000
42977,200000
16529,200000
738516,250000
412042,200000
76254,50000
61591,200000
309180,2800000
460637,20000
170527,10000000
216131,600000
332129,150000
113230,75000
197157,750000
107193,50000
927715,680000
157491,700000
94317,400000
288655,50000
146774,450000
426008,250000
916623,1200000
120691,25000
124286,200000
223790,25000
495667,7000000
344010,75000
358115,1500000
618505,50000
959398,25000
52006,175000
86915,100000
332928,150000
660860,7500000
411267,300000
398807,200000
23976,100000
804386,890000
197734,75000
715836,700000
494954,700000
925827,25000
228940,600000
981693,400000
632901,300000
264137,900000
937956,500000
113378,300000
55869,10000
101922,300000
334434,50000
153637,1800000
36688,300000
234615,175000
5469,50000
208681,1800000
165472,225000
165812,200000
542762,1200000
203778,200000
988247,2000000
280080,175000
727082,75000
71002,100000
149579,1500000
342911,150000
569654,600000
538939,50000
1136724,190000
13997,50000
89647,100000
1015497,3690000
710438,655000
668179,400000
43247,150000
330839,100000
412934,200000
318355,100000
45930,25000
662144,50000
818159,100000
649490,1500000
207578,1000000
43478,400000
624134,25000
19979,50000
306793,200000
618415,300000
261912,200000
553282,1500000
377387,1800000
291039,250000
78820,200000
422721,1800000
23938,1000000
64339,800000
160971,400000
326587,150000
281807,450000
612572,75000
22249,100000
160348,300000
164913,2500000
27577,1000000
96092,50000
622988,4000000
170530,10000
22837,750000
744099,100000
137745,1000000
1175609,255000
101133,200000
720488,50000
282411,28000000
555752,100000
136135,250000
215089,275000
582987,1500000
263482,9000000
290649,50000
244275,20000000
176265,200000
35315,50000
37363,650000
692608,200000
405621,100000
71420,50000
412953,5000000
29594,100000
60561,1500000
101723,50000
657791,350000
336760,150000
56415,100000
556749,75000
92741,75000
538969,150000
341680,500000
221658,300000
548658,300000
431706,275000
364828,1200000
343954,50000
298602,150000
90008,600000
55125,150000
314912,250000
203504,500000
14939,100000
670295,75000
386164,450000
56518,75000
106675,200000
258920,13395000
562256,75000
156892,100000
72504,200000
31116,275000
63665,100000
48002,700000
1111025,450000
102226,3000000
241923,3000000
366746,2200000
155300,50000
67537,250000
470393,4970000
518260,125000
203761,2000000
615181,50000
12732,100000
13023,100000
884849,400000
805484,100000
391555,550000
932340,8360000
333873,25000
228572,900000
71096,150000
709372,3000000
570597,900000
51088,700000
1033040,300000
159847,300000
201248,700000
44062,500000
52891,25000
280575,3500000
34601,1500000
46972,1500000
344605,14000000
541402,50000
5348,250000
84622,225000
130531,250000
290250,700000
363178,3000000
275981,50000
333464,175000
411502,700000
730861,35000000
448308,300000
393523,1540000
22469,100000
703775,50000
60573,1500000
609518,800000
685329,325000
247595,300000
95949,125000
314989,450000
700755,400000
141650,50000
42318,50000
621151,100000
443308,400000
60103,100000
631093,25000
795086,100000
209048,100000
396401,200000
580657,12000000
332697,24000000
165896,50000
548188,2000000
991487,800000
210142,50000
226974,1570000
25001,50000
355987,225000
35242,200000
628560,250000
615618,150000
717410,2560000
146844,300000
296350,25000
923822,10000
550492,250000
196634,50000
73769,500000
103732,100000
156521,150000
3692,150000
84970,100000
114935,250000
618086,3000000
164044,175000
159041,250000
293351,250000
627068,2500000
340557,400000
229228,475000
939796,2110000
349281,175000
335725,2000000
514019,175000
197852,100000
472234,125000
184398,70000
92904,100000
205398,200000
650997,200000
954135,50000
294788,100000
738693,25000
676042,12000000
579401,350000
696851,100000
746740,4000000
48280,2500000
222740,250000
269374,100000
296783,5000000
23366,25000
1159792,250000
342878,400000
44594,250000
392953,75000
297017,85000
465276,25000
469690,600000
719646,2720000
1111663,1000000
118997,1500000
721512,200000
123279,200000
20844,250000
27581,75000
539677,300000
68833,150000
216564,300000
314366,350000
446529,250000
610432,150000
165007,1300000
398731,25000
30003,100000
60129,200000
961954,50000
85654,100000
362562,6500000
34291,75000
205551,250000
445804,25000
184131,50000
29414,100000
457090,100000
342407,225000
550116,2800000
168408,1500000
42198,150000
160742,100000
124125,150000
59908,100000
438689,125000
251914,100000
607779,300000
578391,35000000
282144,10000000
199248,7000000
288948,400000
577869,150000
28855,75000
969192,1800000
295810,3000000
149770,325000
285951,800000
838384,250000
4605,200000
339013,75000
481639,50000
388159,300000
178117,250000
569866,1500000
29863,150000
290733,350000
240357,600000
495622,200000
586987,150000
162039,150000
467783,200000
252767,2800000
522832,300000
62402,50000
568,1000000
880326,75000
182577,3300000
894580,50000
840688,750000
91851,450000
35771,150000
727102,75000
346890,15000000
294808,20000000
476101,150000
39256,700000
341773,600000
191852,150000
1104233,300000
103305,400000
953893,3500000
467240,500000
649024,1000000
138171,700000
55737,150000
94783,200000
51174,2000000
866328,1300000
245805,800000
1048036,530000
266340,125000
642967,1000000
284342,5000000
627227,1500000
596094,25000
121404,650000
153084,22000000
625861,100000
258039,5000000
312879,1290000
419500,100000
28800,150000
258878,20000000
495666,80000000
14127,300000
265568,100000
967602,50000
399258,350000
906948,4000000
315054,250000
707350,700000
63837,200000
56587,50000
289255,5000000
259849,400000
338888,125000
257665,2210000
351746,150000
583510,1500000
3597,1000000
184381,100000
93736,225000
314367,20000000
286047,35000000
623872,100000
110860,300000
392591,8000000
257468,400000
620083,200000
167105,2500000
253842,350000
886503,150000
918250,50000
213500,50000
67544,300000
45538,200000
139286,100000
336359,50000
434981,800000
531925,100000
726114,3500000
74091,100000
261056,500000
570385,2500000
599847,450000
60534,200000
439914,2500000
130518,150000
230485,100000
917809,50000
260840,150000
904919,6410000
354482,9000000
172546,50000
197749,150000
100188,75000
1200400,360000
99499,50000
625630,50000
163325,50000
540665,300000
348542,50000
196842,75000
812755,700000
202380,500000
203415,100000
342148,200000
567023,1000000
292422,275000
290555,700000
508961,125000
15645,25000
790969,50000
537611,50000
341993,500000
249102,1500000
312218,300000
726485,50000
425372,100000
209649,2500000
100089,300000
358166,4000000
525477,100000
388313,450000
45196,25000
392113,75000
465104,100000
485703,25000
72776,75000
717957,500000
96818,150000
70170,200000
75102,200000
876665,10000
52348,700000
605454,25000
685805,700000
523850,400000
15761,200000
19063,200000
562648,2400000
173860,50000
32107,150000
718190,580000
933900,2000000
64208,400000
581681,300000
230219,25000
695769,350000
67583,25000
747810,650000
177547,3000000
306166,600000
198080,25000
358985,1800000
495669,350000
301883,100000
181380,3200000
539547,175000
107114,300000
521845,300000
197307,75000
198007,500000
272934,50000
349418,350000
216714,800000
29631,75000
1026009,200000
96661,150000
211121,350000
6106,1000000
292269,400000
155972,25000
423606,1000000
477461,50000
163673,50000
1074042,282000
258883,2000000
705355,200000
72087,250000
121260,175000
357192,125000
232848,700000
554173,210000
54679,200000
975128,300000
464528,1500000
53399,200000
251432,50000
646996,225000
203057,50000
548803,125000
820146,1500000
15907,200000
48803,300000
576121,4000000
169362,1200000
207109,50000
392545,1200000
44136,250000
45376,75000
711626,150000
452019,100000
331467,250000
148498,50000
34334,150000
859924,50000
388363,3000000
49385,50000
248213,200000
320213,25000
124223,150000
176905,225000
127185,3600000
39874,200000
419828,350000
72798,25000
320722,5000000
938734,50000
28328,300000
661207,25000000
531916,900000
450715,795000
729264,3500000
348528,50000
273033,900000
244067,50000
171679,2500000
922698,500000
13831,300000
662562,275000
266807,15000000
325994,2000000
24226,100000
107969,725000
294197,50000
59150,50000
285663,350000
585958,500000
124577,200000
836441,2500000
686255,100000
349571,100000
1047621,50000
275321,50000
707450,1000000
109197,150000
205018,50000
410781,50000
75116,100000
671916,100000
1096365,150000
271988,200000
530742,8000000
596813,700000
944442,600000
891310,215000
248271,750000
869956,50000
250937,250000
556566,175000
1099726,1000000
67866,1500000
12953,50000
606050,450000
816974,3000000
230968,300000
691920,6000000
728924,4000000
617871,50000
322305,6000000
61697,900000
672537,100000
249068,200000
41654,100000
473891,50000
365195,300000
386552,2500000
625047,18000000
344565,1000000
250416,150000
140776,14000000
533818,9097000
15078,25000
708184,200000
248355,1300000
214927,300000
663581,12000000
626771,650000
586853,10000000
616162,750000
582718,100000
57922,50000
9354,50000
265398,150000
125858,3000000
617864,50000
371554,600000
89185,125000
18021,250000
91473,300000
51574,50000
701055,6000000
347647,25000
707231,150000
453737,1300000
258005,2000000
430503,1200000
332530,2300000
147558,400000
347919,5345000
819420,275000
271514,50000
381248,700000
394296,175000
34576,50000
58341,300000
25023,500000
131171,375000
977465,1400000
47344,150000
402963,175000
172142,250000
13001,100000
189650,100000
250138,650000
263641,375000
83877,350000
764683,100000
119223,25000
656461,1780000
890719,55000000
542776,700000
213114,125000
376588,2500000
391690,75000
204189,1900000
203540,800000
16565,400000
503749,32000000
476275,50000
808973,150000
118284,2500000
124904,225000
216945,50000
790620,100000
855056,500000
973805,1500000
168527,700000
39828,275000
41112,600000
272785,100000
337179,175000
745933,75000
202788,2500000
257366,500000
718034,800000
239576,25000
479431,275000
199583,1500000
139018,500000
613781,600000
104597,450000
654117,3500000
543311,1300000
41759,100000
265590,125000
199659,50000
484466,100000
235230,450000
3707,150000
191895,200000
34158,250000
14608,50000
504350,200000
670713,500000
508780,1400000
170966,600000
271087,25000
153667,650000
222209,2500000
312374,75000
742521,3500000
646698,1000000
395586,175000
704260,75000
583355,7800000
684340,200000
674809,600000
89556,100000
502020,200000
287648,300000
567112,215000
726014,1200000
255468,300000
251075,5000000
153735,175000
408562,4000000
208167,2000000
524021,75000
570537,300000
179350,200000
375710,600000
535947,250000
210249,50000
228370,250000
486832,1000000
223974,10000000
38434,2800000
860051,1500000
1045972,3500000
57888,150000
594926,900000
222598,150000
111873,25000000
16698,300000
384240,50000
7563,100000
57389,75000
536535,75000
917403,640000
594276,300000
265072,225000
892047,50000
432121,50000
157648,75000
294772,1500000
226802,400000
203379,150000
48704,50000
404950,16000000
709830,225000
360711,1200000
54168,25000
345068,50000
743627,900000
531949,3000000
83910,1000000
373941,500000
303115,50000
69934,50000
210141,150000
662334,300000
459095,25000
554398,400000
125870,100000
80207,50000
43113,150000
35099,200000
474621,250000
68862,25000
100009,375000
395685,3500000
243007,2670000
213539,400000
229807,150000
569979,50000
698110,400000
349952,50000
659317,300000
190941,700000
269469,450000
237663,150000
565817,250000
48514,75000
72522,3000000
734898,350000
628496,250000
45001,175000
670824,3675000
824000,200000
276287,50000
256773,2000000
16152,200000
285775,350000
39089,100000
46810,150000
595169,250000
27390,300000
388160,1200000
876298,7000000
280739,50000
957874,7000000
58958,50000
60220,350000
70097,300000
55302,50000
61730,500000
126597,250000
225961,2500000
315843,125000
56762,350000
435500,700000
414933,400000
22586,50000
495486,250000
199323,100000
394346,1100000
562254,200000
985405,545000
280076,50000
19708,700000
546351,75000
203043,1000000
400546,400000
74821,150000
889241,25000
411928,200000
292417,12000000
656316,4000000
378954,300000
99100,250000
996897,13000000
220491,350000
1208425,90000
301823,250000
108820,700000
586599,300000
59082,300000
205865,25000
369098,150000
236964,300000
202793,400000
132323,100000
216818,50000
649030,400000
225819,125000
5516,200000
273824,75000
37736,25000
154530,500000
58383,125000
587960,75000
230921,1500000
611202,150000
4687,250000
123256,100000
158382,450000
361074,8000000
124715,400000
106605,100000
13354,350000
194908,100000
689091,50000
315223,25000
241475,25000
177184,75000
622463,50000
389253,7500000
1099788,50000
16439,150000
131731,650000
35462,100000
121327,150000
56607,250000
404384,3000000
344677,250000
70211,50000
55250,200000
7970,250000
12149,1000000
50818,100000
36391,300000
383567,50000
236953,1000000
229292,600000
33763,1000000
281344,200000
484599,500000
420637,50000
265763,900000
990731,1000000
321247,18000000
292139,12000000
34357,150000
192908,200000
524481,28000000
821538,217000
99523,300000
310775,175000
94807,250000
937680,750000
240497,275000
912455,500000
277723,1500000
232949,75000
170607,125000
282280,75000
182685,300000
455922,600000
664973,200000
942099,10000
541017,50000
164580,200000
352764,400000
208715,500000
120706,150000
395671,2200000
512690,200000
232015,750000
30982,100000
346290,500000
117966,300000
530696,4500000
251302,3500000
184575,400000
102097,50000
179806,1500000
80060,100000
808224,500000
381469,1000000
799986,1200000
253973,150000
353205,225000
73704,300000
621153,200000
236886,350000
283489,2000000
333175,800000
461906,1100000
487333,300000
77826,1200000
291402,275000
170976,450000
73691,400000
295327,2300000
425865,1200000
898254,600000
2956,500000
330875,25000
697716,1700000
686454,350000
114940,500000
6666,100000
466602,900000
57208,250000
462239,100000
571189,25000
159748,150000
704545,800000
126643,375000
952691,10000
82999,250000
123140,250000
95986,200000
62246,25000
700006,300000
157154,200000
426906,175000
419366,375000
213988,150000
3413,200000
372380,200000
154612,50000
391332,800000
347036,50000
117925,75000
212862,25000000
549011,9760000
286170,350000
479634,2360000
155379,50000
223424,200000
3182,500000
524925,3000000
69382,150000
469211,3000000
109436,500000
679593,50000
142023,500000
155334,100000
94939,100000
151870,400000
332144,150000
1055220,400000
324921,1000000
354361,27000000
680218,3000000
888494,720000
22645,250000
330780,400000
474937,50000
820635,200000
192192,150000
400649,1200000
893675,9000000
227035,3500000
251089,150000
55295,100000
458353,450000
346767,250000
470960,100000
621589,50000
16631,400000
299232,150000
671594,5000000
34200,150000
291129,20000
714459,300000
203784,300000
836547,600000
148354,150000
27135,250000
1175611,255000
261406,325000
272640,300000
556038,800000
103147,50000
289835,12000000
21611,200000
729638,600000
401539,800000
667120,275000
239255,200000
93726,250000
468929,300000
242267,650000
491737,800000
623158,90000
346561,12000000
124555,2000000
628490,150000
378316,700000
19058,200000
638589,1500000
568156,600000
569056,300000
346779,15000000
677382,150000
207194,150000
92944,50000
271495,4700000
221611,3500000
234499,225000
224892,500000
470794,18000000
816572,200000
287600,550000
933350,150000
929912,1035000
583258,17670000
126336,250000
697917,400000
177892,275000
203986,25000
274039,250000
524791,700000
292615,75000
15102,25000
22827,150000
376731,100000
908834,100000
60732,150000
229004,12000000
401918,100000
1077059,2920000
450689,795000
729818,4440000
373967,75000
59425,25000
134999,350000
159003,200000
532900,200000
564561,11440000
213052,500000
62013,500000
160344,1600000
362340,100000
697067,50000
198614,1800000
745461,7000000
652996,800000
142420,250000
14754,100000
1175933,255000
930998,1385000
43075,50000
459697,225000
214250,700000
993870,250000
289846,800000
186477,700000
392959,12000000
349585,9000000
15760,475000
48015,2000000
51471,25000000
450241,5000000
312739,400000
707103,175000
692381,50000
581109,2000000
376484,450000
1071956,4000000
148751,1000000
236748,75000
789371,1930000
372459,375000
100586,150000
152873,50000
5892,100000
88721,250000
290577,50000
24175,50000
1144,100000
43754,200000
539810,200000
659518,7000000
789389,200000
575472,100000
565673,75000
100127,200000
260829,800000
5825,400000
199635,450000
788445,1700000
73623,100000
361066,2000000
121398,700000
1063261,2520000
3291,325000
926670,400000
70412,500000
52209,250000
110670,150000
554405,25000
4624,175000
129592,7500000
45370,25000
888823,50000
61812,1500000
482838,800000
738154,50000
292409,125000
72989,150000
34377,200000
967318,100000
352934,200000
266795,1500000
455291,25000
139743,100000
375004,400000
330126,4500000
72395,50000
59151,100000
578878,250000
458389,125000
554565,500000
5974,25000
596881,1500000
381913,175000
52403,350000
61764,100000
7402,100000
74124,150000
145919,100000
897479,500000
27245,250000
53444,650000
331094,75000
199938,175000
178024,325000
340320,350000
95810,5000000
257732,12000000
60973,50000
305946,600000
406091,500000
55115,100000
351738,3500000
655003,50000
531637,300000
81346,150000
724428,150000
670850,1200000
1074124,100000
77835,50000
295401,75000
251676,500000
481681,200000
9621,200000
292346,150000
81801,500000
14031,1000000
235782,250000
159955,100000
934049,100000
645191,300000
388815,500000
858650,300000
284843,2000000
453483,1685000
711996,4000000
207561,1500000
58957,50000
123536,300000
120710,300000
127192,200000
304338,200000
624243,400000
16118,500000
662131,6000000
626475,800000
69110,900000
534202,350000
627069,650000
44624,200000
141563,150000
288181,50000
103667,75000
213894,100000
62180,100000
433049,24000000
610238,400000
709969,15000000
193142,400000
77100,6000000
209581,100000
190272,50000
89701,3000000
741931,300000
201698,50000
69912,100000
49788,50000
197578,150000
80383,100000
462086,1000000
12275,250000
29007,50000
170481,500000
163291,50000
530157,400000
312341,1400000
7945,200000
632087,325000
252713,200000
253232,100000
130230,175000
440718,125000
111983,100000
128011,1500000
623059,150000
147573,500000
85345,150000
573816,25000
644613,500000
503160,17000000
387197,2000000
85314,7500000
727747,1300000
94559,200000
469064,300000
43246,700000
874877,50000
182420,350000
640735,800000
44742,950000
96734,50000
569386,500000
692286,25000
610383,75000
608406,50000
939964,9000000
280409,700000
249526,250000
422425,200000
7480,800000
453874,125000
462699,200000
124495,275000
600942,500000
568005,7000000
421766,150000
423610,500000
568750,200000
4452,200000
329629,700000
951695,100000
14219,150000
244930,200000
46602,100000
231289,25000000
15069,1400000
199299,500000
131753,50000
524923,500000
704117,25000
477834,350000
422939,350000
237113,350000
353728,1310000
1249850,100000
200056,2000000
138394,50000
166275,600000
53139,50000
421780,450000
186763,300000
78339,400000
719654,100000
37788,175000
7054,50000
157884,250000
13271,250000
520517,300000
257485,100000
324800,450000
9647,100000
51420,200000
113133,3000000
245032,50000
242434,100000
252922,300000
186924,700000
480425,300000
821105,317000
127643,25000
340657,125000
383401,25000
170354,275000
716525,100000
265324,900000
653832,350000
594992,800000
148374,200000
673495,200000
57480,250000
148826,250000
114340,700000
863919,1500000
527211,125000
4241,1000000
343289,400000
288018,50000
424143,11080000
39049,100000
38757,100000
229817,1900000
480762,45000000
68973,125000
183281,250000
241706,250000
55385,200000
541646,150000
312735,200000
743598,15000000
988977,400000
744942,200000
811544,1800000
618036,300000
579261,100000
1057857,1200000
36903,150000
324891,150000
4740,1000000
60793,1000000
273000,8000000
203026,1500000
646404,2500000
533110,150000
453757,100000
457967,75000
163676,200000
580765,1500000
864121,13000000
238266,8000000
9852,1000000
67655,100000
395797,350000
52976,100000
52472,50000
632896,2500000
313334,50000
106014,50000
63723,200000
228478,550000
110268,100000
111893,175000
72648,50000
617279,75000
787305,1500000
534438,125000
621314,50000
685720,75000
84486,250000
335631,800000
940462,415000
413112,80000000
27374,250000
649417,25000
238628,820000
44859,50000
700680,300000
283196,13000000
1070098,100000
708600,100000
745284,800000
135082,3000000
37735,50000
85667,125000
499581,100000
37949,50000
733576,25000000
166038,250000
395697,250000
264478,100000
269116,350000
631055,100000
793702,50000
374999,75000
45951,100000
152419,200000
633753,350000
52136,150000
308770,490000
522227,50000
800948,7000000
44834,200000
351419,4500000
352925,200000
31101,250000
122417,50000
652633,700000
342824,150000
161056,50000000
221899,1500000
182904,7500000
436034,600000
621346,75000
199522,250000
331725,175000
29819,25000
398131,200000
268122,250000
91540,25000
277777,300000
214538,5000000
154209,350000
43934,600000
554394,400000
67925,200000
436379,150000
87672,500000
173483,700000
669915,600000
314341,2000000
612571,25000
292246,17000000
227081,3000000
513646,150000
256567,800000
176612,150000
392500,175000
746777,250000
242771,25000
126716,7000000
288511,100000
59154,100000
64506,250000
186494,100000
249360,1000000
331059,9000000
798927,800000
919469,700000
129515,200000
421637,7000000
1143807,1032000
244258,450000
34783,350000
192774,500000
24459,150000
830028,25000
346766,10000000
3614,500000
231712,600000
514889,200000
567880,300000
64399,800000
171362,800000
73137,50000
266302,40000000
355924,50000
913495,1000000
475208,3500000
268932,50000
353395,900000
118492,900000
118847,3500000
293900,75000
272638,1500000
26946,500000
123189,100000
595012,500000
25856,100000
234510,150000
271635,200000
697950,50000
183301,200000
463356,10000
117549,500000
938145,2330000
946883,8000000
33222,200000
825481,515000
655909,50000
931914,8380000
89650,600000
214625,250000
4316,100000
106654,200000
211420,850000
110690,75000
441098,900000
199470,200000
291323,75000
335012,150000
148597,400000
383807,1000000
539449,180000
751363,150000
48486,200000
81785,700000
563392,50000
87262,50000
977858,100000
353400,250000
330783,25000
34372,100000
17879,1250000
77348,50000
429551,3000000
608531,600000
303597,25000
288230,75000000
1048145,530000
924399,100000
263934,175000
646670,250000
677937,50000
385906,750000
520461,25000
154919,25000
173821,200000
184953,250000
612809,25000
831630,150000
13829,500000
986180,200000
272619,100000
1043634,1000000
279657,50000
247415,50000
513970,10000000
171382,300000
60567,350000
49018,200000
469858,200000
276002,1500000
297008,75000
57135,200000
709729,150000
607140,455000
704709,50000
149829,1800000
276050,750000
545520,600000
84162,250000
510241,1100000
10424,250000
126700,200000
284724,200000
135748,150000
221659,100000
178219,1500000
351597,800000
1004305,25000
642551,400000
1001901,1790000
36727,75000
40043,1000000
33925,200000
330806,325000
833884,50000
282329,100000
717118,1500000
53543,125000
284769,1200000
176555,300000
503871,20000000
316442,410000
129236,300000
581678,180000000
86739,300000
402624,100000
82009,1800000
525692,600000
276567,75000
249331,1370000
119366,600000
234249,300000
271598,75000
696656,200000
61575,900000
123296,75000
1191154,100000
325105,250000
132002,150000
814930,50000
140206,200000
335400,225000
65692,150000
63469,350000
876719,45000
665022,75000
210662,900000
154287,250000
830080,10000
195051,250000
832896,25000
58945,75000
51716,150000
813437,4000000
402613,25000
224884,2000000
456111,150000
165354,100000
251345,1100000
20052,100000
5962,300000
548470,12000000
453742,500000
182429,25000
375668,300000
964251,1840000
586659,500000
405973,50000
163738,700000
90466,750000
274640,325000
434116,6500000
450829,255000
336158,1400000
57305,50000
362743,225000
498237,12000000
208405,100000
315254,2300000
311867,175000
376592,4220000
159907,350000
98131,300000
378463,900000
32591,200000
160668,4000000
548847,3235000
488763,150000
15717,100000
406609,4500000
321096,500000
163088,75000
198861,325000
331840,2500000
1085018,810000
684210,6000000
371343,100000
74945,125000
490606,700000
129835,100000
342346,450000
156128,400000
654311,150000
405197,75000
931515,9070000
151209,50000
198976,150000
377720,550000
227240,250000
50219,1500000
695512,50000
36293,100000
321629,200000
412671,700000
147359,750000
517081,400000
435228,6000000
38768,400000
250591,2000000
1082915,10000
48870,200000
36814,350000
372300,7150000
83256,150000
826410,25000
61003,100000
904710,6360000
282897,600000
250471,400000
241375,200000
99353,2500000
468927,100000
549016,9910000
935777,1000000
164498,100000
865621,25000
410748,100000
164769,325000
5648,200000
537841,600000
179548,250000
267382,200000
875412,250000
258029,300000
383430,125000
82505,400000
851385,2000000
331574,100000
331511,12000000
280066,50000
47004,50000
209766,250000
340179,350000
301758,125000
86502,400000
19736,50000
24986,450000
42792,100000
622236,300000
125020,700000
21988,100000
33783,200000
74602,100000
986288,1000000
413459,400000
163481,100000
777502,250000
606614,25000
248738,4000000
334437,150000
646710,150000
58514,100000
146714,800000
396899,100000
35733,100000
120211,600000
45543,150000
401583,600000
77362,50000
163630,125000
176997,300000
112237,150000
395539,25000
125250,1200000
156941,3200000
391278,500000
481627,800000
435665,125000
35633,100000
344392,600000
411975,60000000
119256,100000
43055,25000
537955,25000
827950,150000
973827,425000
314571,300000
175836,375000
504001,450000
320889,100000
927644,500000
19375,75000
340321,7000000
117481,100000
94210,225000
291764,25000
196897,125000
39004,150000
200177,200000
58295,300000
606882,100000
318549,500000
260330,175000
559331,25000
18298,250000
566046,275000
506189,15000000
168159,100000
690624,50000
456292,400000
25236,100000
261502,1500000
788283,2000000
448920,3000000
58396,300000
568183,100000
460602,200000
33831,450000
532,400000
369674,14000000
667903,700000
332560,3500000
91359,100000
177688,250000
59826,125000
169179,750000
193217,350000
377725,200000
1161845,130000
815262,50000
615333,125000
260838,450000
329632,50000
46423,300000
236168,3500000
797563,100000
177475,300000
579263,3000000
59249,100000
290271,350000
750904,3000000
388165,30000000
554066,100000
292832,175000
184917,300000
361068,7500000
834744,1500000
288313,50000
325924,2200000
105577,50000
222108,325000
657324,250000
125409,500000
564383,100000
450539,250000
241241,125000
129374,300000
48064,100000
678783,500000
258912,400000
81776,500000
341092,18000000
530881,100000
428502,750000
105498,75000
18012,125000
22203,100000
607586,50000
234914,100000
338632,200000
1159758,50000
775905,125000
225593,1500000
144547,125000
60799,600000
355514,50000
187203,75000
845566,4000000
417515,75000
164756,150000
282900,250000
77005,100000
227199,150000
807128,6000000
339328,4000000
353148,300000
1159373,100000
617081,10000000
936565,50000
284847,175000
43824,1000000
832055,50000
119563,125000
25821,100000
3297,1000000
567491,50000
94529,5000000
503980,7000000
961297,3180000
240408,400000
517894,55000000
355861,5000000
1074584,7000000
670119,500000
127706,100000
25006,25000
293652,100000
892057,50000
36939,800000
204111,800000
710474,400000
616431,175000
883205,1225000
26162,200000
250512,150000
422746,225000
538966,150000
381128,100000
87381,100000
598575,200000
856068,2500000
215810,200000
588635,500000
674088,250000
153555,600000
222320,1000000
584083,800000
260160,100000
527276,2500000
25118,175000
639733,3500000
121570,1500000
298975,4000000
14128,300000
91722,125000
854633,700000
345562,800000
465950,50000
33729,300000
739745,200000
885235,125000
77829,150000
527192,250000
134400,150000
208890,800000
500966,585000
1009300,100000
157484,400000
220309,25000
720868,100000
240349,100000
76055,100000
6058,100000
64672,200000
976271,100000
192366,250000
671666,330000
203507,500000
897481,1000000
114022,400000
33942,1000000
415193,150000
197490,50000
323720,50000
183321,4000000
254476,150000
655006,10000000
770436,100000
158851,25000
460757,100000
7528,50000
633306,3000000
57856,100000
292806,2800000
662493,550000
1100480,350000
4403,100000
431424,250000
644771,25000000
292773,175000
209582,75000
210747,2000000
486624,9000000
211305,250000
223029,3000000
57370,500000
378953,6000000
727528,800000
589911,1200000
82608,300000
300508,800000
116792,200000
656108,50000
79045,400000
244271,2000000
9707,100000
22943,400000
279955,200000
164897,250000
460800,600000
44727,250000
189604,150000
468283,500000
4755,50000
230495,25000
158380,175000
4314,800000
74709,650000
52903,50000
20865,50000
358261,350000
339982,150000
122235,100000
878247,600000
120186,3000000
238989,150000
248338,560000
670116,1000000
72899,200000
1015607,3690000
263956,1200000
65966,500000
1157759,50000
406640,28000000
895089,175000
42949,350000
550696,150000
127182,600000
288240,450000
169813,200000
1237999,100000
455012,250000
524989,150000
982557,900000
726717,75000
138049,100000
144303,1200000
113083,75000
51325,100000
419067,900000
571079,200000
830225,775000
339839,300000
37850,200000
166628,300000
226208,150000
29039,50000
802987,200000
300146,700000
402957,200000
1268078,320000
13000,125000
446491,3000000
936867,1750000
606604,135000
889136,50000
112302,1500000
612517,4800000
303402,150000
67715,225000
29104,100000
800611,225000
1128180,580000
535537,375000
24026,150000
285867,50000
62751,200000
6176,50000
602597,150000
11378,400000
569845,5000000
172137,100000
576098,25000
618813,3000000
200798,150000
315161,150000
37247,200000
239044,500000
191211,150000
530173,1500000
648699,100000
15055,100000
39720,250000
73920,225000
237284,50000
283528,2500000
462771,25000
842465,500000
130535,150000
412366,4500000
197576,800000
839652,75000
56810,400000
64481,250000
369316,30000000
299561,350000
77832,100000
488362,40000000
381268,150000
464984,25000
394348,25000
93584,100000
63356,350000
5023,1000000
1108667,2950000
617170,700000
334728,300000
782476,6000000
115447,250000
126012,150000
295764,1800000
495672,75000
3163,1000000
848509,8000000
814528,75000
561745,300000
198709,1500000
89648,250000
94174,100000
956094,150000
188338,500000
666168,400000
540827,600000
79193,250000
484988,15000000
612143,1000000
263905,8000000
149647,50000
603477,50000
401732,1000000
145854,150000
187290,500000
755327,50000
226273,150000
684196,100000
16095,300000
715380,135000
451311,250000
105874,300000
24877,450000
180311,1700000
243541,1000000
646376,150000
157509,25000000
114899,50000
380019,450000
291816,500000
37442,300000
4248,300000
234137,375000
297064,125000
832184,50000
3132,100000
935107,250000
285916,50000
920218,50000
468036,500000
715510,1500000
349905,125000
253765,2000000
133810,200000
293271,100000
479941,100000
199771,50000
376581,50000
936819,1735000
157494,150000
652330,300000
302486,50000
110865,150000
529543,100000
633659,3450000
597804,175000
186269,200000
898721,3000000
421769,200000
161757,50000
288549,150000
348791,8000000
1061336,1000000
159029,10000
494684,125000
519184,15000000
213984,200000
606810,50000
93831,350000
308433,1080000
539425,100000
1070799,50000
57358,150000
1101641,600000
48424,300000
139915,4500000
44336,25000
678277,350000
203374,300000
272539,2800000
656695,200000
383638,1000000
559794,15000000
325454,300000
216589,75000
85611,150000
244338,1500000
599215,1300000
79422,1500000
65681,200000
106306,75000
44607,100000
126284,125000
935048,300000
150163,250000
25060,25000
512913,11000000
466806,700000
191854,300000
340267,200000
258002,300000
1141560,600000
294142,25000
267032,50000
225452,3200000
40372,900000
255814,200000
30667,175000
634844,205000
182312,300000
926301,300000
46415,150000
247596,2800000
567597,300000
207580,900000
250009,300000
28393,50000
60709,400000
258138,50000
458710,8500000
715622,150000
229857,250000
538079,50000
869901,40000
182381,6000000
44012,50000
36045,150000
353404,6000000
287015,700000
352559,125000
481836,150000
68407,150000
283232,100000
1042873,1385000
834898,200000
201135,400000
45674,150000
398808,2500000
31493,200000
56014,150000
25923,150000
24000,100000
50478,25000
461631,500000
77812,1000000
475416,4000000
73846,900000
189640,600000
744172,200000
297009,65000
63482,25000
538927,2360000
1126894,2500000
212713,300000
491763,50000
159883,1200000
661212,5000000
58064,100000
130741,150000
67211,100000
62638,1500000
234893,25000
112022,300000
169002,795000
646214,250000
485672,350000
674241,2000000
184892,5000000
89619,75000
139279,500000
739769,2000000
177960,350000
126516,300000
698840,200000
545332,2700000
25523,275000
271256,3000000
259930,2000000
771909,200000
3540,500000
398030,1500000
1060740,4000000
29712,200000
579294,750000
615350,1500000
483916,3000000
313097,400000
252639,50000
149446,500000
79110,75000
241163,150000
346175,50000
926954,100000
503851,75000
225165,2500000
241686,200000
226185,200000
44422,75000
60028,150000
190289,700000
173750,500000
461613,25000
264737,125000
313113,400000
349733,25000
130196,50000
297013,100000
591956,100000
326843,150000
78496,150000
718178,100000
376226,400000
935039,400000
167444,225000
472176,125000
506175,225000
622480,200000
275303,3000000
75327,100000
384741,500000
323169,100000
1043831,200000
451282,250000
679423,1200000
82130,75000
393521,200000
379209,2000000
817527,600000
410059,400000
33754,500000
113192,300000
869934,50000
327251,7000000
1058354,1000000
7971,150000
101500,1300000
37920,500000
312123,800000
358212,600000
322065,3000000
281608,50000
382554,2500000
340460,2500000
23160,100000
160561,600000
287863,1600000
241481,2200000
809639,200000
89188,100000
185795,75000
58020,400000
293316,200000
723416,600000
877672,450000
505219,20000000
317482,1300000
469976,4000000
1841,175000
895480,2000000
102558,25000000
260806,1000000
353826,2000000
789328,200000
81655,50000
1141628,4500000
708265,70000000
358719,100000
421778,50000
655902,4000000
25891,50000
35630,125000
1237073,340000
611912,100000
395122,4000000
598791,9000000
5967,200000
515208,5000000
861410,45000000
540466,400000
369267,2500000
658536,30000000
873448,10000
251827,50000
288430,50000
340070,300000
40617,250000
9841,800000
869933,40000
336735,200000
542819,2000000
54217,200000
78490,125000
79242,1500000
21495,100000
186342,150000
355791,200000
105468,300000
930096,50000
218086,150000
45501,200000
226009,300000
29122,25000
255748,250000
288883,700000
54565,50000
209583,1200000
110864,8000000
592474,325000
458588,1200000
315865,16000000
56747,1500000
86097,400000
22227,25000
257118,300000
565852,2000000
272278,18000000
99463,325000
44411,700000
1244434,90000
627221,7000000
118645,100000
222332,600000
443222,900000
662142,150000
56912,150000
393217,225000
73980,300000
73492,500000
36182,500000
461674,167000
57796,250000
543493,500000
5672,250000
353674,300000
22285,25000
804134,900000
53228,50000
586537,75000
187492,25000000
501640,350000
6873,50000
102382,300000
776875,50000
228953,450000
486039,1800000
576982,25000
4410,150000
129476,1000000
316551,1500000
623321,6640000
490970,450000
214239,75000
14963,75000
235783,350000
37138,250000
32966,50000
115793,50000
161137,150000
141456,150000
225462,200000
536519,700000
56097,100000
323963,250000
176850,300000
481513,1500000
396334,1000000
912436,3000000
186228,450000
290540,50000
177907,15000000
58018,75000
292805,300000
14520,1000000
912601,100000
101213,500000
205676,25000
267396,750000
80599,50000
787299,50000
340206,300000
32727,100000
596216,50000
460654,450000
821516,217000
16186,100000
336246,50000
522328,250000
93553,125000
36039,500000
544931,700000
638552,75000
337537,700000
197642,8000000
464753,125000
367466,6000000
55980,200000
866250,1000000
82332,375000
188689,150000
212867,300000
182684,125000
187105,1200000
132239,10000
183142,50000
152858,150000
13175,150000
1045568,100000
697714,200000
1004709,250000
952282,400000
186997,400000
205809,750000
51356,175000
576896,50000
71503,150000
46594,200000
464632,200000
336776,100000
187359,550000
129053,225000
193033,17000000
621193,900000
368559,1200000
76902,150000
205938,13000000
882772,300000
168162,150000
42393,300000
395242,1300000
104643,225000
620912,100000
658586,50000
970364,375000
549966,4000000
433933,200000
316946,50000
501770,175000
222859,1500000
735366,200000
143155,500000
35509,100000
613665,200000
206699,50000
1035981,50000
375857,1800000
14942,800000
694238,25000
719677,2320000
658837,50000
489893,16000000
787304,25000
111037,50000
1126427,50000
57944,100000
56778,150000
990732,50000
268940,25000
994604,1000000
79276,100000
397896,275000
41994,100000
29692,700000
319177,150000
667915,10000
418563,800000
502298,600000
673196,250000
52037,50000
890557,500000
56231,100000
124884,3500000
58661,75000
46658,125000
206890,75000
433180,200000
610440,1400000
44367,25000
504087,32000000
214316,2300000
345589,250000
406738,585000
59148,25000
103890,1200000
973311,25000
63821,400000
231908,150000
56831,125000
99924,100000
307362,50000
708876,150000
594277,200000
262523,7500000
348601,2500000
497312,225000
448901,700000
804650,440000
193782,1500000
562275,75000
297630,550000
92348,150000
71105,10000
218118,800000
855309,100000
174692,500000
189513,100000
396428,800000
139546,150000
449844,200000
255930,100000
339323,250000
205560,50000
707317,300000
549960,800000
343963,700000
13110,100000
76076,250000
697663,150000
56640,50000
297005,75000
238307,1720000
557939,3000000
913018,75000
207049,50000
330173,50000
200119,200000
631589,225000
818507,25000
128304,1000000
44913,250000
21750,500000
906025,200000
648638,150000
249089,15000000
554155,100000
24061,200000
21245,200000
129473,4000000
194790,200000
304617,250000
706138,700000
821536,217000
627198,5120000
132024,200000
353559,600000
403808,1000000
552445,2205000
148371,75000
256213,50000
393607,175000
735700,350000
177847,1200000
337036,2000000
178449,1070000
56631,150000
64000,400000
54820,200000
340538,500000
214252,350000
369672,200000
263727,2500000
286392,200000
891998,3000000
1061277,25000
1180068,130000
131248,1500000
134609,300000
254341,100000
120443,2500000
43117,350000
205325,150000
148967,1000000
126195,200000
42936,1500000
541231,20000000
233124,2000000
390132,200000
190146,250000
518723,300000
311435,150000
5818,500000
31089,300000
27700,250000
268926,50000
449179,200000
224513,250000
408288,300000
293729,450000
71830,900000
1134676,200000
348537,145000
160963,4000000
344069,14000000
21552,150000
618050,25000
524210,1000000
22853,100000
836428,100000
181373,300000
166725,150000
432298,14000000
85393,1000000
401922,14000000
382527,400000
138812,150000
54794,25000
555056,300000
804548,500000
1069932,125000
659520,5000000
43734,175000
14013,250000
996453,2000000
28809,325000
813522,50000
1013713,200000
156808,300000
237893,175000
257127,25000
106987,10000000
484547,50000000
542597,500000
469737,200000
698246,1375000
16744,300000
110928,500000
26399,15000000
242630,150000
420465,10000000
213670,3500000
269365,200000
144583,300000
52063,350000
587550,400000
148123,75000
80151,400000
25732,100000
7542,100000
373044,100000
741251,6695000
174822,50000
102271,350000
235822,25000
543392,400000
432960,1500000
87444,300000
260731,300000
160109,350000
296363,25000
56727,250000
734487,1000000
45668,250000
467474,50000
164254,650000
59032,4500000
90297,200000
608943,450000
242279,50000
427291,150000
124234,200000
299235,385000
198570,150000
43984,300000
355444,275000
21108,100000
566799,18000000
5286,250000
970609,125000
5878,200000
407624,350000
43753,200000
410854,600000
585323,20000000
337456,25000
1174140,280000
323740,1800000
482141,2000000
130907,50000
95289,200000
655011,50000
107266,100000
499758,5000000
122152,150000
596523,125000
389942,600000
659415,2500000
127051,300000
388795,2500000
988710,900000
632086,100000
46175,100000
153657,300000
237732,225000
184310,100000
101304,100000
14270,350000
616885,1500000
28026,75000
18019,50000
33951,250000
289845,250000
212829,1200000
667640,150000
913674,100000
600677,50000
743501,300000
409517,5000000
371150,400000
212420,300000
243610,300000
45220,10000
392033,550000
923708,3280000
538918,10000000
896154,100000
715382,100000
318084,50000
201311,2200000
103607,150000
143558,2000000
364408,250000
393605,150000
179043,75000
336756,300000
548193,26000000
292818,9000000
203939,300000
227039,1600000
1033404,100000
255093,25000
459248,300000
14579,25000
13799,150000
51118,250000
111082,1800000
84892,25000
366930,20000000
74295,250000
345961,200000
539321,275000
137704,500000
44573,100000
150746,175000
195730,200000
49409,75000
60599,100000
295851,200000
539262,300000
346485,250000
125546,75000
39106,200000
815483,100000
586712,175000
203361,350000
221151,800000
704729,100000
199348,200000
155377,75000
1028162,2500000
1018259,10000000
509235,150000
516761,200000
52595,200000
467540,325000
289085,50000
548111,50000000
676118,4660000
419999,200000
115607,500000
52848,400000
45511,100000
43960,100000
77715,300000
148455,55000000
60506,100000
87097,100000
214243,200000
54581,400000
511422,50000
198516,4000000
65988,50000
199856,300000
646747,300000
295024,1600000
292835,300000
203412,900000
438927,500000
205023,350000
34557,325000
53477,425000
622067,50000
198619,200000
975729,550000
437573,200000
1020652,300000
166273,50000
33809,100000
160683,50000
692734,1800000
515639,350000
411119,250000
819215,8500000
21859,100000
285597,150000
1257693,540000
131505,5000000
110320,100000
175739,150000
86175,900000
524181,500000
89812,125000
45448,100000
131096,450000
391065,18000000
442703,2200000
520580,21520000
407094,400000
135492,2000000
100240,100000
1230230,510000
339820,1000000
408438,300000
36284,900000
345886,7000000
520732,50000
747001,1015000
232219,450000
225151,600000
77066,200000
331573,50000
1047100,730000
886047,500000
517704,150000
137179,200000
519869,300000
172143,25000
123601,175000
623543,100000
388548,1200000
63022,200000
202278,600000
234795,300000
127837,400000
156556,25000
74081,700000
899163,2500000
388820,2500000
96787,50000
718408,400000
59982,150000
504042,200000
50193,50000
1047101,730000
110867,400000
875208,225000
550179,400000
81588,200000
176285,700000
104697,650000
602487,50000
308265,650000
211331,200000
51106,100000
278190,200000
274461,2500000
85763,75000
605627,50000
491216,125000
379198,1500000
572519,900000
63056,1000000
545647,3000000
212413,75000
29016,1000000
74768,100000
715616,100000
25412,100000
42787,125000
23379,100000
34892,100000
58874,1000000
199196,25000
982859,100000
55089,3000000
95239,125000
673360,225000
698164,250000
1087102,5440000
696893,400000
31131,150000
102432,4000000
647484,1800000
38341,100000
173253,75000
314942,700000
186891,200000
246277,50000
80173,200000
181113,700000
44171,25000
113612,150000
33363,100000
9915,100000
363803,150000
170562,250000
182580,125000
767229,200000
24609,250000
1078350,1015000
227347,800000
366948,1500000
268946,1500000
1065901,250000
539860,50000
367426,1405000
3201,150000
282409,100000
593480,250000
234781,8000000
71905,300000
279052,150000
5896,300000
78754,100000
1044539,1160000
281829,50000
238595,2000000
735347,370000
42710,2200000
56317,125000
2048,100000
364295,350000
106539,25000
25758,350000
161057,350000
173580,300000
222196,10000
156140,75000
232144,800000
576776,25000
111026,500000
160172,150000
269865,200000
30386,150000
948267,25000
125735,200000
423609,500000
216872,1100000
255688,600000
101029,100000
672248,50000
112985,100000
287636,200000
162783,50000
240632,100000
486046,8000000
159902,400000
58789,300000
58450,300000
265078,7000000
338908,300000
746095,200000
711969,9000000
381812,25000
13849,150000
607226,10000000
106536,250000
542877,700000
147028,150000
103064,750000
193362,50000
542445,25000
816491,125000
346559,75000
330059,125000
156487,200000
380521,100000
81998,150000
114530,300000
154051,200000
364299,2500000
621436,4000000
690568,100000
444065,25000
495922,150000
557611,200000
112674,100000
838367,915000
31868,150000
546047,3000000
280039,125000
1716,500000
434224,22000000
107377,900000
842444,100000
20730,300000
28004,100000
366045,2000000
521407,3000000
796303,900000
320271,2000000
70231,50000
56611,325000
86100,100000
465542,125000
135853,5000000
29386,25000
34130,250000
575716,5000000
593410,300000
390124,125000
557558,3870000
1067886,1942000
635807,350000
533738,45000000
388171,1500000
855842,50000
88983,100000
476072,100000
592472,50000
258516,150000
740515,175000
64711,200000
914853,100000
126767,150000
108471,50000
351395,800000
496036,50000
281658,25000
576682,700000
599287,150000
49462,25000
34839,300000
774772,200000
685145,2000000
379742,350000
164501,100000
448264,1000000
50346,50000
44465,800000
199177,150000
188498,400000
630523,300000
1111241,275000
956101,50000
450688,225000
24284,800000
191856,175000
191257,250000
412937,2000000
244280,25000
60982,100000
97205,75000
446310,340000
312485,75000
145840,650000
244061,100000
853344,450000
152422,25000
724666,100000
67221,100000
531679,5000000
695225,150000
328966,100000
18542,250000
85822,350000
255340,250000
337459,180000
210109,25000
379632,50000
537851,150000
31720,500000
752778,1000000
690552,50000
207929,3500000
297070,3000000
637552,350000
17352,500000
358512,600000
450376,10000
149996,300000
33349,25000
87422,300000
225161,40000000
481682,150000
575610,300000
423897,25000
728734,2800000
258521,150000
568373,1500000
281024,100000
469959,100000
110078,1500000
185024,2500000
177862,500000
662327,2000000
454667,175000
396342,5000000
24195,250000
240786,500000
203938,4000000
121850,200000
375383,1500000
318707,700000
385848,400000
85774,75000
80702,150000
91251,250000
463320,800000
128660,125000
402002,300000
857832,1400000
484367,300000
352126,50000
242646,150000
604579,300000
815550,50000
436061,100000
148957,400000
929494,1800000
554198,50000
553513,800000
814750,50000
500638,100000
292775,100000
258021,350000
181410,1000000
52506,50000
104290,150000
142414,50000
392110,25000
197918,25000
74089,2000000
288857,250000
326585,350000
337705,400000
182814,200000
601059,375000
39784,200000
470240,700000
119234,1500000
318547,125000
1028757,380000
12758,250000
570064,50000
340339,1200000
50483,25000
170540,200000
293308,25000
366937,1000000
204069,15000000
518358,1310000
3989,25000
61881,100000
991649,200000
57785,100000
233085,50000
1071136,655000
386667,200000
75453,300000
283420,150000
394285,500000
628330,175000
578791,100000
640544,200000
126737,2800000
373898,250000
336074,900000
4217,250000
4315,1000000
1046188,100000
199733,4000000
562463,100000
121481,275000
312017,3000000
221306,50000
236017,150000
928359,1015000
340707,2000000
1047587,45000
685735,75000
744154,7400000
77274,800000
207855,200000
1121298,4000000
391127,750000
290774,1800000
65635,200000
24713,50000
1130086,240000
646704,1000000
1037971,400000
207015,8000000
208095,400000
186292,50000
242631,25000000
233072,100000
876532,50000
198391,720000
806948,500000
84907,300000
647120,75000
511931,175000
441383,900000
518860,400000
2703,300000
540064,450000
372809,900000
54148,150000
342131,150000
745233,5500000
390108,50000
184123,150000
237244,800000
8548,250000
129551,325000
365451,200000
306024,20000000
49589,100000
406042,1200000
239810,125000
685651,200000
714460,300000
647125,250000
274466,150000
435406,350000
986298,1500000
257534,50000
433388,2000000
465555,18000000
593862,9000000
108692,125000
572399,200000
457782,1000000
340328,11000000
290349,50000
597659,7000000
312479,50000
730484,1500000
365247,300000
176981,25000
750753,2000000
79933,350000
263932,175000
178187,150000
259881,3500000
840669,1805000
288237,900000
3461,1500000
345345,1200000
42345,250000
443338,400000
119211,5000000
624751,1500000
796212,300000
997474,1000000
31835,1000000
158149,325000
830452,1000000
771912,50000
371247,400000
405800,4330000
134402,25000
280701,6000000
39533,75000
315283,1500000
324727,150000
193319,175000
346644,700000
240263,600000
586756,5500000
78819,200000
203055,25000
3564,250000
357164,75000000
44789,175000
498557,500000
167959,50000
233654,200000
747243,400000
330909,500000
451811,2010000
74865,50000
169681,700000
1201580,50000
145602,400000
288716,300000
462584,140000
95129,175000
251860,150000
1179260,150000
61960,400000
627760,300000
250682,75000
393797,250000
529198,100000
709579,50000
57561,50000
146805,500000
732529,100000
186923,200000
235339,1200000
561921,25000
309929,200000
880333,10000
42417,25000
315871,125000
457107,200000
801031,600000
203764,250000
71904,100000
111432,250000
21175,500000
170498,225000
105400,150000
337917,300000
169368,1800000
401394,5000000
70544,150000
472246,100000
513245,20000000
378746,125000
234793,125000
65521,900000
337070,300000
55512,100000
346483,28000000
70212,100000
782889,175000
276896,4000000
63200,1000000
256718,1500000
56817,75000
359187,200000
103577,100000
169566,150000
607224,9000000
912438,150000
365770,1000000
74253,50000
401712,600000
351624,175000
44432,300000
225955,150000
335100,350000
62471,75000
286042,100000
1019408,3120000
344009,5000000
153661,900000
137648,3000000
191643,125000
369881,200000
159032,350000
17217,100000
235538,175000
315846,75000
503881,9000000
252209,750000
27706,300000
316416,410000
36812,50000
130452,75000
21863,250000
298583,2500000
22053,150000
868101,4000000
539220,275000
1053908,150000
422838,2000000
231011,200000
829434,1000000
648021,9590000
510396,1000000
301815,225000
815359,500000
266615,450000
63833,300000
89591,800000
342383,100000
639582,250000
335733,1200000
119224,25000
27306,300000
726453,200000
1285174,600000
294798,2000000
170243,500000
263628,275000
44741,300000
55524,150000
342254,200000
591619,100000
540059,350000
84903,100000
357165,400000
52428,300000
235781,250000
122844,100000
153392,50000
719456,3000000
114508,75000
199040,25000
459658,40000000
85686,50000
139590,200000
611198,300000
357802,75000
298185,50000
177859,400000
89231,1000000
659516,10000000
71440,225000
14951,300000
606570,200000
162027,700000
659517,400000
226184,10000
565836,25000
270191,400000
251878,6500000
39514,200000
59646,300000
186064,75000
53058,1500000
37222,200000
675483,950000
296960,75000
474652,7600000
346562,700000
606527,700000
212832,1800000
92571,700000
328105,50000
425746,175000
329493,50000
355368,300000
733309,1500000
1047109,300000
542525,1300000
22613,225000
273597,50000
419660,150000
413565,18000000
1063262,50000
521433,25000
393487,1300000
195628,350000
817843,800000
937681,420000
466797,50000
241546,50000
141224,600000
611195,800000
271435,75000
811431,50000
245585,400000
893661,27000000
42737,800000
595751,50000
118014,75000
75219,50000
376709,50000
57337,250000
455945,200000
570426,3925000
124419,7000000
197300,6000000
61653,450000
346707,22000000
559800,350000
640432,1000000
41128,100000
579298,300000
1057565,1500000
410229,50000
462830,50000
433329,350000
427572,10000000
620164,1500000
125103,7500000
138652,100000
466336,1500000
99442,400000
150948,300000
128911,200000
160943,225000
44170,300000
396831,25000
563963,15000000
196562,55000
27487,150000
343488,25000
63695,100000
7737,250000
128407,50000
92381,250000
52530,75000
160182,200000
92548,150000
146285,50000
118375,200000
569375,3000000
184928,350000
130485,800000
372280,150000
54231,100000
258382,50000
58076,100000
27807,150000
226024,150000
448870,125000
243878,400000
227185,350000
974982,40000000
802520,200000
605534,350000
252641,1300000
131756,25000
255989,1200000
667914,700000
77563,400000
670861,1500000
91956,75000
233077,400000
162056,1800000
309944,1500000
211251,1000000
131480,650000
733495,5680000
157927,350000
50055,400000
503768,800000
7101,75000
372450,50000
398057,25000
143852,200000
395694,250000
1250365,480000
55759,25000
623524,2000000
156891,100000
289510,650000
703626,100000
7611,500000
495600,200000
166586,100000
111528,200000
260672,500000
397222,10000
447143,50000
54178,75000
47513,250000
881297,2000000
24260,25000
362086,4000000
646478,7500000
743384,8000000
37700,50000
185939,500000
305977,125000
50552,100000
179838,150000
270646,200000
114282,150000
865993,700000
22217,200000
297239,50000
323929,200000
292203,300000
10288,300000
15570,1000000
228660,400000
306382,1000000
1015619,3690000
1084075,100000
209015,250000
300582,50000
400550,350000
56435,550000
264770,50000
121385,1500000
674261,125000
743894,100000
657863,200000
243779,200000
537598,22000000
177185,300000
509837,400000
279992,100000
462977,8000000
329722,4500000
631819,300000
7899,100000
465408,3500000
40014,75000
190048,50000
7600,800000
79470,450000
232454,18000000
126697,50000
708453,50000
258015,5500000
660059,75000
416626,50000
472243,800000
160222,1500000
494282,300000
54916,50000
144935,50000
583919,900000
148657,900000
657957,5000000
221712,50000
272816,100000
187759,200000
78576,100000
107550,100000
1187799,150000
860048,600000
537854,10000000
131728,600000
301706,50000
61887,250000
600870,125000
192611,250000
278678,75000
161517,50000
352661,100000
395870,125000
2514,1000000
477185,360000
48526,200000
397696,500000
193081,7000000
377042,7000000
39783,300000
161617,150000
556713,500000
104503,100000
574352,600000
629637,900000
258653,200000
406924,200000
214326,200000
242760,200000
38195,75000
1193791,1055000
44625,250000
105521,2800000
37293,100000
26669,50000
591190,150000
280513,50000
298642,600000
282429,8000000
1606,50000
155025,3500000
658060,500000
351503,100000
65343,300000
39073,500000
392149,125000
789562,260000
324182,150000
735568,9000000
57869,150000
165531,350000
38593,1200000
413403,35000000
567472,300000
85670,175000
88542,900000
89762,25000
811841,200000
654177,150000
534528,300000
140436,2000000
414162,50000
876400,6000000
5422,500000
371021,6000000
152481,100000
290754,125000
706822,490000
799936,300000
333903,900000
57280,3000000
412661,7260000
432401,500000
971775,100000
185031,100000
200799,200000
467545,25000
6097,75000
61758,100000
308428,150000
906192,50000
338637,3000000
136518,200000
162569,4000000
634122,800000
997467,3880000
74985,150000
799091,125000
253664,400000
111036,1000000
321851,250000
328874,100000
320842,25000
892217,150000
152517,200000
405679,900000
176912,25000
9502,400000
244256,500000
745573,50000
867079,50000
315130,250000
57216,250000
308267,100000
165383,225000
712086,1100000
48930,100000
235840,325000
374301,75000
461019,3000000
160357,750000
392091,350000
182877,9000000
747983,100000
1103809,350000
225742,150000
149752,1500000
401717,75000
541555,20000000
491648,1500000
387378,800000
812630,1720000
345008,400000
210369,25000
552581,150000
19299,50000
118428,200000
92180,700000
696024,1432000
534473,1000000
399262,350000
33440,100000
424008,200000
345343,300000
330269,250000
496062,200000
844299,600000
28002,350000
293326,300000
1066820,2532000
560593,10000000
337381,2200000
284010,10000000
934317,150000
309570,150000
98063,125000
160506,1500000
93145,200000
212260,300000
699771,150000
162939,50000
453594,600000
30436,300000
1060087,8000000
578804,6500000
372138,50000
233782,6000000
45287,1000000
420884,10000000
348298,400000
136578,200000
800976,7000000
157889,50000
278707,25000
52376,75000
1186012,300000
234910,350000
199179,300000
395833,300000
113575,200000
296913,150000
437842,700000
752046,105000
58112,75000
46062,125000
284762,100000
158071,250000
128105,1000000
157132,250000
505673,3000000
249513,1300000
199859,175000
250526,100000
406151,3000000
168174,75000
69435,225000
52246,300000
94037,250000
359461,100000
60990,250000
1053240,900000
382774,2600000
320248,250000
542572,200000
291941,400000
426142,75000
367195,250000
73458,300000
21701,75000
328834,200000
225616,300000
315343,2100000
536826,200000
532483,25000
196720,100000
392655,500000
479675,600000
93047,200000
144128,300000
251444,125000
258624,500000
92947,900000
587333,175000
448212,250000
704347,50000
623561,450000
91380,100000
5299,400000
41818,100000
1004619,100000
223560,2500000
521846,125000
815113,50000
396859,1000000
37966,300000
538063,175000
4095,300000
283193,300000
34512,150000
748804,10000000
443322,150000
44027,100000
390304,1000000
113914,75000
330878,200000
341485,400000
435666,7385000
58890,500000
315930,500000
507479,4200000
910192,150000
1051609,200000
805476,100000
623330,25000
392681,10000
61883,50000
192539,300000
227752,100000
297623,50000
1181948,230000
743387,2500000
140191,1000000
67232,150000
137150,75000
515624,1500000
659271,100000
491890,800000
128912,300000
789082,20000000
596144,200000
127143,150000
747153,900000
505308,1500000
487828,300000
363063,75000
380376,250000
167204,250000
604323,1000000
282364,200000
236727,150000
127160,700000
481166,150000
342240,600000
66219,300000
840254,600000
148754,200000
122011,800000
636170,125000
635481,50000
880169,100000
384802,300000
893187,300000
581701,400000
13041,25000
293985,175000
462348,6000000
92453,75000
610323,50000
280398,250000
467244,225000
670715,1000000
537467,200000
442319,150000
208772,800000
1142136,100000
899867,100000
51069,250000
169551,250000
98078,400000
443764,50000
181795,50000
417239,50000
351487,100000
315762,3000000
464195,800000
96928,350000
170934,7500000
683620,16000000
308356,200000
69819,175000
804264,700000
486051,1000000
45299,275000
720936,300000
1130941,270000
121378,100000
240199,300000
92899,250000
33484,250000
262300,3500000
820070,400000
410158,6500000
282039,150000
278796,1000000
165825,800000
260801,500000
432094,300000
481468,300000
257558,100000
531825,150000
4133,100000
396107,250000
283472,275000
801754,1700000
905345,1000000
504542,25000
289854,50000
239743,8000000
926135,1500000
667556,50000
170720,350000
747003,1215000
663939,400000
336992,150000
814999,25000
919438,500000
282406,700000
71020,250000
229320,650000
670711,500000
363794,900000
12033,200000
28481,50000
661053,50000000
278166,2500000
633624,200000
857818,18000000
229012,500000
529223,1000000
382423,350000
885623,1000000
85928,50000
923595,7000000
26562,200000
1064103,200000
616188,25000
299944,50000
102990,50000
543197,175000
1001854,50000
53600,100000
595940,3000000
550106,5000000
287656,150000
646122,50000
21101,75000
126683,300000
569662,50000
195782,900000
457236,175000
929600,300000
35518,4000000
471474,1200000
549041,200000
17976,100000
246580,350000
808447,200000
530879,200000
603149,3500000
22396,400000
94308,800000
869458,500000
353213,50000
27592,150000
291968,250000
537548,50000
224736,250000
587646,1000000
260673,50000
597931,350000
297731,100000
157506,5000000
277114,4000000
193900,3000000
285127,2000000
129558,350000
51457,150000
96089,125000
136184,1600000
3817,100000
162567,100000
405690,2500000
393010,50000
704079,50000
563696,50000
196721,200000
224499,150000
18379,200000
202836,10000
568915,50000
597,150000
7568,100000
40407,200000
729196,350000
180437,100000
27612,200000
283127,400000
344158,5820000
340491,800000
700365,50000
541134,7000000
125019,1500000
515747,150000
193080,25000
43271,25000
342218,450000
470375,500000
474800,25000000
186290,325000
135172,175000
282663,50000
60542,700000
206364,25000
138141,350000
140109,700000
934154,400000
156304,200000
791528,1500000
23952,400000
524590,800000
534033,90000000
17244,500000
20833,150000
172977,25000
880401,50000
424043,4500000
8198,15000000
39377,250000
131183,300000
148372,5000000
702402,100000
76293,250000
706815,500000
6853,400000
2421,300000
220851,75000
238584,300000
368631,300000
27305,250000
1131451,270000
820647,50000
1004725,9000000
89400,50000
817523,50000
330122,100000
210081,1200000
146596,75000
125315,200000
457859,250000
86202,24000000
101201,400000
620315,1200000
1173403,345000
565837,50000
788861,1500000
883051,585000
95435,400000
131561,300000
6012,75000
905928,600000
176218,300000
459906,25000
458173,300000
593320,200000
138691,75000
277635,2000000
119301,50000
168754,310000
450708,50000
240360,500000
461963,500000
31216,400000
67797,1000000
391719,1500000
568148,800000
69010,75000
787027,25000
70176,150000
51535,200000
855050,150000
56827,500000
405073,100000
576566,375000
601577,200000
814015,150000
154147,1500000
668046,50000
863741,600000
48954,250000
72873,50000
504153,10000000
688673,250000
743589,2000000
137313,600000
289199,100000
252056,125000
282372,50000
618341,28000000
334046,150000
69511,400000
289404,550000
159000,150000
339337,3500000
598992,300000
243783,200000
364232,800000
252667,2000000
111114,500000
146373,500000
62832,250000
52059,1000000
62379,175000
89030,600000
455290,50000
43076,500000
7983,300000
497252,200000
557015,6540000
726472,1200000
125700,175000
283497,1500000
197304,275000
36784,200000
365779,500000
44424,50000
396328,600000
241119,950000
269553,75000
547786,1400000
354464,75000
51885,50000
1184614,830000
158427,75000
148369,200000
51715,350000
92109,400000
796213,6000000
192009,2800000
168063,800000
519651,75000
13520,200000
217026,150000
892044,360000
24637,500000
85969,150000
292356,450000
845834,50000
459758,75000
131172,125000
285439,200000
874759,50000
743421,25000
412935,2500000
55156,150000
61867,350000
502661,50000
571037,200000
369103,300000
282349,2000000
135557,100000
365449,700000
423166,2200000
42735,300000
147112,200000
491598,3500000
80161,400000
19368,400000
240220,250000
27053,200000
764863,400000
26721,250000
245960,50000
251892,1200000
187798,275000
10917,250000
24004,300000
53570,50000
28987,500000
344589,200000
649343,700000
57420,150000
706622,250000
873444,50000
264140,300000
226073,2000000
217033,1200000
255443,100000
461833,12000000
82244,50000
17130,25000
537765,2000000
530552,500000
291739,7500000
701937,800000
15128,300000
137582,900000
56067,400000
249238,340000
114341,300000
182991,200000
273054,700000
18397,250000
330041,300000
42933,400000
124548,150000
303111,10000
30697,600000
225083,12000000
789587,50000
709986,100000
390107,150000
146310,10000000
90145,120000
76799,2000000
190633,200000
419924,25000
98262,350000
7427,300000
537538,200000
76746,650000
48557,25000
390159,800000
351168,200000
540068,125000
146303,50000
3397,1000000
124733,300000
64545,25000
459707,75000
683891,700000
211734,100000
245893,1800000
238199,150000
19987,10000
158397,75000
271451,350000
967509,2610000
487421,900000
311440,150000
237655,75000
333199,500000
42033,150000
353396,50000
354173,1800000
58030,125000
6073,300000
213016,350000
25090,75000
371144,125000
130394,1500000
828374,4140000
282513,300000
536507,2500000
668547,9000000
594505,2500000
271497,300000
606718,25000000
275256,50000
122945,75000
49560,200000
84344,500000
209953,75000
126534,300000
631693,1000000
435418,25000
693352,900000
39471,100000
483047,175000
751085,75000
291758,650000
202981,200000
496745,8000000
690575,125000
570538,50000
744934,400000
1105393,735000
451788,350000
129503,200000
283286,800000
20410,500000
303947,50000
126729,4000000
67850,150000
195062,100000
101254,350000
1160122,400000
341713,10000000
110863,75000
93935,1500000
34091,50000
258885,2500000
310458,3000000
26502,300000
202979,2000000
44726,200000
699266,350000
44045,200000
134883,500000
702559,50000
258761,175000
433652,600000
336085,75000
325200,700000
276030,400000
787912,12000000
60941,50000
289528,50000
393304,50000
340324,22000000
215652,250000
507254,1000000
272707,350000
472161,1300000
12934,50000
556865,1500000
414318,400000
215864,2500000
1099652,2180000
73070,50000
79893,225000
73782,300000
696265,2160000
1010854,10000000
210988,175000
307535,50000
86099,50000
24064,100000
41191,200000
904342,50000
596837,25000
17259,4000000
387110,8000000
89581,100000
254284,500000
66266,150000
60080,75000
265990,150000
82834,10000
1240468,100000
546415,1500000
599999,875000
747112,100000
315232,25000
487469,60000000
562702,7000000
136581,200000
55878,75000
455289,200000
540302,1800000
31111,350000
65233,250000
16968,175000
110868,250000
74869,1000000
734171,250000
234784,50000
184491,4500000
497291,17000000
212391,1200000
902021,2500000
352015,100000
289095,800000
238055,10000000
301666,50000
661205,900000
4489,400000
512354,1200000
485586,800000
146710,350000
96444,100000
6075,200000
334207,2000000
8060,500000
120996,150000
460255,150000
128285,300000
5439,400000
175704,250000
1038348,7000000
460658,150000
99348,150000
47741,75000
291007,100000
53532,100000
822116,100000
222062,50000
95755,1500000
206544,225000
629385,600000
1093049,245000
50200,500000
264,100000
292509,200000
15730,300000
163283,175000
287737,75000
122647,75000
57275,750000
124911,150000
9813,1200000
506948,2300000
52576,200000
7803,300000
23443,100000
284854,2500000
522412,100000
321086,900000
336370,275000
292739,150000
58364,200000
517753,3500000
192124,200000
34077,100000
128063,475000
369171,450000
62913,150000
628473,100000
704692,75000
495441,300000
577844,300000
220896,250000
1137808,800000
198037,125000
390638,12000000
618038,350000
735570,40000000
236490,20000000
342050,400000
188733,250000
72175,300000
137086,100000
539444,175000
709999,150000
435605,500000
55510,250000
1119455,4502000
45298,100000
498234,300000
258879,250000
52345,400000
486052,250000
74956,300000
158419,75000
742611,500000
258027,4000000
290951,2500000
392333,75000
623249,50000
667749,900000
340292,75000
266950,25000
9966,750000
1095655,6085000
188076,2775000
133392,150000
982545,100000
38801,100000
199603,50000
1161400,50000
416003,200000
597880,7000000
238504,100000
739357,5170000
60805,200000
213366,250000
127202,7000000
170472,2000000
186644,6000000
523977,400000
511552,600000
724707,1340000
1177190,435000
817852,100000
494353,100000
197880,600000
322702,5000000
254037,1500000
225632,50000
670857,300000
184382,200000
795055,250000
296782,800000
613437,350000
126662,200000
646658,15000000
427927,50000
419545,25000
57188,300000
960578,3180000
294873,6000000
27661,200000
272261,3000000
353878,900000
167189,100000
15980,400000
603137,300000
945500,1222000
806384,450000
1194386,50000
257474,12000000
45717,50000
249466,450000
73083,50000
774552,300000
735,75000
244927,225000
42189,400000
265268,250000
4219,250000
96476,150000
557412,25000
71801,100000
611149,150000
136589,325000
22467,200000
666580,1000000
1064403,150000
379163,2000000
749187,150000
574901,1500000
217721,250000
26194,50000
963835,50000
76598,25000
508637,350000
516407,1000000
203167,150000
56903,100000
171261,50000
234385,75000
450790,700000
45126,200000
392124,150000
386148,100000
184534,300000
1266282,200000
335900,150000
293592,700000
157818,125000
8883,250000
30431,50000
167799,20000000
189485,5000000
386541,700000
626291,150000
158375,150000
127769,200000
294221,300000
55099,700000
697853,50000
323934,1200000
62645,200000
8317,500000
332593,600000
596182,50000
93936,900000
340636,50000
287710,300000
231381,650000
407491,700000
7401,25000
635344,100000
4115,250000
33065,500000
634116,50000
614742,1800000
223967,25000000
391346,200000
712911,75000
703577,250000
928831,50000
377605,1400000
92880,125000
241889,800000
164816,50000
16531,200000
669632,4000000
333074,50000
82097,1700000
711575,100000
1037260,100000
83944,75000
597004,200000
412932,7000000
652275,15000000
955205,50000
820252,700000
285845,10000000
204142,50000
480022,75000
206268,955000
355051,75000
182713,450000
605266,600000
462809,250000
128027,200000
725003,150000
911386,50000
720791,600000
357186,400000
321551,200000
933884,400000
248325,300000
5688,600000
226261,1200000
204102,600000
452309,100000
79014,50000
44421,250000
38124,300000
3276,500000
28698,400000
273130,250000
240414,12000000
411506,150000
164785,250000
315121,5000000
33031,100000
314210,5000000
370520,250000
818068,300000
33862,200000
750903,2000000
515638,1200000
419648,3000000
102581,500000
129753,225000
278958,75000
924850,400000
112088,50000
599231,7500000
177771,250000
375877,3000000
7288,250000
175961,1200000
590775,100000
13292,200000
24480,200000
354114,400000
75705,150000
461654,350000
407577,300000
20046,100000
706176,1660000
160117,350000
74842,5000000
375758,200000
231614,4000000
874874,50000
255638,100000
69609,100000
25520,150000
262365,2000000
1166258,370000
558244,50000
631576,225000
96812,200000
401604,4000000
876709,50000
21039,75000
322397,200000
574215,75000
198589,2500000
164715,150000
215784,25000
204779,50000
319679,300000
303259,25000000
448554,25000
164472,200000
463755,350000
808901,200000
226524,3000000
91059,2000000
65255,300000
168186,550000
599419,4000000
569388,1500000
593071,100000
119691,400000
76896,400000
660139,25000
783373,500000
119581,1500000
299902,300000
721470,2500000
217111,9000000
135173,350000
35193,600000
46472,400000
167859,500000
353056,650000
455933,250000
290269,225000
728381,10000
248695,500000
375658,215000
104977,300000
643,100000
374139,7000000
568698,1500000
1004062,1195000
335595,200000
122383,150000
732870,25000
510459,550000
430824,250000
241077,150000
337670,600000
209019,700000
188588,50000
581679,36640000
529730,300000
260664,150000
335633,100000
494236,2500000
336731,450000
538974,2300000
707456,200000
318904,700000
549791,550000
591600,25000
513539,50000
589899,250000
43260,200000
347824,200000
272957,50000
592387,1500000
33447,200000
202977,175000
746734,250000
396537,250000
415085,200000
526466,4000000
257794,50000
369650,750000
1143801,1032000
378629,5195000
432281,2500000
603670,50000
84133,175000
186031,350000
275457,600000
120977,6500000
245030,4000000
314853,1200000
904922,650000
71671,475000
177544,525000
66386,300000
431131,150000
358733,125000
75407,125000
614770,125000
26139,100000
239673,50000
429099,400000
524285,7000000
73926,1000000
378139,3500000
198264,50000
175600,100000
845809,400000
1052906,25000
83234,50000
15821,50000
202622,50000
255473,2500000
811169,150000
291979,50000
315862,1200000
57901,50000
460934,1000000
122797,2000000
73998,50000
238218,150000
184932,150000
844356,1690000
46500,200000
370525,1520000
14736,200000
335993,5000000
268119,450000
12098,50000
120206,450000
334774,50000
303140,1500000
228584,100000
151205,300000
964562,1860000
412943,1800000
187298,325000
255284,250000
135747,350000
177291,75000
172975,25000
77745,250000
771917,50000
694925,150000
1127979,580000
49737,125000
26244,500000
282421,2500000
702562,200000
1020670,100000
13051,50000
289587,500000
43982,100000
334632,100000
184954,50000
4538,100000
392160,75000
353933,2185000
628494,200000
333451,125000
241391,5500000
478198,800000
49143,25000
268426,600000
235924,50000
237355,250000
259932,150000
855142,50000
961022,15000000
247250,1500000
301240,600000
205566,125000
307781,1200000
394330,150000
1082832,400000
105691,250000
257482,850000
462087,350000
157849,400000
596186,300000
59340,250000
85430,200000
542834,25000
880458,700000
819237,100000
591361,14000000
85964,300000
343155,100000
441286,75000
63491,150000
141832,100000
796118,1510000
673429,2000000
976768,100000
389578,50000
45527,200000
141828,150000
122421,3000000
3411,500000
301239,100000
137611,150000
1080972,1000000
955216,100000
814473,300000
189989,200000
51903,25000
89208,100000
636688,60000000
1335,750000
63955,350000
176133,200000
649261,1200000
51681,475000
717346,500000
2201,100000
139436,125000
362667,11000000
655913,75000
298983,1000000
946269,210000
666589,125000
973234,50000
348255,125000
273669,2000000
283580,300000
43309,500000
397860,300000
319452,650000
187916,50000
741142,4000000
726992,400000
73457,2500000
607377,400000
55993,100000
1179117,50000
387313,1000000
311745,10000
260265,325000
86264,200000
1078326,500000
236549,350000
241900,175000
170517,250000
225004,1800000
25395,400000
56772,50000
71123,50000
61194,250000
975843,50000
46791,75000
95808,75000
403673,1300000
122223,400000
401173,30000000
285551,250000
983798,150000
148911,50000
1083054,2520000
7980,1000000
393155,50000
70132,75000
370833,2000000
1075,500000
92141,125000
107274,150000
287203,250000
282414,6740000
856156,150000
300340,300000
361516,400000
402618,150000
322075,500000
332342,450000
44662,100000
324329,250000
118074,175000
742484,300000
56889,275000
636093,2500000
14690,200000
209212,8000000
176621,100000
565232,3500000
910926,150000
315145,10000000
14552,500000
244491,500000
43364,50000
205587,1500000
214838,50000
33718,25000
187915,150000
316422,750000
654986,1000000
628487,300000
483742,400000
741285,2695000
182913,25000000
217879,3000000
610430,300000
76445,25000
55356,500000
261927,12000000
338668,9000000
26815,150000
102740,1500000
696762,125000
461595,250000
270188,3500000
59328,125000
707610,100000
410425,28000000
71084,100000
388266,4000000
42300,150000
59529,150000
247377,1800000
256429,600000
241402,200000
25468,150000
66518,100000
16870,100000
1057820,5000000
221799,50000
330208,2000000
539737,100000
309843,400000
338817,350000
587298,850000
18100,200000
317467,1000000
360140,2000000
193118,3645000
283748,300000
969296,1180000
203716,300000
1041934,200000
567492,175000
226978,400000
117674,7000000
531338,200000
402004,1800000
90964,300000
118275,250000
1066830,2532000
715650,150000
12125,350000
659713,1300000
253267,150000
193256,1000000
255901,25000000
521798,50000
185237,200000
215167,150000
326332,9565000
282706,100000
5680,250000
655021,1000000
665300,3945000
365877,400000
107803,100000
270412,200000
72651,450000
5501,300000
56777,200000
85223,10000
76924,400000
42411,150000
605572,100000
317420,50000
356640,500000
1302421,100000
503683,250000
193069,100000
398837,125000
243188,4000000
466816,125000
936604,50000
554284,4200000
20003,100000
137326,2000000
417346,16000000
14852,325000
470833,100000
251078,300000
159718,500000
104586,350000
542394,25000
52188,150000
534174,50000
661150,25000
937891,5060000
752047,25000
448919,250000
110925,400000
171069,75000
53400,750000
616638,750000
69401,400000
210689,4000000
272622,16000000
376082,1500000
363220,9500000
393864,900000
422893,800000
293200,8000000
801472,250000
96006,50000
796221,600000
349599,30000000
155042,100000
621282,10000
621397,600000
965816,140000
263801,700000
73138,50000
937958,180000000
72479,800000
34382,200000
614826,10000
46236,150000
148344,500000
127053,325000
694207,850000
353799,25000
525990,400000
496270,650000
39792,100000
129670,100000
181501,300000
24805,125000
650224,800000
533134,50000
848762,25000
989472,140000
235655,250000
387218,50000
557012,350000
1073850,322000
754037,8000000
37918,125000
901980,100000
221540,8000000
213268,2300000
16682,250000
257249,100000
666616,2500000
677186,25000
268216,1200000
96341,22000000
210667,50000
353935,2185000
361260,7500000
223979,18000000
203608,600000
67411,350000
1061626,50000
203516,700000
344695,50000000
338669,150000
6278,400000
185883,10000
818247,200000
159098,800000
346567,2500000
517842,5000000
218471,75000
629585,1000000
33357,250000
143182,75000
138051,150000
277,150000
166460,400000
503625,200000
227961,600000
311277,300000
519226,25000
326031,40000000
627229,600000
31159,800000
245021,1000000
63489,250000
17320,450000
254659,50000
198638,800000
48536,75000
373353,300000
799924,350000
592403,5000000
42714,250000
197166,200000
124084,125000
12142,500000
184921,50000
34198,400000
342820,550000
389030,175000
297786,3500000
211637,3500000
280762,400000
409498,150000
800010,50000
637808,1000000
5539,400000
25366,500000
281919,400000
28964,10000
355998,4000000
75446,350000
278021,75000
817885,50000
183161,450000
425516,75000
34602,150000
103680,150000
324178,50000
367443,125000
1159511,100000
1087022,200000
248938,400000
38817,500000
195676,175000
15981,50000
548635,200000
457041,50000
240197,350000
69352,50000
315853,80000000
148262,500000
261365,100000
1123210,1870000
3978,300000
154219,500000
432604,25000
821820,150000
38356,250000
660342,1600000
320870,50000
936823,1735000
228945,50000
526258,50000
73786,200000
132764,250000
14086,500000
729872,1500000
59377,5000000
394400,600000
460848,800000
56601,500000
140138,200000
162961,1400000
192507,100000
59083,75000
425756,700000
123497,125000
462823,20000000
463695,3100000
286841,100000
22109,50000
641131,200000
590926,550000
913305,275000
282954,350000
149526,125000
235646,200000
470244,25000
24501,25000
192766,350000
821779,50000
34400,50000
271787,500000
133235,50000
36877,350000
690,500000
273131,100000
541021,200000
326590,350000
197474,175000
426666,350000
58620,25000
235779,100000
474949,50000
460591,200000
1124880,800000
146693,400000
3259,600000
74725,25000
21782,100000
361032,2000000
885694,500000
376856,500000
45559,250000
166379,150000
44318,100000
381134,100000
367992,4500000
53293,300000
26585,100000
83275,25000
39831,150000
186590,30000000
711625,12000000
662418,250000
269393,500000
657430,15000000
111061,300000
263843,900000
184133,1200000
746712,25000000
396635,800000
1061665,500000
30882,50000
262609,1500000
70645,100000
124697,250000
21482,150000
371627,1200000
229032,100000
541628,2000000
692463,75000
584443,265000
704156,1800000
280543,125000
1034646,125000
35275,250000
242482,50000
4094,350000
62026,25000
374954,6500000
3118,500000
59434,50000
426685,450000
614195,150000
77248,50000
193597,50000
370998,1800000
181547,1500000
318528,75000000
169679,100000
182932,4000000
430623,150000
1141270,1180000
273341,250000
690704,2090000
709727,2500000
63295,200000
50202,5000000
1079562,765000
853290,25000
172154,150000
89205,150000
230895,250000
243690,150000
40423,800000
655142,170000
85776,50000
520581,21520000
326195,225000
122722,300000
182721,100000
533092,200000
60134,250000
565406,4000000
53622,7000000
467940,300000
240934,2500000
394688,2000000
192985,400000
623349,150000
444725,700000
130110,250000
364237,1500000
522784,25000000
105899,1800000
628461,50000
743494,100000
116614,500000
266487,100000
139167,50000
262022,600000
774545,25000
119298,125000
258254,1700000
132203,400000
654470,250000
297444,1000000
344864,3000000
505512,250000
338903,150000
277135,200000
13702,275000
659543,12000000
95483,25000
441689,25000
382007,350000
775535,800000
354664,350000
694512,700000
748070,300000
22923,200000
50628,300000
228574,75000
660746,3000000
268708,50000
39912,10000
33078,250000
4055,800000
817604,100000
405564,600000
60164,100000
687800,1400000
491589,3500000
15076,400000
6237,1000000
336646,4500000
1986,100000
177875,50000
58429,100000
176026,25000
248551,175000
248935,350000
177868,100000
655838,400000
396563,600000
99331,3000000
542842,450000
970278,100000
326701,1800000
235108,200000
144702,200000
162395,200000
50366,100000
25488,1000000
149810,300000
443544,25000
765468,450000
418896,300000
683333,5880000
186589,125000
216811,75000
569663,8000000
403013,150000
906329,20000000
17129,50000
599263,200000
59893,500000
51587,800000
190543,400000
48864,250000
637280,50000
66707,25000
402884,50000
46716,200000
138651,200000
290337,75000
743516,150000
474811,175000
207623,550000
190314,400000
336324,200000
415194,1300000
640565,700000
91425,50000
98102,125000
66994,250000
482102,900000
554393,800000
7237,400000
34532,200000
412669,30000000
418891,100000
215118,4000000
459890,100000
90478,300000
30942,150000
232463,1200000
16420,50000
594092,100000
257261,50000
312891,3000000
587335,5000000
253371,200000
125781,22000000
182446,1500000
51912,25000
298796,6000000
164904,1800000
221315,800000
21314,250000
198005,300000
262373,75000
285289,25000
288952,100000
31336,375000
502475,100000
374283,500000
223920,700000
51853,700000
37216,50000
279343,225000
12888,200000
2233,800000
29424,500000
61770,200000
203329,275000
951579,6000000
309400,70000000
566931,70000000
1047507,50000
670682,200000
676190,150000
560110,100000
60781,200000
60957,500000
295652,100000
341266,150000
114113,350000
955333,3130000
259150,50000
396411,300000
611651,620000
90593,390000
624436,500000
460648,300000
912078,700000
864799,9000000
392963,750000
276764,600000
217686,1200000
162261,500000
271103,500000
744146,100000
251897,1800000
17239,150000
1175588,75000
222079,300000
245023,400000
458418,25000
441238,150000
32441,100000
109881,1000000
667060,100000
1127847,580000
203907,75000
7844,500000
273051,150000
811778,28000000
436585,1800000
47005,150000
180497,150000
217757,500000
796299,250000
337458,25000
74954,100000
68847,100000
18927,150000
566025,4000000
627290,1000000
356099,2500000
267556,325000
102745,600000
1169601,240000
386201,100000
148357,75000
203970,800000
92635,125000
124866,250000
126337,300000
467312,125000
255450,10000000
56986,25000
574199,75000
944847,50000
620072,2000000
618408,100000
344066,3755000
607141,455000
347913,1300000
375434,1200000
619468,200000
191422,5000000
114116,200000
576033,2000000
461666,200000
115382,2000000
163627,25000
18429,100000
809723,430000
120501,100000
88701,350000
57814,400000
45475,300000
1200289,200000
120630,500000
390163,550000
64507,75000
521323,100000
74228,700000
66660,300000
322655,4000000
321934,225000
559330,800000
609647,300000
294895,275000
154949,200000
340003,10000
1130445,500000
7252,50000
401624,3000000
140682,350000
151213,200000
476367,150000
19409,300000
501709,1800000
1129800,240000
207877,3500000
55378,150000
358132,400000
22210,150000
817548,25000
279057,350000
801693,275000
58621,100000
554040,150000
206837,150000
335016,125000
863202,150000
180218,200000
4678,350000
54160,100000
225477,250000
198070,500000
811905,50000
323710,700000
267036,50000
520463,400000
597095,150000
284727,4000000
245027,1500000
929867,100000
172333,2500000
743496,4000000
584118,100000
696597,250000
342531,275000
518258,25000
923936,200000
1175928,50000
271455,900000
77287,150000
15420,1000000
370887,150000
533147,610000
244272,100000
296622,20000000
35247,250000
38267,125000
513346,300000
186239,200000
818085,270000
49681,10000
601285,200000
418071,4000000
340694,50000
27234,100000
289898,175000
9509,400000
726860,175000
349570,1000000
38083,100000
7922,1000000
431561,800000
366645,350000
123527,175000
69514,250000
604239,75000
536508,5000000
558553,50000
555076,7000000
766258,1000000
975438,970000
238947,300000
921545,2175000
35748,1000000
265265,50000
15153,300000
436916,700000
150058,200000
61757,200000
952014,50000
22913,300000
393230,125000
340456,32000000
61446,200000
358250,1400000
605338,25000
566677,700000
818898,300000
175169,2500000
152317,450000
396402,200000
72734,75000
55143,100000
15380,25000
1171172,210000
181339,100000
111881,700000
351691,900000
1011131,1000000
256772,275000
13368,150000
297752,300000
244192,1000000
4517,100000
728733,3500000
470830,50000
418659,20000000
42373,150000
469718,6000000
932761,650000
169260,150000
85753,75000
539135,350000
858486,950000
28922,50000
694239,850000
146210,75000
157668,50000
183031,2500000
37981,200000
184729,50000
430579,1700000
631821,11000000
96915,100000
342202,100000
3476,750000
264429,850000
400680,3000000
1358447,90000
28716,50000
138800,100000
57359,325000
524195,100000
880403,100000
36898,200000
74196,150000
175597,75000
349502,75000
306191,500000
129787,400000
655626,200000
416242,25000
217477,50000
898119,700000
766839,250000
849410,8000000
7214,200000
941883,500000
157993,100000
85066,25000
818703,100000
306463,200000
283233,3500000
159382,300000
806930,150000
465537,400000
157058,200000
877620,25000
122994,600000
3391,200000
8840,25000
52979,750000
559327,12000000
727147,325000
20232,1200000
110693,50000
937342,100000
570817,1200000
381360,150000
111027,250000
331282,1000000
339943,3000000
53288,100000
524537,300000
344606,100000
163489,1000000
135216,300000
342012,200000
176514,600000
696883,100000
523529,300000
36189,175000
371851,15000000
415646,700000
324795,10000000
420243,50000000
323831,8000000
3569,200000
243298,1000000
85357,450000
1076153,330000
124628,150000
598153,350000
23914,2500000
325514,350000
700034,275000
242606,10000000
33797,25000
550131,100000
703581,200000
309144,50000
216570,50000
920308,900000
994536,18000000
1093843,100000
710004,1500000
249568,600000
221875,50000
538973,125000
393243,800000
177550,250000
897423,700000
651522,100000
72587,25000
524986,200000
199369,2500000
282076,2000000
412616,2200000
427664,250000
310782,200000
212258,400000
20506,1000000
174706,200000
236940,800000
381284,75000
405686,2500000
57402,250000
704693,50000
606119,4500000
475413,18000000
530732,500000
18227,100000
516127,550000
2999,250000
372626,75000
423440,60000000
201994,125000
406008,2000000
532826,35000000
655896,50000
63158,75000
874711,10000
2358,200000
423443,1200000
99510,600000
294534,750000
7781,475000
257369,50000
585949,26000000
524318,150000
1290268,150000
724969,1500000
18301,500000
151639,100000
652803,2500000
127142,800000
288352,100000
457681,150000
223025,750000
242638,1500000
103221,100000
460898,400000
257579,125000
338629,7000000
43249,75000
312716,225000
1011316,4530000
200475,225000
434675,70000000
38642,75000
214265,225000
678406,8000000
195332,2000000
60578,250000
229853,1800000
935084,160000
559324,6000000
917375,1000000
34129,250000
19981,325000
370844,125000
986760,100000
60960,200000
59568,100000
33793,50000
462839,100000
817974,250000
420921,200000
1004344,800000
533238,250000
813142,2660000
1169436,200000
612826,10000000
100485,50000
7423,500000
58013,800000
319700,300000
439457,100000
345647,500000
363537,300000
180137,700000
353365,1500000
138662,200000
106320,200000
751995,50000
981118,100000
683538,100000
30677,1000000
31108,450000
263856,800000
389079,500000
1186020,700000
1015995,3780000
270240,600000
345480,3210000
452877,800000
149652,500000
41523,100000
166240,1800000
46706,200000
620321,350000
167798,800000
168211,50000
186187,100000
63047,175000
594812,100000
182431,125000
240397,25000
64590,225000
337152,125000
371158,75000
161099,50000
245049,50000
130345,900000
575219,250000
349826,400000
455661,17000000
15338,500000
279829,250000
105261,175000
6251,75000
553328,1500000
240956,75000
273437,100000
323602,700000
604326,250000
1230229,510000
48254,200000
353271,350000
248333,100000
50657,275000
521634,900000
307769,250000
161373,800000
443983,25000
260393,300000
916966,810000
150482,1500000
807389,4970000
318361,125000
741253,500000
199384,25000
526422,100000
461948,100000
700998,1500000
706618,275000
538045,750000
698547,200000
351816,15000000
165722,175000
204049,1300000
849520,35000000
310662,1500000
159778,250000
14678,350000
1164149,340000
337715,5000000
134424,900000
334213,1200000
257062,2500000
14515,200000
175014,1500000
841731,100000
703779,75000
240961,50000
834485,100000
7079,100000
72402,350000
175449,3000000
606952,500000
670883,1800000
978659,100000
237641,700000
55282,400000
16911,750000
614424,1500000
655660,50000
896156,50000
853110,2500000
790669,50000
569457,3000000
449575,150000
425544,150000
535959,1200000
249761,150000
585982,22000000
679413,400000
702988,225000
361266,100000
16816,100000
5393,150000
441986,30000000
397429,550000
504215,10000000
110686,150000
766552,300000
563469,50000
173559,150000
390725,50000
357072,4000000
923832,12000000
191866,200000
22378,200000
892973,3000000
432090,18000000
683804,200000
95984,200000
357995,1000000
742488,300000
166563,300000
429931,200000
422941,700000
420187,600000
804831,2500000
300532,2500000
947460,1765000
620892,400000
481176,250000
129533,200000
612569,50000
118998,275000
568695,200000
381834,1500000
1163292,280000
20838,200000
659813,50000000
111197,150000
77729,250000
352847,100000
441892,1500000
144863,300000
16624,4000000
355624,1200000
286533,450000
825139,100000
375002,275000
5645,200000
820371,1500000
226155,1200000
29152,475000
424051,2500000
663315,100000
412085,350000
1056655,50000
16551,150000
748601,5000000
98631,100000
584630,300000
2767,250000
231909,100000
15596,500000
1026255,800000
709767,600000
586534,125000
565674,200000
181203,400000
138949,200000
466847,200000
258626,11000000
625169,75000
12569,200000
158104,300000
14047,250000
502842,2500000
114062,25000
53302,125000
375885,28000000
294201,50000
161072,1000000
430483,175000
47435,250000
42413,600000
265075,100000
217684,300000
999954,1810000
173468,300000
232320,12000000
199763,75000
136897,150000
191654,100000
17292,400000
1005834,17760000
282371,2500000
45986,75000
271584,25000
75238,100000
859173,50000
888639,740000
435331,500000
406842,500000
6274,500000
1358448,90000
74667,550000
567156,1780000
239570,650000
659804,2500000
668529,5000000
282473,450000
204136,200000
184528,2500000
562671,600000
246063,300000
27470,100000
86775,150000
92117,500000
395102,50000
203460,35000000
122374,225000
634105,1500000
119115,800000
505046,1325000
176442,75000
101469,500000
406638,12000000
13111,200000
370789,20000000
439782,350000
235610,200000
5635,300000
180167,400000
43060,200000
321919,150000
620561,2700000
121218,25000
86083,250000
446248,1000000
4520,500000
198728,100000
122840,800000
241378,300000
36210,75000
985717,545000
357156,17000000
860062,300000
648032,300000
465715,1800000
31451,275000
66100,1800000
1187436,700000
126660,200000
673432,3500000
292396,100000
206683,150000
51954,150000
133628,300000
340323,400000
336637,25000
178019,200000
52514,200000
768380,10000000
400533,100000
43332,25000
6949,100000
666943,2000000
66133,25000
393023,1990000
617021,800000
1105532,3000000
261611,200000
787152,250000
21935,150000
603692,50000
672954,25000
75816,1500000
151582,250000
675878,400000
584548,400000
403566,50000
335600,250000
16810,100000
606603,175000
279454,250000
849429,400000
44780,150000
182686,125000
39037,200000
46046,200000
381920,7685000
1171171,210000
594273,700000
817967,300000
142929,100000
345742,200000
707274,6000000
1072067,1920000
75521,50000
132931,250000
183945,350000
534471,250000
523998,250000
314245,1000000
96761,200000
443900,50000
184885,800000
168157,4500000
265542,1100000
178107,2700000
38963,400000
15951,1000000
701757,4000000
369523,50000
969742,50000
16353,250000
64484,100000
411149,200000
627463,800000
88387,375000
374778,100000
110856,50000
322784,175000
114139,25000
119272,250000
603348,400000
673114,2800000
216375,500000
357149,300000
392524,500000
56491,150000
68030,100000
13748,200000
261072,150000
463233,850000
539738,200000
723010,655000
223058,150000
48583,50000
25396,75000
320265,400000
239287,25000
127813,75000
323241,50000
726460,445000
67080,800000
236734,800000
74544,300000
477460,3000000
956050,1200000
1171460,400000
55382,750000
257388,1300000
177581,75000
309841,800000
526641,207000
532444,18000000
82713,25000
118309,300000
238752,1000000
32618,100000
217754,175000
171806,25000
1153568,100000
137669,250000
489345,50000
59830,75000
168163,150000
568559,25000000
82599,250000
35035,150000
291765,125000
60258,150000
28845,250000
21872,100000
802555,260000
709011,175000
265254,100000
351478,30000000
36720,150000
148096,400000
173933,100000
67420,1800000
565419,75000
409346,250000
793873,800000
702834,125000
170624,75000
633668,13000000
324829,300000
596308,150000
192077,350000
743592,800000
896130,150000
45272,325000
587900,25000
416022,50000
481344,350000
235639,200000
98533,275000
666953,250000
429318,50000
4424,1000000
800177,1000000
53332,100000
727084,75000
362981,300000
285064,800000
238474,650000
246051,160000
76326,500000
117996,1000000
387996,550000
240218,75000
416492,100000
292570,200000
717414,2560000
297034,500000
186059,75000
191707,250000
17370,100000
654420,100000
194463,50000
33481,300000
31068,150000
715383,100000
16520,400000
193151,200000
707159,11000000
405386,650000
3495,100000
20714,100000
196980,25000
529841,300000
178459,2800000
177231,75000
531927,850000
1097113,6950000
13216,25000
107523,450000
260298,250000
581683,400000
950181,300000
423929,200000
440774,800000
606022,1135000
5957,700000
42621,100000
37372,500000
637782,5500000
524964,400000
278842,125000
139307,300000
391408,100000
9871,100000
534015,700000
282031,150000
64393,150000
467610,300000
1120127,10000
478601,350000
272855,8000000
277785,50000
375816,1400000
261905,5000000
204178,75000
296741,300000
718250,300000
404840,50000
63459,175000
476274,225000
40605,300000
439022,3000000
316245,300000
170514,75000
406633,300000
193891,75000
164575,50000
675565,500000
322873,2500000
361238,250000
88879,50000
395729,375000
405072,50000
56325,350000
392717,450000
87493,75000
341646,200000
929612,100000
7103,50000
926992,5585000
198087,1600000
615430,200000
44059,125000
12096,500000
613533,225000
84878,250000
124203,25000
140579,2000000
181714,225000
610071,100000
353922,6000000
658737,400000
340289,75000
120582,175000
396394,6000000
671656,50000
830841,600000
810826,6120000
278690,300000
57170,250000
43518,25000
337811,1000000
127140,300000
162571,4500000
635163,25000
20463,1000000
130142,150000
94230,25000
522260,200000
512127,300000
1257,50000
584427,600000
74960,1000000
747681,200000
57618,125000
340430,150000
426790,400000
191631,300000
170620,4500000
1260412,580000
149654,200000
873550,50000
953857,1135000
488785,2000000
116791,50000
554389,8000000
90596,390000
236496,150000
95736,400000
291103,150000
711232,25000
26276,800000
271509,75000
215599,8000000
282810,2500000
491966,450000
204047,3500000
155755,225000
130164,20000000
955382,50000
244832,300000
22636,50000
155597,600000
481677,250000
419597,750000
5017,300000
557609,150000
586736,200000
497692,200000
153634,125000
1043003,6000000
275483,50000
283211,450000
146284,100000
278702,250000
775830,500000
572097,300000
649266,300000
464530,1000000
728379,50000
746739,2500000
48835,50000
559335,650000
163214,25000
504243,450000
99186,200000
342385,12000000
365952,50000
904712,300000
366445,75000
848355,3365000
941938,362000
564785,8000000
104223,2000000
396101,75000
1088818,100000
427197,200000
297032,50000
23959,300000
13372,150000
800175,25000000
5794,100000
448917,100000
271861,275000
877140,250000
706960,400000
1143811,1032000
132555,100000
343953,800000
1130803,350000
616631,20000000
163663,150000
550108,10000000
270055,600000
355627,7000000
337928,420000
605364,1645000
34116,25000
417235,75000
226012,4000000
669000,1000000
348332,100000
244255,435000
30059,5500000
44720,25000
93926,350000
583508,150000
854861,100000
1159512,130000
234803,20000000
48119,600000
498043,25000
607200,100000
103616,150000
342389,15000000
320259,350000
395447,100000
42463,100000
225335,1500000
684318,800000
578544,450000
48508,1200000
3719,350000
345401,150000
792844,350000
802986,300000
332047,1000000
284746,1590000
15773,75000
231976,50000
563137,6000000
181781,1200000
1083604,200000
259350,800000
1130514,240000
57657,200000
301235,750000
214300,100000
42622,75000
563749,8000000
5873,25000
199971,350000
181135,250000
426648,200000
70934,300000
954744,3540000
283917,300000
69913,300000
507310,700000
186614,100000
353775,1500000
312752,50000
433325,400000
751977,1500000
236995,25000
167329,6000000
18901,200000
1237939,100000
378630,250000
253677,6000000
511802,800000
128899,3000000
234887,150000
44787,150000
119291,125000
92111,125000
423605,1410000
44069,500000
315441,400000
56375,150000
127076,1200000
340066,10000
610331,50000
634963,200000
55743,250000
926945,75000
50303,300000
89450,500000
854708,100000
12907,1500000
332132,300000
321165,150000
155617,100000
95438,8000000
516722,4500000
697278,500000
55756,75000
320811,50000
94307,1500000
222275,400000
216603,8000000
41351,200000
390944,150000
133179,7000000
58312,150000
19437,400000
103284,300000
724041,800000
790245,1000000
552751,100000
41281,400000
420474,100000
452084,5500000
25106,50000
383623,25000
31312,10000
57013,75000
218470,100000
176354,200000
468253,125000
321706,250000
83002,1400000
73408,300000
610423,300000
112541,1500000
201737,1500000
34336,200000
196003,125000
814848,150000
65976,1500000
1081219,800000
700385,2000000
321327,275000
1004681,50000
812658,50000
243760,1200000
357884,1500000
26801,25000
955356,200000
442531,10000000
62087,150000
35531,350000
35640,600000
819590,1000000
331550,50000
560881,50000
52874,175000
4456,400000
203357,600000
1138480,9240000
745689,150000
155275,50000
1032447,150000
127220,10000
35560,100000
560725,900000
1029293,100000
698678,8000000
216259,450000
531967,50000
235687,125000
292820,200000
365248,125000
20887,200000
563095,600000
148734,200000
99451,300000
216639,250000
399158,250000
350396,150000
85405,25000
615182,350000
237426,200000
42513,300000
1159449,100000
398063,500000
1005649,55000000
371078,200000
251896,1000000
184309,100000
503688,450000
431182,400000
292124,50000
63422,750000
202228,3000000
35493,75000
452296,1300000
565428,400000
298231,250000
483008,1200000
124160,100000
188905,25000
77910,75000
845836,50000
586709,75000
193955,75000
64511,250000
447661,38000000
381706,600000
352567,800000
16519,200000
352851,125000
16833,700000
973852,200000
228206,475000
9824,50000
704075,600000
535974,700000
45340,100000
93637,600000
36881,225000
73582,175000
59076,50000
170487,300000
743629,2200000
595937,250000
324851,800000
54716,100000
476527,600000
892221,5000000
361070,800000
240822,25000
31864,250000
51969,75000
415454,25000
181768,2000000
370846,17000000
375001,260000
491039,2300000
731879,400000
575375,600000
269861,250000
35540,50000
708241,800000
86466,150000
395602,300000
98351,100000
596204,50000
207842,100000
668178,300000
514218,100000
150788,75000
3405,500000
479646,200000
970280,375000
296513,800000
41164,100000
345535,50000
159977,50000
132061,225000
45601,150000
37950,200000
944444,830000
743906,100000
973825,425000
37623,25000
381156,150000
351616,175000
798687,1800000
575210,150000
748939,1000000
295313,18000000
91948,50000
477301,100000
490514,150000
193076,25000
98502,325000
42079,150000
555768,10000
127822,1500000
139628,50000
607780,600000
529113,75000
9800,100000
256859,970000
45881,100000
237597,200000
292812,1500000
820381,900000
1160405,50000
422407,250000
152846,100000
461617,18000000
557410,3000000
524010,2000000
319160,1000000
238716,1000000
238630,600000
165724,100000
557149,30000000
178838,200000
349890,200000
493330,50000
569365,100000
39909,200000
568333,3000000
659705,400000
427868,75000
58864,5000000
183168,200000
931567,2000000
249961,50000
1003166,50000
341272,2000000
902012,100000
413502,500000
525254,75000
225408,800000
52027,250000
273663,300000
194205,200000
290739,100000
175745,850000
371148,600000
37906,200000
208604,50000
225536,100000
130119,200000
374253,300000
701845,400000
1051756,75000
6750,200000
17249,200000
111786,100000
106632,125000
68560,10000
332340,800000
673193,25000
717585,4000000
36787,400000
197032,1100000
183845,150000
661284,300000
259135,300000
189525,100000
919620,800000
476626,175000
411424,175000
52135,350000
293325,4000000
1161451,160000
485583,4500000
355497,50000
347619,1200000
106629,25000
396174,4000000
505463,2000000
530902,150000
418881,50000
523965,900000
467623,13000000
104220,350000
920781,640000
64992,150000
39556,150000
348863,4500000
12502,200000
967346,700000
435209,1500000
163530,1000000
401987,200000
283214,250000
55800,75000
15568,200000
393699,700000
127984,200000
702361,50000
502065,1200000
386554,1060000
552547,350000
120241,50000
874709,150000
423960,100000
286772,1200000
118317,500000
357788,125000
668503,250000
290605,150000
56935,500000
83902,150000
729781,400000
334804,700000
888493,2800000
307419,75000
102040,125000
129124,250000
663237,7000000
342609,250000
851962,50000
748506,450000
818892,200000
260370,400000
555557,150000
469082,300000
369675,400000
399775,500000
374281,1500000
579809,125000
297257,3000000
59016,10000000
810558,1000000
226195,50000
381067,175000
783635,200000
199325,600000
336248,150000
880330,1500000
522245,800000
552533,100000
745910,25000
27986,500000
265159,200000
554432,75000
61447,250000
860256,300000
534491,300000
123628,1000000
350082,275000
108880,6000000
740230,300000
937107,150000
153751,75000
447,350000
167853,50000
49802,200000
625658,400000
49000,100000
50512,700000
83692,200000
51536,750000
457444,700000
375663,350000
75096,200000
81455,1000000
31910,600000
142342,50000
57644,150000
70580,300000
583953,2520000
605184,28000000
50470,300000
575408,300000
654551,3210000
189940,200000
28285,200000
214623,125000
182712,25000000
738115,25000
337516,500000
262545,350000
54651,300000
283149,75000
842338,2500000
333815,600000
132921,500000
169934,250000
212458,175000
706037,100000
315289,8000000
266911,100000
12391,150000
99397,1000000
50384,50000
324804,2200000
45072,250000
387928,600000
745436,25000
193303,700000
160560,900000
80435,400000
288225,18000000
656047,50000
670859,500000
145866,3000000
173900,2800000
52380,100000
124403,200000
58043,200000
13239,1000000
570423,8000000
122173,100000
476648,125000
470832,125000
74762,250000
344870,10000
287307,200000
42732,75000
249356,2200000
355698,50000
71548,400000
41007,50000
163665,150000
1076815,10000000
3995,500000
120382,300000
170646,3500000
15472,100000
447217,300000
640492,14325000
60394,600000
282073,250000
193945,10000
471690,12000000
102249,600000
257851,1400000
898021,125000
728485,1000000
159692,200000
221150,2000000
309850,50000
116918,300000
476352,18000000
46004,200000
69306,150000
127308,125000
136642,200000
780352,350000
60517,2800000
559979,7500000
139337,250000
463497,10000
470607,50000000
825971,200000
39467,175000
9696,150000
649026,600000
430280,8000000
75062,200000
344886,2500000
57249,100000
178333,100000
627661,175000
503766,350000
353108,2500000
55978,25000
199274,150000
175573,100000
35743,150000
250010,1100000
130264,300000
542780,100000
51164,300000
715759,300000
130041,200000
157177,100000
48003,50000
257676,100000
993645,5000000
42296,300000
144786,100000
390368,1500000
8669,200000
1061660,500000
593163,25000
74621,250000
231306,2300000
984708,1500000
111041,250000
1143823,1032000
955359,200000
910175,200000
532776,22000000
4750,50000
45025,200000
633850,200000
613641,1000000
598479,400000
244277,250000
336729,400000
442459,150000
122835,325000
213271,350000
364258,5500000
726038,800000
308432,100000
120189,800000
36080,200000
283962,4240000
1032280,200000
504147,1000000
98340,50000
724418,200000
556385,45000000
584447,125000
1161843,130000
1262720,580000
398576,400000
405969,100000
348795,20000000
217760,200000
892482,10000
116094,75000
82018,400000
76028,450000
1173279,345000
543726,250000
923504,7000000
19104,100000
540641,150000
4742,50000
281879,75000
213365,75000
370130,75000
119434,500000
93730,250000
273137,50000
109617,150000
948537,4000000
157387,300000
94771,800000
1091130,100000
622410,300000
36691,100000
294746,1000000
247652,1700000
956451,290000
352658,50000
36298,75000
422466,2000000
1189523,2187000
466765,1200000
20857,50000
207376,250000
175446,3500000
89654,300000
340343,1200000
401163,75000
54488,500000
249552,600000
279457,3500000
36859,50000
94292,150000
76743,300000
930415,150000
517699,275000
19182,25000
88212,250000
88971,400000
285548,2800000
1120726,2902000
33847,325000
58046,150000
542793,100000
258,100000
618465,200000
168856,100000
321417,300000
73547,1000000
154414,450000
207715,300000
700643,400000
633621,270000
576983,125000
614157,200000
543499,50000000
244904,400000
398827,100000
396841,300000
149239,250000
3195,500000
120070,150000
358753,50000
103793,250000
281883,100000
125754,400000
3287,50000
273588,500000
761326,1000000
602124,5000000
552549,8500000
461923,100000
353985,1030000
199341,300000
465717,3800000
1011200,6000000
874902,140000
616460,50000
517422,250000
452579,100000
94199,200000
199757,50000
182889,1100000
192635,8000000
129543,250000
58494,150000
313741,1200000
43082,250000
237632,100000
258513,800000
72415,200000
209576,100000
469949,600000
345172,275000
620598,7500000
26569,100000
147031,500000
198773,150000
367651,2000000
132214,2000000
610336,800000
787907,3500000
9684,300000
595809,20000000
381187,2500000
181779,800000
189539,350000
743386,25000000
256139,200000
205757,300000
722375,700000
56438,200000
69644,25000
123638,250000
512257,150000
72203,150000
731899,700000
403571,225000
215094,3500000
565832,200000
289592,20000000
670877,1200000
263903,600000
606752,16000000
464444,700000
345746,600000
29158,500000
997861,2500000
522577,200000
689505,20000000
36861,1000000
291522,75000
399136,700000
22512,200000
228434,250000
543051,2000000
8680,300000
315211,750000
397225,6000000
33563,50000
161011,5500000
839596,200000
617445,200000
343044,750000
576035,50000
43393,200000
344311,350000
259943,450000
129074,200000
16731,100000
288453,200000
47772,25000
284118,50000
19112,100000
23005,100000
936008,400000
836995,150000
745200,40000000
515613,1800000
265051,450000
270988,400000
336087,75000
119061,200000
44700,75000
490292,600000
347623,250000
398843,100000
1031774,1400000
110356,250000
508636,300000
315844,125000
249747,300000
7326,850000
105497,50000
1119650,4502000
504593,200000
1077175,3000000
798664,50000
353840,250000
315858,35000000
4693,50000
29324,150000
73472,300000
818888,1400000
52312,500000
16868,250000
257462,2500000
198223,10000
234193,2000000
144449,50000
395516,55000000
198496,100000
4344,250000
418661,700000
576681,25000
886252,125000
651973,1000000
718201,400000
80441,50000
178425,1200000
240083,400000
50580,200000
934838,50000
34986,250000
168957,400000
907813,3000000
586744,450000
145581,300000
283225,350000
423740,200000
387106,20000000
38607,1400000
57565,25000
291254,750000
15379,300000
23582,100000
140570,300000
385922,915000
125350,200000
425306,4000000
570548,550000
44699,100000
286949,1500000
162957,10000
382553,800000
393565,3000000
423757,300000
539065,1500000
169573,400000
73254,50000
214073,300000
825229,300000
879766,3240000
99977,200000
135213,400000
334481,800000
814446,5000000
733410,1500000
2050,100000
104351,100000
154274,100000
203414,150000
14514,600000
342684,50000
282041,8000000
44352,4000000
139887,200000
99352,600000
255906,5000000
410184,75000
230166,300000
724540,3210000
815104,400000
929603,200000
132056,150000
140702,75000
313753,10000
175188,200000
534376,600000
77797,75000
290571,200000
605037,50000
538073,400000
21493,300000
646402,9000000
595028,450000
45646,200000
197272,100000
143798,2500000
290418,75000
623071,150000
103278,100000
187384,800000
360451,600000
929573,600000
400542,850000
103981,100000
57343,500000
13217,300000
528894,350000
618342,150000
744857,1000000
521225,25000
42029,150000
9885,250000
182811,200000
815563,150000
218085,900000
26462,100000
93744,150000
418164,50000
124560,250000
463758,300000
13932,300000
213260,2000000
192991,50000
221580,150000
22720,25000
362347,200000
396131,200000
322061,300000
50142,200000
1001019,1790000
610400,3000000
250064,50000
170929,1800000
51984,75000
33465,250000
189047,75000
142532,400000
307763,1000000
453016,10000000
686332,700000
708242,200000
517724,830000
343237,25000
208469,250000
1046796,25000
129696,700000
458417,75000
579295,1000000
264431,350000
247589,1000000
536455,50000
70203,175000
1144999,3000000
53534,200000
56657,150000
353032,8000000
1082083,920000
503602,250000
125920,10000
561885,150000
562825,175000
659225,100000
118161,1500000
30694,2000000
348676,50000
307497,3500000
118058,175000
127774,200000
440531,75000
721481,10000
138399,700000
55895,100000
80158,150000
99343,2000000
573930,100000
58675,50000
37221,125000
303410,240000
292200,125000
297771,75000
7537,300000
411420,150000
296689,50000
392774,300000
270878,100000
478638,14255000
88706,800000
874114,75000
273455,600000
40687,100000
145563,200000
934527,2500000
420777,450000
61912,50000
240657,25000
543736,600000
116872,25000
873440,250000
329519,1000000
59791,50000
340444,800000
678503,400000
700437,75000
322073,700000
347439,295000
375667,3500000
410185,3500000
95255,400000
324360,50000
5574,175000
416484,600000
74689,100000
411177,285000
12101,250000
904802,30000000
343602,200000
320915,175000
365172,12000000
704270,800000
463133,400000
907489,500000
54557,50000
37538,200000
402825,3000000
581749,660000
264372,22000000
129674,3500000
462252,200000
285242,25000
338627,1000000
393904,300000
718032,150000
189439,350000
1061690,500000
536460,200000
93330,400000
178342,25000
44855,600000
597732,50000
162652,800000
1667,250000
95996,100000
40688,250000
36527,150000
668060,25000
652797,2000000
35852,250000
13052,100000
236783,50000
919262,2000000
904662,800000
121474,150000
62460,100000
325175,125000
249217,100000
303939,600000
363064,100000
1091519,250000
465604,50000
4321,500000
75637,200000
690273,2500000
286938,50000
356569,280000
856423,350000
632501,150000
378965,700000
20848,25000
37678,200000
410238,400000
111431,100000
345800,125000
13979,75000
208384,75000
140026,125000
416359,400000
655019,200000
10254,25000
168672,75000
957461,5000000
867357,2200000
175737,200000
293135,175000
90360,850000
217149,150000
671829,300000
388985,300000
96533,300000
278654,900000
160968,1500000
199305,100000
433983,75000
390370,250000
826064,450000
44317,100000
139735,125000
539154,400000
12751,250000
618154,25000
56872,200000
464896,50000
375659,250000
634609,400000
132529,600000
48987,50000
23989,500000
271340,50000
332250,750000
667428,10000
298581,50000
57404,250000
19057,400000
39185,300000
521843,50000
285472,250000
1083069,600000
125760,150000
227511,500000
296659,100000
554403,300000
735861,50000
743376,3700000
608175,10000000
536152,200000
34029,75000
699418,3500000
50577,200000
700568,200000
292221,200000
402644,150000
276895,400000
49985,250000
213762,150000
199221,600000
96844,500000
296225,150000
1210422,90000
238084,750000
316280,150000
296443,150000
257968,250000
666551,2500000
844516,3000000
1064121,1000000
209072,50000
562259,125000
667902,50000
574203,225000
339601,100000
59964,400000
215977,5000000
465830,32000000
1093809,245000
59024,75000
136397,500000
3804,250000
27493,100000
611674,300000
43759,300000
476598,50000
144452,75000
284970,150000
35664,700000
69246,350000
59543,200000
491707,6000000
3205,3000000
981537,700000
655880,350000
432958,1200000
3825,400000
45389,350000
182578,300000
546543,50000000
44357,100000
238479,75000
540630,50000
341434,50000
417575,2500000
459149,200000
297015,65000
236468,250000
24337,100000
199526,3460000
130418,650000
45571,100000
1319047,90000
418425,450000
342204,350000
93177,200000
334432,50000
31361,200000
138139,100000
27151,50000
242575,75000
191957,250000
181686,275000
203981,300000
311351,4000000
621732,50000
652331,250000
577439,275000
409592,200000
564305,3000000
468249,5000000
525155,400000
308439,4500000
295178,250000
112461,25000
817631,520000
29004,150000
428746,700000
199330,200000
395654,750000
241641,45000000
477249,300000
2306,300000
276435,50000
343769,200000
12840,225000
918414,1500000
765390,297000
397090,850000
284165,18000000
1105761,75000
618901,1800000
503731,150000
430154,300000
512496,300000
649029,175000
452211,50000
1140013,300000
258924,250000
563306,145000
427905,50000
326230,1500000
315125,4000000
166959,150000
85908,250000
532824,250000
32467,3500000
199704,500000
312502,500000
1020226,220000
498932,250000
21419,175000
15452,1300000
396857,250000
650989,25000
70898,25000
531332,5500000
213987,50000
420213,32000000
1474,500000
379959,50000
24232,50000
34421,400000
81433,100000
627408,300000
19726,500000
281767,2545000
743377,500000
171399,1000000
324702,250000
76749,150000
79286,100000
96731,25000
743414,2000000
39259,500000
126440,75000
128229,600000
42938,150000
180221,125000
287167,1800000
216426,500000
379879,350000
324819,2000000
433818,3000000
457221,7000000
71026,150000
726012,1420000
149412,250000
685762,150000
95673,250000
167685,500000
173835,200000
170962,300000
798929,5000000
614630,25000
59957,300000
606023,350000
577816,500000
479233,75000
335216,1800000
154819,750000
222119,100000
182903,250000
612814,25000
534678,645000
55135,100000
653725,750000
134425,15000000
402079,1500000
338286,100000
507733,325000
923758,50000
281437,250000
334816,350000
73097,600000
363424,250000
1173760,75000
9761,100000
33907,250000
874043,100000
75058,200000
290508,800000
277692,25000
77639,125000
495923,350000
164658,100000
33485,300000
93176,2200000
280234,100000
10642,250000
234324,135000
741267,175000
196240,50000
1047596,45000
242548,2500000
57333,100000
166640,200000
340950,45000000
120834,175000
620477,4000000
1792,300000
94304,1000000
211313,250000
342345,250000
59950,500000
232676,50000
247248,100000
494301,225000
291110,900000
913136,500000
1130083,240000
69059,300000
313094,8000000
289282,100000
72482,25000
9832,750000
432763,250000
211017,50000
54155,300000
369424,250000
437634,570000
374087,25000
58426,25000
392770,20000000
234773,150000
104543,400000
698454,100000
178349,150000
70942,150000
135490,200000
478872,500000
290416,50000
71571,2000000
671543,25000
816124,500000
242272,100000
650350,1000000
36802,175000
344294,450000
179973,700000
856530,3500000
354040,600000
386458,25000
94926,50000
352651,200000
442552,700000
57186,325000
69458,800000
551007,300000
22917,300000
57956,100000
229657,250000
868887,1500000
672933,325000
344575,700000
109012,100000
12674,300000
7985,300000
503331,25000
350357,600000
91384,75000
768439,150000
45347,400000
950918,50000
12693,200000
76438,25000
700031,300000
5339,250000
179745,200000
547960,25000
183494,300000
248395,2500000
190920,125000
26878,175000
240897,1100000
249994,8000000
1115502,255000
57506,250000
125850,200000
251029,2000000
134578,25000
29627,25000
77847,300000
65929,125000
142920,450000
106641,150000
465606,900000
296345,100000
452464,900000
5958,1000000
708454,4000000
339844,250000
936176,600000
410743,10000
51956,100000
64997,25000
246244,250000
41885,125000
170986,10000000
413178,125000
330289,150000
397609,1200000
735978,100000
52097,125000
622865,25000
88590,800000
34453,350000
15593,50000
91233,250000
7602,1000000
23086,25000
645601,100000
205393,150000
621911,25000
500067,6000000
717392,200000
390125,700000
1073,500000
148028,200000
395509,175000
704337,75000
73323,400000
35571,800000
52828,100000
533634,25000
55247,250000
208602,50000
339151,450000
503990,3800000
465253,200000
255739,50000
198484,400000
163051,400000
707245,150000
348553,300000
1067951,1942000
21490,250000
189487,1870000
524428,450000
163058,200000
7501,100000
58843,125000
55317,200000
352662,375000
469050,28000000
297016,65000
22131,150000
640837,100000
275882,100000
913955,25000
16433,125000
217656,275000
55409,200000
193321,50000
318204,25000000
458614,25000
745692,135000
130227,150000
488656,2000000
387212,100000
528235,100000
212191,750000
37217,300000
230361,1000000
693906,1000000
343957,250000
203869,200000
121312,100000
623319,900000
491705,3500000
657446,400000
388512,200000
646949,75000
61539,250000
46741,500000
52332,750000
181118,2500000
12351,100000
847484,500000
19325,100000
8176,200000
847487,600000
681831,325000
795387,100000
68442,50000
730573,300000
7739,100000
559320,200000
48477,300000
49551,50000
335541,620000
6267,200000
543729,150000
72505,250000
1187437,50000
297784,800000
96455,400000
256358,5000000
401533,2000000
711907,25000
800272,200000
51541,200000
1185775,680000
85339,200000
570909,100000
96633,200000
476915,600000
291177,650000
632675,100000
130622,100000
1026867,400000
56693,175000
119286,800000
1012516,6710000
471145,1800000
748505,200000
55240,100000
335563,50000
484362,300000
272999,20000000
13902,50000
15844,100000
412954,500000
186176,50000
556152,75000
332323,50000
368635,200000
751099,500000
423252,50000
534198,125000
164247,125000
574671,18000000
404851,200000
15164,200000
391766,4000000
697726,275000
15693,3000000
390724,150000
565778,200000
214576,25000
504518,200000
396399,25000
110000,75000
209315,150000
160217,450000
307308,50000
606848,300000
894914,28000000
1176433,900000
170916,200000
541006,450000
1047591,45000
85766,50000
49591,150000
250038,150000
41843,100000
345195,100000
510385,200000
600222,800000
53554,50000
46260,250000
537386,50000
366068,100000
190284,10000000
192504,75000
126214,700000
126669,200000
68864,800000
111527,300000
184473,400000
353204,150000
70950,200000
624264,5720000
60614,25000
468922,175000
371002,800000
414657,100000
164836,75000
724129,10000000
591880,1000000
5925,300000
351216,350000
38094,200000
339432,150000
244262,800000
200956,250000
660438,18000000
1063791,1810000
830243,100000
522077,200000
275127,125000
186988,700000
211973,250000
1074142,282000
146010,100000
362570,4000000
364409,3000000
669477,400000
103585,250000
3583,125000
308541,700000
160328,100000
660319,150000
522223,2500000
75884,150000
319859,16000000
1264158,580000
138413,25000
242257,25000
147485,1000000
427085,175000
939745,500000
676307,200000
567021,200000
305077,100000
202523,50000
67339,100000
67303,1500000
465294,600000
1263958,580000
723485,1500000
253574,1100000
651388,400000
203618,1500000
9830,400000
743562,12320000
723666,150000
334373,250000
298576,25000
239234,150000
339845,25000
405176,200000
224044,1300000
27611,200000
195335,700000
270541,40000000
130635,50000
697954,250000
76948,25000
58188,500000
189637,50000
1116046,100000
551752,2000000
55597,300000
249303,2500000
82377,100000
191870,300000
614464,800000
149518,400000
617460,800000
273031,50000
926924,150000
888023,2500000
700065,25000
222876,2000000
6721,25000
55870,50000
711367,50000
520665,400000
1587,400000
463620,1500000
346528,75000
207528,350000
96957,75000
40875,100000
256323,50000
189521,350000
342024,900000
48868,150000
340360,50000
42205,4000000
199528,700000
536521,300000
55389,250000
408563,3000000
731467,50000
434515,50000
670840,1000000
103054,250000
882717,400000
1040824,650000
251102,100000
360516,400000
170911,800000
3515,800000
63502,600000
420467,50000
44713,200000
291544,700000
285929,50000
784429,100000
125105,250000
147265,200000
429259,6000000
120427,150000
82070,800000
95480,25000
725242,2500000
918327,450000
11359,200000
89503,75000
46715,100000
16101,100000
324806,1200000
81789,500000
94414,200000
284883,6000000
58150,50000
45004,10000
163656,5000000
27346,200000
622031,200000
523046,200000
366729,2000000
623024,3000000
341394,250000
869935,25000
294057,50000000
783873,25000
329212,375000
213692,175000
197143,455000
12682,150000
59527,10000
533916,2500000
862352,800000
57522,600000
855014,500000
802553,350000
389581,325000
84980,350000
60577,450000
402893,200000
72896,150000
633114,200000
673976,50000
922685,100000
241199,50000
58345,300000
399907,50000
678100,1500000
195246,2500000
216463,200000
227084,3000000
68523,125000
12817,100000
360412,3500000
1004301,5000000
129067,200000
912472,770000
5880,250000
7309,25000
106872,4500000
831697,400000
617408,1800000
719209,1500000
735822,300000
307014,50000
823525,75000
433105,2500000
182878,200000
19087,700000
349803,50000
647805,200000
335598,350000
666977,800000
171376,900000
857756,25000
92738,2000000
200558,800000
1196380,75000
188660,1500000
360667,250000
189735,325000
147007,100000
9524,100000
820620,250000
880323,332000
671068,25000
131908,100000
247647,100000
552969,50000
295619,125000
214258,25000
662147,50000
293327,50000
330892,50000
315556,50000
27969,250000
38793,50000
56534,200000
104987,100000
16120,250000
418662,200000
52999,25000
80941,75000
172163,800000
1568,500000
125348,200000
352663,25000
274989,50000
289847,50000
58427,250000
610407,1550000
58268,200000
57015,25000
120980,200000
2334,50000
41037,250000
410708,18000000
27954,250000
357565,130000000
346289,2000000
349699,1500000
638964,100000
199633,175000
74856,700000
360239,250000
59115,150000
123332,100000
358981,150000
61783,200000
6855,100000
685854,900000
55801,150000
149619,210000
205569,1500000
144619,25000
468323,700000
260230,300000
405718,880000
131090,2000000
30666,50000
801886,2200000
213544,500000
74448,250000
74230,7000000
250440,450000
579930,10000000
806496,550000
292361,200000
190280,800000
159844,800000
193306,265000
6910,200000
450559,405000
34390,325000
351506,100000
179634,800000
49101,500000
1081566,1000000
575407,100000
157368,1500000
15904,700000
357498,45000000
58072,75000
93604,2000000
235863,300000
511813,800000
73094,175000
160354,250000
1064391,200000
91533,25000
599879,1000000
487180,200000
86788,25000
42609,175000
332341,8500000
608780,125000
293168,1800000
972479,10000
433593,50000
481688,2500000
203464,250000
730486,175000
354335,500000
191830,1000000
149655,125000
4111,500000
108831,100000
925829,100000
263918,25000000
296681,400000
140069,250000
45858,300000
169841,450000
717411,12000000
371345,500000
623142,125000
579284,3000000
240889,500000
95604,900000
286181,50000
51168,500000
18445,100000
15135,300000
448764,650000
56790,100000
469685,500000
19857,150000
570520,450000
519035,100000
88755,27000000
655990,300000
81831,225000
814445,600000
261041,25000
904371,500000
1008031,150000
58403,100000
600464,250000
4377,100000
464465,75000
87658,350000
176538,125000
198122,75000
524000,40000000
127242,200000
845289,500000
114196,25000
345584,300000
739885,125000
542338,250000
330824,200000
258745,150000
138421,200000
372712,6000000
27505,600000
97166,100000
625655,1000000
335103,3000000
122980,700000
580891,100000
136229,25000
475419,75000
290698,100000
173504,10000000
125745,150000
721788,285000
455349,1500000
521841,400000
355578,50000
23270,50000
360754,50000
361261,10000
859396,3500000
44567,250000
249126,10000000
858259,500000
204040,150000
463792,300000
379637,350000
22372,150000
455348,200000
453525,75000
468873,250000
44903,350000
347546,100000
8691,75000
152460,300000
1178096,440000
398061,125000
936503,50000
35259,100000
79571,125000
39252,150000
131789,15000000
412940,400000
533237,125000
591353,550000
66405,50000
859218,1500000
178329,50000
40034,200000
604673,595000
583899,150000
540656,100000
197743,350000
717900,300000
248454,3000000
6043,50000
1659,400000
451113,25000
73852,200000
348623,5000000
624163,75000
58883,50000
236537,400000
452477,6000000
394875,50000
4471,50000
368624,700000
612857,2290000
120610,250000
581674,12000000
285754,275000
1078831,1015000
48931,300000
204487,150000
162694,250000
80814,200000
245015,50000
326369,100000
340260,350000
8188,125000
390112,50000
389950,25000
401736,275000
357148,400000
144304,600000
38436,100000
12665,400000
396429,700000
430121,225000
107777,100000
196522,100000
206904,150000
46635,400000
22820,900000
450956,25000
42913,75000
41132,50000
357233,15000000
249570,700000
291749,100000
32844,100000
435731,400000
1257617,540000
1250366,480000
777005,5000000
1099668,4000000
532390,500000
77853,100000
353631,75000
396861,150000
273973,200000
396359,25000
314369,150000
281963,30000000
402646,265000
43722,425000
155304,25000
228948,15000000
192843,50000
33639,350000
1071936,1970000
154578,350000
103743,300000
376860,450000
104605,200000
875111,270000
320279,75000
457673,6000000
936824,25000
633652,3000000
432772,1500000
83891,75000
75221,150000
160434,300000
546926,5000000
74648,25000
257980,400000
663900,1000000
110798,375000
122115,200000
686632,150000
398073,65000000
146660,400000
285928,50000
464699,250000
334495,700000
357780,500000
58103,200000
220976,250000
218087,1000000
141871,150000
297238,665000
234752,100000
13037,150000
162819,400000
694007,50000
399593,25000
5474,500000
17179,1000000
536520,450000
410322,300000
213499,50000
923838,800000
700933,500000
170611,50000
66596,25000
30638,100000
567586,250000
13573,800000
622800,150000
56628,475000
567668,600000
443083,50000
866670,5000000
89325,200000
9596,200000
660581,25000
298091,8000000
142990,700000
364132,600000
335191,200000
278332,3500000
119878,100000
1197,250000
851595,4000000
67638,50000
906160,8000000
47426,125000
1043709,150000
465307,200000
267546,175000
727081,700000
419929,3000000
618494,8000000
415816,225000
60905,225000
582664,300000
27539,100000
205022,100000
1178141,440000
96327,1000000
1321,600000
99296,200000
36657,300000
341486,275000
259953,6000000
28252,50000
522669,300000
375382,8000000
643528,350000
474665,7600000
355092,25000
741090,2000000
24975,250000
191828,100000
606647,25000
1072260,125000
260781,10000
104462,125000
606126,75000
147183,150000
381968,1500000
159337,750000
70364,150000
555172,600000
186650,150000
73076,25000
545503,200000
502261,200000
6860,100000
257489,100000
440135,300000
131314,250000
57367,500000
771911,150000
56609,50000
141050,8000000
354910,50000
52937,200000
373984,250000
130768,800000
329899,250000
75413,100000
131996,9000000
89461,200000
145339,400000
454287,175000
104918,400000
332054,150000
41866,250000
182305,300000
694926,400000
38473,500000
621910,75000
58830,200000
862880,100000
111376,400000
810092,60000000
300138,175000
703475,450000
816423,100000
289590,400000
75411,200000
204987,1200000
268949,400000
123487,400000
91557,200000
380691,250000
1255616,200000
542845,50000
19062,200000
670882,50000000
307183,1500000
623025,50000
96778,200000
951318,1345000
502670,80000000
25289,50000
54929,550000
996847,3980000
416386,2000000
507167,25000
460034,50000
140790,100000
196717,50000
1130335,200000
391496,175000
616887,50000
229003,1000000
151282,400000
70627,75000
489929,3500000
529596,150000
287940,25000
711638,350000
277772,250000
41384,3500000
381250,75000
328791,25000
840907,25000
51710,700000
1167463,400000
39679,1000000
291596,275000
743500,1000000
476140,25000
131303,250000
26101,100000
914880,25000
1027216,450000
293257,2000000
265978,150000
158868,75000
808509,28000000
195604,100000
190190,400000
293134,500000
459965,50000
269467,750000
369381,50000
183284,300000
761139,8060000
244221,2200000
185966,1300000
565436,2500000
718936,130000
12503,250000
193584,375000
654415,3500000
22881,150000
541537,20000000
916954,200000
670845,2000000
32476,100000
227938,150000
271446,100000
152093,600000
818878,700000
515016,400000
331838,125000
84301,6000000
662132,50000
984961,50000
172066,300000
146038,50000
492354,500000
254487,100000
601524,25000
273236,6000000
441385,2000000
1073288,300000
215987,300000
14821,300000
132407,1000000
490415,150000
12908,300000
213855,100000
327402,1500000
343489,125000
705058,300000
36593,250000
340968,50000
659542,25000000
646699,400000
383198,50000
316915,25000
160746,175000
334429,550000
2923,200000
1126167,730000
382211,275000
13166,300000
32273,100000
2386,200000
132563,700000
217235,125000
238056,400000
98824,100000
105695,250000
524299,4750000
653610,25000000
139914,250000
93805,25000
248330,500000
617679,800000
347804,200000
95987,225000
269669,200000
16458,100000
240260,100000
85326,2310000
632100,325000
743520,50000
907215,960000
35532,50000
43521,250000
318435,150000
241326,75000
363714,75000
604327,3000000
936605,125000
685106,400000
499441,25000
47544,25000
573978,200000
15131,150000
405399,3800000
164088,200000
277118,2500000
371344,50000
501569,500000
490417,1500000
338100,10000
187115,250000
404632,75000
16408,500000
822458,3500000
574461,50000
244620,150000
1063517,50000
456449,1300000
459988,1400000
610484,175000
1016332,350000
97925,1000000
964426,7500000
17734,100000
233998,650000
395251,300000
490511,75000
275956,900000
354726,2500000
597104,400000
189765,125000
304303,300000
466783,4000000
31039,75000
340918,22000000
1064968,450000
46728,200000
88057,200000
10143,25000
91273,175000
293106,530000
16474,100000
623380,600000
290785,75000
418144,300000
301721,300000
5817,1000000
560903,800000
462832,7500000
533060,300000
1062473,100000
43015,300000
117518,100000
158118,500000
3114,750000
865092,50000
31218,250000
443752,250000
187299,250000
540887,100000
200615,100000
421319,10000
652674,25000
43853,200000
690478,750000
385396,150000
244290,100000
161486,250000
405385,12000000
710968,1000000
12864,50000
525962,200000
346329,75000
743498,18000000
34296,75000
824754,25000
34563,350000
39426,200000
1075579,600000
30803,450000
936684,250000
57534,200000
189740,700000
94316,300000
1094,200000
280125,50000
1193867,5000000
5507,100000
272930,1500000
621232,50000
289855,250000
51141,25000
228405,75000
347383,100000
5904,200000
203617,800000
204145,50000
76061,4000000
134629,200000
57403,100000
170838,2200000
39914,200000
393255,3060000
984869,500000
392767,4000000
585291,75000
387201,300000
616340,1300000
72218,10000
34344,250000
51268,100000
37278,50000
56130,100000
353860,25000
5908,100000
524393,50000
301236,700000
1051589,100000
911512,100000
70767,100000
810570,300000
144300,900000
9543,500000
211628,2500000
362842,5000000
186901,3000000
381585,25000
130765,3000000
3926,400000
68283,350000
872184,4000000
503642,175000
100303,50000
626954,1200000
630998,300000
407745,2000000
45166,325000
45264,250000
703007,250000
491616,3300000
68331,100000
40613,800000
530916,175000
190366,200000
454286,50000
726117,50000
353211,600000
257707,300000
56315,1300000
316296,400000
475792,200000
180836,300000
388581,350000
130195,200000
539132,600000
538006,300000
469986,250000
727085,100000
706859,150000
63463,800000
61449,1000000
1061282,25000000
191258,200000
542833,50000
22140,300000
895937,3000000
805696,150000
966721,2510000
336103,200000
405885,20000000
54845,200000
21620,200000
85771,200000
239802,4000000
287688,75000
597000,7500000
46205,50000
21387,200000
90343,75000
487924,600000
29316,200000
596901,350000
815941,215000
213179,50000
308560,2500000
262689,375000
936874,3500000
115333,900000
14533,800000
88685,300000
814950,400000
251087,150000
610570,700000
1152154,3000000
29055,2000000
389479,225000
515076,150000
837290,50000
41369,100000
541232,25000
112935,1000000
852024,4000000
159789,50000
124785,175000
623375,200000
707777,50000
45128,25000
301841,250000
45577,75000
39829,50000
706700,200000
617164,100000
261943,100000
201586,200000
257097,3000000
975689,3500000
548650,6500000
57847,325000
257324,600000
421045,1800000
663424,1800000
361093,45000000
141660,6000000
50935,1000000
231572,10000000
96540,600000
2309,700000
700168,100000
456355,175000
315866,25000
104546,150000
574758,2000000
344596,5000000
500419,150000
178217,225000
342472,450000
94781,100000
249166,25000
42412,1500000
5917,50000
330893,75000
722377,100000
365383,2630000
65321,50000
609881,75000
890721,28000000
400831,1000000
347353,300000
43530,900000
315233,1500000
335856,50000
15798,200000
615597,500000
270486,100000
290530,500000
463460,50000
501769,2800000
447052,1000000
444641,175000
263116,10000
705395,7500000
645137,700000
227231,175000
282799,175000
451338,500000
290552,2000000
169497,1800000
459665,3500000
586740,1360000
698637,150000
375854,200000
243276,75000
125125,50000
1038512,500000
1183719,640000
855731,2700000
342226,2000000
18945,225000
75471,250000
416088,300000
57479,150000
401161,275000
132236,200000
373374,1500000
538954,1200000
133964,8000000
1018920,5000000
28992,200000
37896,250000
399780,500000
569385,2200000
251070,75000
51040,250000
45140,200000
103558,300000
1083607,400000
268995,100000
341230,100000
43763,350000
46904,100000
193270,75000
468260,2000000
1045071,150000
23306,200000
1573,1000000
1143800,1032000
591195,250000
565434,650000
867500,5390000
631331,100000
93728,350000
34024,1000000
41912,75000
208505,400000
63308,600000
253045,275000
669305,250000
399551,200000
68203,100000
386053,250000
421224,150000
451675,100000
386062,125000
361071,275000
383153,700000
77720,100000
162061,250000
37857,100000
347090,250000
121257,1200000
309175,100000
155469,100000
83368,150000
252437,100000
392133,150000
631785,400000
2154,50000
1049888,410000
323167,14000000
294817,200000
354362,30000000
275361,200000
57834,25000
22673,225000
15112,300000
65477,400000
561875,100000
157383,300000
428380,400000
745341,200000
61901,500000
398065,30000000
315587,400000
435213,1000000
156617,20000000
14309,50000
26876,300000
195810,1200000
59938,500000
1015624,2500000
344399,400000
263361,10000000
307924,5000000
469136,450000
464535,500000
197745,300000
35530,75000
251099,10000
1285176,1200000
193881,350000
24654,50000
235344,500000
1119453,1000000
9665,200000
924885,400000
59047,100000
74288,500000
134458,350000
457940,450000
95795,400000
533806,10000
542838,25000
39174,200000
390160,3300000
502561,175000
162074,400000
53331,100000
419375,300000
354567,500000
503989,250000
18828,400000
425026,1000000
196611,25000
359537,200000
452065,75000
953135,2000000
365616,175000
49239,1000000
979551,400000
334835,1000000
600312,350000
797572,1800000
320701,1800000
262396,28000000
64535,200000
454851,100000
547827,225000
72150,25000
388513,800000
411646,50000
20005,2000000
806245,625000
810894,150000
425371,150000
60570,350000
895905,250000
597223,100000
135071,125000
74861,300000
81876,300000
528444,150000
866001,3000000
289645,200000
98556,150000
44501,1800000
821650,100000
171260,1200000
456898,600000
171790,100000
685642,850000
147051,3000000
125931,200000
104511,200000
409886,1000000
132213,25000
250030,450000
7358,125000
260316,1000000
706699,25000
192266,275000
117722,100000
554300,1000000
39114,750000
937941,14000000
94523,300000
381559,50000
241074,100000
20853,100000
883007,600000
186531,250000
240026,150000
402770,400000
707221,150000
583920,250000
33950,150000
197678,100000
334222,7000000
13561,500000
808578,350000
258188,250000
655907,50000
593208,500000
205550,1200000
333323,500000
287417,125000
410285,650000
11333,250000
339238,100000
263546,500000
142022,50000
537599,500000
148489,300000
14555,200000
611673,200000
406558,800000
321195,3500000
815554,50000
27667,100000
621802,3000000
277335,700000
26486,125000
347905,200000
289075,8000000
419376,50000
279073,250000
475188,22000000
56046,150000
1031045,295000
12900,100000
110116,100000
668587,3000000
318705,800000
536501,1580000
371360,350000
68441,200000
27389,700000
415860,275000
202591,17000000
22491,200000
197471,2000000
27554,300000
18290,225000
527896,4000000
111867,300000
37676,50000
564792,100000
287343,250000
58961,75000
338651,2500000
25750,50000
285091,50000
339851,100000
550995,980000
617866,75000
486347,700000
646275,1120000
587588,800000
344004,1415000
229854,300000
15974,100000
319591,75000
982559,2995000
431422,1500000
728864,1000000
855258,150000
33569,600000
14069,700000
89541,400000
243617,225000
274858,600000
539448,400000
17491,700000
718643,300000
188915,650000
558727,400000
60540,1500000
44521,200000
646958,635000
576099,300000
45042,350000
194507,125000
518587,225000
836182,810000
136515,275000
706625,200000
738504,100000
853239,175000
628498,4000000
106631,50000
57372,250000
242550,150000
1132580,300000
290388,700000
75964,50000
329648,150000
349499,75000
58930,100000
209993,650000
98240,600000
158816,300000
58002,200000
189507,1160000
880413,182000
3310,250000
366217,300000
329221,325000
602979,25000
521329,250000
315110,5000000
256560,100000
44325,150000
17313,200000
790992,5000000
90741,100000
345582,300000
502452,450000
203654,4500000
315867,24000000
500274,275000
128223,13000000
89297,1500000
422828,10000
402961,100000
371816,1200000
61760,100000
993081,75000
39910,2000000
95295,50000
248483,450000
181619,250000
709955,1000000
14641,150000
410832,150000
412828,50000
1078163,1500000
14949,750000
23338,100000
248901,150000
292350,175000
944124,150000
74643,100000
464307,200000
910782,25000
244285,900000
338673,1700000
156680,600000
44466,1000000
85370,2000000
1189252,2197000
527248,25000
171167,300000
474382,250000
341133,25000
435869,25000
747236,175000
620312,175000
112990,150000
329768,100000
546712,2500000
62640,300000
932875,650000
654385,150000
161549,400000
346776,900000
178314,600000
55484,150000
252677,1500000
433984,25000000
375003,50000
159839,100000
809986,75000
537477,900000
263860,2500000
559263,15000000
784719,300000
413688,125000
158623,1000000
126414,35000000
514891,50000
59772,300000
254934,800000
263961,200000
237468,150000
358042,900000
783434,2000000
430761,1800000
136133,300000
297033,190000
391337,50000
125755,400000
154351,1000000
646733,1800000
343713,100000
447664,125000
622380,15000000
654543,100000
288454,250000
217776,200000
49542,200000
119194,100000
628492,25000
548128,25000
681345,225000
898807,300000
60530,200000
226975,50000
1076039,330000
38145,100000
740273,2000000
678991,1000000
630524,125000
840674,6500000
297705,200000
287025,50000
859925,150000
4349,250000
223053,250000
158263,250000
28140,750000
152733,1100000
27613,75000
85834,100000
29035,700000
595011,125000
339896,350000
45581,200000
59558,250000
652672,375000
972473,200000
512344,700000
455056,200000
432384,75000
35554,350000
239053,250000
177646,50000
984011,75000
160929,4000000
36235,10000
123305,1000000
157897,200000
22632,350000
955448,3000000
13412,350000
836518,2500000
400797,800000
227183,2800000
617809,25000
131161,200000
68390,500000
592857,250000
173859,6000000
695208,75000
608469,1400000
74088,800000
43257,250000
49641,350000
397464,100000
193585,200000
203749,200000
279338,150000
195728,200000
26727,200000
694499,50000
1662,300000
726526,1800000
1161848,50000
9988,200000
59189,50000
65682,50000
319399,150000
1238127,100000
39732,600000
395919,500000
298477,2500000
623343,175000
858719,700000
319900,12000000
699322,125000
519602,2415000
819881,50000
357003,5000000
140967,25000
58070,1000000
24951,150000
503782,100000
635347,1000000
358423,200000
399273,25000
422281,5500000
880517,550000
213351,450000
593939,100000
96228,100000
290587,9000000
726701,3000000
9779,200000
12401,250000
245056,10000000
349737,500000
321884,150000
85302,50000
336854,150000
57020,200000
45662,300000
264480,25000
395632,1500000
651417,150000
204195,200000
418553,4500000
276700,50000
126145,25000
74300,2000000
448867,300000
814976,800000
273980,100000
183744,150000
727531,100000
955281,2500000
29894,250000
48078,275000
212623,50000
291314,150000
3682,500000
26771,200000
814870,450000
41788,10000
468661,745000
129129,6000000
75298,300000
200612,250000
798050,350000
323872,4500000
37516,400000
709980,25000
4582,100000
80708,500000
251086,25000
967981,400000
486814,3000000
408963,175000
672536,2930000
724031,100000
395068,50000
970490,375000
319162,300000
463610,2000000
44995,25000
325420,200000
48550,1000000
922825,100000
38178,300000
1054052,620000
346499,750000
130388,50000
188651,800000
49841,200000
287925,200000
638196,50000
621122,450000
327911,400000
238966,75000
230929,550000
108198,700000
416705,125000
599203,1800000
96454,1000000
226080,700000
86880,100000
4570,100000
67375,125000
634706,50000
338285,3000000
262709,300000
952436,100000
332875,400000
214715,800000
304746,25000
780136,1000000
392765,32000000
546253,700000
426620,30000000
171146,150000
616891,50000
5431,150000
696764,430000
44588,600000
225557,300000
489815,400000
75615,1500000
184071,275000
225874,200000
325993,3500000
59038,100000
252755,500000
391921,150000
375755,350000
380379,100000
334186,1200000
31880,350000
92575,200000
566910,50000
624267,500000
194435,50000
460611,75000
214023,225000
387923,100000
239962,7000000
617178,25000
48859,1500000
4533,150000
226146,75000
503991,22000000
40417,50000
197868,100000
1143803,1032000
923694,3280000
95967,175000
150080,150000
284884,2000000
71292,2600000
446767,300000
71394,100000
34670,200000
91366,50000
983977,1000000
238288,250000
3634,150000
231378,600000
88102,225000
1009633,1000000
6053,250000
85320,100000
168178,50000
632857,500000
16913,200000
232376,350000
191284,100000
334723,75000
54214,50000
4513,100000
204406,225000
488270,50000
492492,200000
24861,50000
354381,50000
196834,750000
923177,1000000
85258,400000
606042,1135000
234161,50000
973314,50000
51864,150000
100101,300000
372240,3500000
383600,50000
39253,100000
337726,50000
248732,2500000
170523,150000
475411,27000000
29903,125000
204642,175000
35761,200000
773276,700000
14403,100000
1074526,350000
371990,100000
401356,30000000
145981,250000
586986,500000
743122,4500000
252712,250000
80293,1500000
315870,350000
812659,150000
33905,250000
255686,250000
649032,150000
93678,400000
139729,200000
461936,500000
382535,3500000
281404,300000
369258,200000
160080,150000
308431,450000
38978,300000
315140,325000
201576,150000
15569,25000
35641,300000
64229,50000
18900,200000
44060,200000
62170,350000
379680,50000
164759,1200000
157961,75000
22395,350000
51030,500000
704252,25000
8480,50000
618463,150000
253857,200000
899158,25000
382478,5500000
77966,600000
182392,1400000
390539,500000
67808,800000
140803,700000
12570,325000
658529,400000
626301,200000
965971,140000
94030,750000
379188,100000
768384,25000
75282,250000
110796,250000
38790,50000
16726,250000
45565,100000
396395,250000
312666,1000000
264193,300000
197838,1000000
609742,200000
482801,200000
94180,250000
215180,100000
286710,150000
284047,200000
454187,100000
404849,1800000
286044,350000
743379,1500000
685982,125000
498862,4000000
435147,50000
503975,1500000
414774,300000
740039,150000
217863,550000
238626,3000000
1048954,50000
277137,3500000
701508,50000
746094,325000
533734,50000
131708,2000000
651182,50000
455017,225000
393241,500000
361089,175000
432976,200000
232149,100000
450826,25000
503987,40000000
596160,1740000
291278,75000
124895,1000000
288348,250000
164230,350000
738478,1000000
31027,50000
220496,300000
46717,50000
194218,275000
126964,300000
278992,4500000
87817,150000
120760,400000
555143,15000000
894415,175000
48634,100000
747720,1500000
221309,2500000
253012,25000
579289,700000
540058,250000
215589,50000
13258,150000
38682,150000
720613,25000
403577,585000
378322,75000
224458,250000
657724,150000
413033,350000
12883,475000
199263,25000
433186,1500000
712115,100000
520840,2800000
622458,175000
62457,200000
386155,10000
45594,225000
449084,150000
112617,600000
938158,8000000
336704,500000
481585,100000
364861,3600000
618405,250000
19363,150000
64355,125000
284321,800000
231165,150000
811430,250000
318508,23000000
253819,500000
1008755,560000
332049,250000
28937,125000
328960,150000
177476,32000000
718351,300000
1058368,10000000
579084,1000000
885237,50000
549013,300000
187959,75000
27172,200000
52910,500000
634666,350000
501743,4000000
300158,50000
355629,100000
242089,3500000
329723,1500000
461663,200000
235745,150000
34007,25000
37892,300000
238499,300000
862279,100000
30782,200000
289564,300000
233420,325000
742091,200000
901224,50000
238953,25000
185164,700000
1010225,300000
74872,300000
83407,100000
646896,400000
93841,350000
371001,22000000
743526,75000
420219,200000
985231,600000
19721,100000
206225,1800000
160482,3000000
743987,300000
434358,500000
519567,500000
480763,10000000
134293,900000
225236,800000
329630,750000
426213,1000000
28021,500000
235347,500000
45710,150000
258011,700000
480267,50000000
880322,25000
6912,100000
268506,1000000
591363,5000000
343945,1000000
179635,1800000
118397,1800000
525438,2500000
436063,25000
355860,475000
82878,100000
700182,600000
315272,125000
72860,100000
338635,4000000
765743,800000
289460,400000
15817,570000
341263,800000
87210,7500000
131951,950000
331977,300000
139192,150000
89473,225000
102132,250000
275249,2000000
342223,600000
57825,600000
620217,3500000
873446,117000
746778,250000
99923,200000
279529,150000
723771,150000
434433,14000000
95329,100000
121026,100000
19114,50000
70919,75000
326997,150000
154215,25000
936581,400000
454888,500000
358026,100000
503518,150000
924849,500000
676318,10000000
871863,250000
64118,200000
1000135,100000
107701,100000
287183,9000000
69816,100000
341134,25000
896506,230000
964590,300000
352425,350000
51497,100000
962090,800000
224088,2800000
39883,500000
186704,800000
127169,250000
103563,200000
368982,1800000
124507,175000
342215,50000
52918,800000
808420,705000
291178,325000
257981,100000
610408,300000
130940,75000
424019,150000
320145,50000
21010,250000
190029,150000
905218,480000
667398,50000
1036405,1000000
142389,300000
430800,375000
58379,100000
648887,200000
183647,2200000
1076134,330000
948294,35000000
537458,100000
1613,100000
102580,75000
494284,1435000
123951,3500000
61842,1000000
290613,150000
410183,2000000
321714,25000
56416,1500000
6803,400000
13942,300000
624258,25000000
628926,200000
126258,900000
17689,125000
500497,10000
357153,38000000
31003,1000000
165338,50000
181797,150000
296340,400000
356010,10000
889618,300000
427900,25000
1161013,450000
567664,50000
876831,50000
320747,250000
586229,50000
954159,50000
57087,400000
567150,300000
35029,25000
19119,100000
189715,800000
707201,50000
39373,50000
289165,900000
635802,200000
1072898,200000
2953,1500000
36732,200000
743495,250000
655488,55000000
238722,700000
463795,25000
164470,150000
40822,250000
532905,1000000
258371,50000
859951,2200000
189744,2500000
796298,700000
292499,50000
224098,200000
189186,450000
238367,200000
457728,1000000
7612,1000000
234237,300000
537601,6620000
646738,4500000
89631,250000
293388,1200000
174285,200000
704714,100000
130149,350000
332889,9000000
16595,2000000
3220,700000
717465,1000000
38824,300000
714779,100000
98968,325000
279455,17000000
213452,150000
81743,300000
932259,600000
59483,100000
247766,100000
668276,2000000
882995,585000
397676,1800000
267101,200000
30617,200000
39717,150000
192897,100000
66736,1800000
634431,16000000
119033,300000
7041,300000
55839,1000000
384280,700000
127693,150000
8245,250000
183137,50000
168376,10000
461653,75000
282819,100000
425567,4000000
459463,18000000
138084,100000
483335,25000
481121,100000
46110,250000
426120,100000
7194,500000
787154,200000
427668,100000
99615,250000
203178,200000
22542,100000
404821,10440000
702830,150000
530965,75000
129483,100000
47781,150000
31041,250000
636756,250000
1033963,3000000
252864,50000
351072,200000
341649,400000
61380,750000
58950,50000
229804,4000000
88348,600000
413118,6000000
282734,700000
935640,150000
340745,700000
73120,250000
194177,75000
351388,200000
421424,300000
48764,150000
671203,150000
276507,100000
288502,50000
78569,100000
672830,800000
386455,6000000
751084,75000
315165,50000
344072,2500000
105625,25000
66099,200000
193098,11000000
855256,20000000
862568,300000
330684,3000000
193830,6000000
581445,150000
25318,50000
30332,75000
547314,1750000
15404,200000
374016,50000
383294,350000
527838,600000
368373,10000
142027,500000
357066,25000
91286,100000
194841,150000
133858,400000
463760,800000
66784,150000
284020,400000
456467,1000000
188889,4700000
72484,100000
341049,14000000
306131,250000
376228,500000
6320,500000
602486,100000
396524,25000
122995,150000
86926,900000
39518,400000
627207,18000000
503750,150000
971570,40000000
345225,400000
62831,10000
137616,2700000
81460,150000
610881,150000
51877,50000
400532,650000
348736,75000
199204,100000
180805,1300000
554397,75000
51224,425000
622722,2500000
530414,650000
258835,4500000
946025,250000
106210,100000
683828,500000
235771,25000
479944,11075000
35513,50000
395626,50000
370435,200000
314886,250000
36911,50000
45542,150000
614085,125000
318928,50000
579089,5000000
635298,100000
324321,2400000
243633,400000
264220,1800000
1025798,50000
402964,100000
632913,50000
634131,15000000
425784,150000
45139,350000
13749,50000
16533,100000
671548,200000
975860,75000
357770,1200000
1294049,200000
100507,300000
500102,200000
85904,450000
159142,200000
395677,500000
188911,1600000
503241,200000
99232,700000
243725,2300000
345593,150000
139278,350000
30391,500000
240955,75000
15673,100000
771914,700000
132144,100000
623615,75000
63448,100000
769063,5000000
327542,225000
821535,300000
651263,25000
75921,600000
272631,1200000
2865,800000
346482,900000
85941,9000000
401578,40000000
147037,300000
469797,25000
244252,175000
357147,35000000
33315,150000
70229,200000
203958,125000
392763,900000
532858,2000000
57449,1000000
1014342,100000
8323,100000
16535,100000
1038821,100000
631927,4000000
818240,300000
331362,2000000
85896,50000
182216,150000
788995,200000
456938,300000
663519,200000
119476,125000
812902,500000
52397,75000
206563,250000
282362,75000
85953,200000
494880,6000000
476701,50000000
610878,200000
641458,4000000
928352,250000
25411,600000
566571,1200000
194433,650000
447995,4500000
451858,550000
251098,100000
7043,50000
397228,25000
1021882,120000
581598,600000
19138,500000
607223,35000000
623306,25000
22609,250000
125829,50000
79285,125000
109751,1000000
631278,250000
281804,75000
504245,1300000
22459,150000
27193,50000
657817,400000
613495,50000
548185,50000
502074,600000
564532,250000
621223,75000
419930,600000
203851,100000
42624,25000
107368,100000
612758,600000
418703,50000
470618,1500000
487466,1200000
829874,700000
9619,1000000
103327,10000
1039750,50000
2623,750000
99007,100000
138789,200000
149516,550000
178987,50000
342100,375000
54534,800000
699171,200000
1045187,1000000
378520,300000
311287,1500000
465279,75000
6791,400000
361078,225000
1054649,480000
24043,100000
193078,225000
578421,800000
190338,500000
499604,175000
344525,150000
270027,550000
147038,1000000
17592,50000
287903,50000
748807,3000000
1112664,100000
342971,100000
547553,100000
111811,350000
24049,300000
76329,50000
840640,250000
282388,8000000
862204,200000
632499,50000
632497,150000
1381,300000
75422,300000
243589,1200000
30471,400000
247300,325000
197126,1000000
276914,1200000
176556,100000
185691,200000
214240,100000
242288,470000
94931,500000
91450,175000
1000674,8000000
598917,50000
373027,50000
206054,50000
186380,1500000
181168,50000
157206,250000
392771,12000000
43266,75000
289236,800000
553469,22000000
247007,150000
235755,700000
287790,125000
867545,50000
471582,5000000
251846,450000
629511,200000
177031,400000
954125,437000
392241,200000
27300,200000
539249,1555000
474662,7000000
52111,600000
570819,50000
123286,550000
431755,60000000
55546,25000
94094,25000
673344,150000
1047613,50000
342702,4000000
684348,2500000
588627,50000
834899,2500000
200248,400000
710886,5000000
123136,200000
60324,150000
175996,2000000
3851,100000
704423,100000
45622,300000
22898,100000
623232,100000
251484,50000
358646,700000
21905,300000
520785,490000
540333,6000000
101742,500000
197210,300000
463738,750000
62524,100000
1240984,100000
206701,100000
83132,300000
24633,750000
57295,150000
244040,300000
24977,400000
581672,13000000
354017,150000
712099,3000000
163675,150000
237456,325000
67063,5000000
890385,2000000
402581,250000
623072,800000
285424,2350000
170767,1000000
628331,17000000
279570,5000000
242652,125000
188436,600000
867700,500000
290273,2000000
232093,600000
181486,100000
98113,75000
569390,3500000
840101,750000
1061283,1000000
19085,2000000
208905,100000
444208,2200000
630015,600000
28023,400000
502302,5000000
2148,400000
127194,250000
182575,125000
591197,300000
127217,50000
391742,2000000
633434,150000
159375,200000
434718,125000
387687,5000000
139955,200000
557407,12000000
577260,1800000
48521,100000
6915,200000
568532,5975000
226138,1000000
212430,400000
1047608,65000
992686,100000
183282,325000
93160,100000
565684,210000
601526,50000
238977,900000
75640,250000
38206,200000
34773,50000
16716,100000
285946,100000
62688,200000
58532,50000
38536,100000
42717,200000
69412,150000
182813,300000
468035,300000
110902,150000
398014,50000
60588,1000000
387017,10000
184444,175000
282615,450000
177267,100000
166086,1500000
158700,400000
153067,100000
73269,100000
140715,350000
139396,8000000
197473,2000000
75458,1500000
667526,250000
129646,200000
32929,250000
332326,450000
350894,200000
49098,200000
166601,8000000
708775,50000
39908,200000
63846,900000
206553,250000
533632,800000
528888,600000
164735,100000
670843,3860000
742506,1000000
646739,300000
64360,250000
287717,600000
103952,350000
733581,200000
656441,3000000
148153,8000000
698259,6000000
693201,75000
419062,250000
117802,50000
1004295,1195000
167794,350000
718765,150000
782630,4000000
336008,100000
91312,100000
564890,2000000
203503,200000
528386,350000
22931,500000
7449,100000
168156,500000
41507,300000
131709,100000
517294,2430000
49474,400000
119277,3000000
737138,100000
375656,215000
124002,250000
291033,100000
119564,100000
124670,75000
491541,125000
22838,100000
234183,125000
14937,500000
45357,75000
650204,150000
59074,25000
291422,350000
225716,250000
42072,500000
15790,50000
403834,125000
73627,25000
396530,600000
419427,150000
774533,50000
274848,250000
358956,150000
922764,250000
600041,3000000
126528,200000
90024,250000
410859,100000
1020649,500000
122538,100000
40022,50000
77383,150000
331074,50000
837093,150000
836737,50000
105811,150000
144752,200000
37713,50000
572925,560000
816930,225000
547528,500000
71082,250000
316596,200000
465858,1000000
285866,125000
134414,1000000
480457,325000
935230,1000000
244165,350000
266941,700000
540659,300000
357158,2400000
374077,500000
561260,100000
431190,1500000
69905,150000
126634,100000
402043,50000
2150,500000
135617,4500000
218084,100000
1141252,1180000
367469,50000
568149,150000
43310,100000
533158,2500000
295040,1140000
56976,1000000
57466,200000
400671,200000
45026,1000000
569288,150000
100189,75000
171068,300000
331401,4000000
100986,2000000
362844,1500000
477800,4565000
337284,2000000
46180,100000
503981,35000000
192409,3000000
33781,200000
344310,150000
736014,50000
496873,550000
562287,125000
315235,150000
84405,350000
400644,550000
131098,400000
25780,800000
807687,100000
429563,1300000
576994,50000
126656,300000
146509,1200000
378947,50000
56684,150000
376211,5000000
99495,200000
556567,125000
539151,25000
96806,250000
817778,227000
159265,75000
343492,1200000
111058,1500000
583790,250000
564530,250000
117679,100000
171133,25000
496706,7000000
986866,150000
66058,225000
352653,25000
38681,200000
685219,350000
399782,25000
35607,100000
225055,3000000
73912,600000
1190411,10000000
229604,8000000
61841,1000000
267016,50000
101118,600000
62941,50000
54984,500000
737740,50000
449585,75000
386057,2000000
40795,500000
55338,300000
241501,3500000
902862,250000
481692,250000
594035,100000
279467,100000
333271,50000
1017271,305000
357338,400000
697277,2200000
973085,35000000
549954,100000
809716,450000
835794,300000
18702,250000
152241,300000
38646,10000
81056,175000
52390,125000
124909,50000
885228,200000
834752,6000000
137930,200000
502073,350000
513972,100000
293194,6000000
168678,700000
382533,175000
278513,915000
4607,400000
214346,3000000
582131,500000
57808,125000
5245,50000
44373,1500000
29280,250000
226410,400000
270019,200000
1896,50000
687463,250000
37834,400000
875328,5000000
158530,50000
477306,200000
148355,2000000
9643,150000
52469,700000
68983,250000
78254,50000
668268,7000000
72458,500000
478357,700000
733434,100000
85783,75000
263553,300000
543822,800000
32711,1000000
651204,175000
344969,500000
667517,8000000
814438,200000
230058,100000
7575,500000
94318,100000
109305,250000
140686,100000
330574,100000
226230,150000
512356,200000
153579,50000
669633,75000
692737,7000000
336563,75000
238993,2000000
1003716,25000
13946,200000
1113068,100000
187961,200000
27488,100000
59913,50000
555820,6000000
628923,300000
527881,475000
73185,500000
365258,150000
99362,150000
272812,3000000
624698,100000
331017,500000
580715,900000
483495,1600000
199258,1400000
338422,125000
6871,50000
646740,70000000
19958,10000
213854,800000
1118450,50000
227239,2000000
180834,125000
336003,50000
51938,50000
626907,250000
7930,150000
47533,125000
482802,1000000
503883,7500000
226977,50000
937713,500000
55709,325000
485546,250000
59933,300000
387321,150000
242242,25000
567309,400000
933217,2000000
290384,450000
562387,2000000
809880,1000000
405685,250000
497222,100000
247661,700000
383211,50000
1074917,400000
92670,25000
1214946,100000
65243,100000
335841,150000
222830,1200000
625144,150000
104607,75000
40433,2000000
422851,50000
610789,150000
28490,150000
227015,600000
347185,100000
205902,250000
369706,400000
822900,50000
344393,175000
45673,200000
45760,250000
1397,1000000
230212,400000
885445,4000000
214654,200000
16252,100000
50570,2000000
295955,1100000
23307,25000
287690,250000
355370,500000
60916,100000
9410,100000
432112,6000000
122251,125000
445939,75000000
537956,125000
363541,150000
88614,100000
529595,150000
1177449,775000
378293,20000000
57693,50000
591194,50000
9796,800000
1095318,100000
83458,300000
917392,640000
355752,200000
32213,250000
717891,360000
942940,250000
57172,250000
173674,150000
32611,25000
45228,100000
425894,150000
354317,125000
13157,200000
202840,150000
168530,900000
631007,4500000
505655,800000
705242,25000
538963,450000
98334,200000
432400,700000
629940,175000
28022,100000
807170,150000
31952,50000
13047,350000
114937,9000000
348088,50000
44716,3000000
86054,675000
357540,50000
742073,500000
858712,2500000
284510,125000
62415,800000
938678,800000
138741,400000
502247,2000000
103440,75000
190185,100000
67548,700000
239599,125000
527467,400000
552534,175000
947439,25000
260828,150000
874119,125000
10885,150000
337082,600000
1026007,250000
143863,250000
44122,325000
121483,25000000
22440,100000
258216,1200000
332527,800000
504051,3760000
112953,250000
814820,250000
307807,500000
187103,700000
391686,50000
865414,1000000
604777,1500000
246309,400000
338068,100000
1041316,900000
126341,225000
176961,100000
430489,250000
182875,3500000
549034,800000
655678,450000
12386,400000
481171,1100000
311075,150000
139655,50000
333386,100000
711247,300000
45254,800000
292357,300000
278343,8000000
274984,350000
60602,200000
684159,2000000
405042,3350000
798026,50000
7949,350000
170712,25000
671799,1800000
95680,75000
412758,800000
236510,800000
6710,1000000
825199,4000000
354463,100000
51726,100000
77740,250000
129212,300000
59168,50000
249815,500000
181061,25000
668996,400000
541019,100000
62920,1000000
82364,250000
294340,50000
193859,1000000
7215,25000
294853,15000000
485578,10000
421636,600000
229796,200000
365259,100000
93594,75000
134422,75000
396768,25000
190924,50000
510325,50000
210983,100000
542415,400000
410363,50000
7901,50000
168951,25000
257536,75000
659513,9000000
149532,400000
59045,100000
433982,25000
1070508,75000
356471,175000
578631,3410000
466811,700000
54757,175000
25921,25000
111961,2500000
814306,350000
349917,75000
69441,250000
667980,450000
796429,1500000
127770,25000
197622,900000
586982,150000
131967,400000
59551,500000
81959,250000
97562,150000
556568,9175000
538994,5000000
73250,1000000
13087,300000
533083,220000
45599,300000
895302,3020000
473695,500000
539832,75000
284983,100000
372362,100000
290716,150000
239667,25000
939615,290000
344916,50000
192492,1200000
727101,75000
321558,100000
817676,500000
456535,1500000
211117,100000
5438,150000
416432,50000
454863,5000000
126692,600000
51166,225000
12673,225000
477936,50000
699704,25000000
685807,300000
699957,1035000
694928,25000000
5357,600000
182909,125000
456530,75000
698082,25000
225166,100000
652537,4500000
213028,200000
54245,1500000
569368,800000
834468,250000
455425,175000
30671,200000
397833,50000
246616,710000
392678,100000
422850,6500000
111630,1500000
364257,1800000
331984,300000
413942,1200000
444971,25000
37677,450000
257135,200000
552628,700000
528522,150000
394352,750000
140205,175000
198045,300000
34375,200000
69395,25000
288371,200000
40023,100000
226093,750000
1230202,50000
590839,50000
624340,1200000
73504,275000
623640,250000
3059,100000
844357,1690000
263027,450000
422377,5000000
894585,50000
10329,100000
112930,1600000
244937,100000
323010,350000
332179,9000000
454386,4500000
56543,50000
924598,50000
254063,125000
72462,250000
58928,75000
151189,200000
170555,300000
666539,2000000
796913,500000
161484,650000
58749,100000
16828,100000
288858,700000
203173,300000
694355,150000
685589,150000
256698,175000
332929,75000
147034,600000
258026,100000
450837,300000
124885,300000
45187,250000
530253,50000
1002057,50000
199800,25000
25175,150000
685487,75000
300716,10000000
165793,15000000
275423,450000
63285,850000
354640,250000
816471,75000
315437,75000
51452,700000
567022,25000
168125,25000
15039,200000
386196,300000
855615,350000
125561,100000
1112106,25000
7025,100000
277145,100000
841149,50000
716163,300000
234135,100000
14192,300000
74600,1200000
231770,75000
491292,225000
906152,2410000
345758,25000
33868,100000
377468,18000000
255639,100000
215551,400000
66953,75000
199758,75000
452238,700000
21191,100000
27292,175000
524572,400000
58175,75000
174792,25000
720162,3500000
535490,125000
270905,1800000
540063,50000
170627,75000
149551,325000
974894,1000000
418543,10000000
717390,300000
366194,250000
241687,175000
391720,1000000
1226502,250000
289065,300000
686965,9000000
274737,250000
341264,15000000
72491,150000
294807,450000
59277,100000
20859,300000
333859,500000
121269,150000
160510,125000
5636,500000
60933,300000
457528,500000
652459,200000
62785,150000
266359,18000000
307300,450000
149249,250000
33448,25000
231221,200000
594039,350000
218233,350000
353609,200000
22802,125000
308279,10000000
138935,1200000
285920,25000
13959,100000
623173,200000
57631,50000
360102,150000
140082,700000
969154,100000
57079,350000
601856,300000
35208,500000
41914,100000
166737,1000000
412945,3000000
623073,75000
56379,75000
107544,250000
267388,75000
105092,150000
380026,75000
104509,300000
490309,1500000
628769,200000
539248,1555000
422203,2300000
78047,300000
321600,75000
45328,50000
205940,1700000
36772,200000
225393,450000
341516,800000
888517,250000
1063540,2670000
69101,25000
181376,250000
111043,400000
273548,50000
8487,25000
558720,150000
224001,150000
244911,200000
275685,175000
636700,75000
29559,800000
315753,550000
226070,850000
230210,200000
59411,100000
114831,225000
481676,800000
14124,650000
59446,100000
240578,1000000
217169,50000
4158,100000
256669,300000
618416,200000
212847,12000000
262226,15000000
48510,75000
480987,6000000
492316,300000
255682,150000
1033394,150000
1030739,900000
481117,2300000
61832,500000
345842,250000
50104,250000
498899,350000
349796,225000
238654,900000
471797,75000
152651,550000
916014,150000
974561,8620000
127236,150000
517402,350000
456877,400000
77038,25000
724520,12000000
439465,1500000
453870,7500000
40614,300000
214113,100000
204659,800000
28891,50000
890817,200000
229005,9000000
632085,25000
539730,1440000
172623,400000
153628,550000
395579,125000
12703,375000
274771,50000
19385,200000
342966,175000
282631,350000
566930,450000
614898,1000000
825834,390000
44281,150000
448869,150000
114365,600000
697401,400000
92042,75000
495845,175000
322811,300000
65992,350000
242644,200000
141344,175000
827734,20000000
121985,1500000
237125,500000
51972,200000
35455,100000
168959,1500000
256942,700000
487474,36000000
181378,6000000
329813,800000
131163,300000
45341,10000
239949,1500000
131735,100000
85906,1500000
805056,1000000
59129,100000
240077,75000
756591,250000
312799,125000
87645,25000
210146,650000
51542,250000
340384,50000
196860,350000
283863,150000
646734,200000
353934,25000
140778,100000
346853,15000000
632631,50000
889613,1300000
390117,350000
495601,6000000
119332,275000
256705,100000
668278,100000
192585,250000
244940,5000000
620319,200000
711231,7275000
715635,50000
830079,250000
393018,150000
408958,3000000
251447,200000
227356,150000
666234,35000000
328609,5000000
202245,25000
931172,50000
732507,1800000
564972,300000
42284,400000
372710,150000
69633,6000000
493607,2150000
615033,1500000
622918,75000
157539,3000000
566615,2800000
454149,150000
315751,250000
171408,400000
184948,250000
944427,50000
648046,32000000
538957,50000
340867,2000000
297202,100000
470166,175000
121406,75000
401046,125000
348769,450000
363779,250000
284486,100000
503977,25000000
548270,1500000
258478,200000
37912,150000
296356,2000000
9218,250000
8184,200000
1050215,1700000
153207,300000
537571,25000
257786,50000
29622,150000
95649,350000
22489,100000
337165,75000
101823,150000
56418,150000
58000,100000
25721,400000
69838,700000
85164,900000
72855,75000
655456,2500000
293721,150000
605225,100000
34730,25000
518505,20000000
340214,50000
156939,250000
345747,200000
1111820,300000
297031,125000
245334,100000
368629,500000
81497,250000
272774,50000
262731,150000
252780,50000
235948,10000
442784,300000
393493,100000
522954,300000
129363,350000
1074628,1620000
873532,50000
404386,300000
211845,400000
361122,250000
143045,3000000
165975,600000
33535,50000
